University,Company,TotalScore,FreqScore,RecencyScore,DepthScore,IPCScore,DivScore,CitationCount,UniquePatents,LatestDate,MinDepth
(유)에스와이,(유)에스와이; 한국건설기술연구원,45.54,31.2,47.24,100.0,12.5,25,1,1,,1
(의료)길의료재단; 가천대학교,로엔서지컬; 한국과학기술원,64.89,93.6,47.24,100.0,16.67,25,3,1,,1
(의료)길의료재단; 가천대학교,한국생명공학연구원; 바이오텐,58.65,62.4,47.24,100.0,37.5,25,2,1,,1
(의료)길의료재단; 가천대학교,한국과학기술원,54.9,62.4,47.24,100.0,12.5,25,2,1,,1
(의료)길의료재단; 가천대학교,한국과학기술연구원,45.43,31.2,47.24,100.0,11.76,25,1,1,,1
(재)한국건설생활환경시험연구원; 서울대학교,한국과학기술원,47.95,31.2,47.24,100.0,28.57,25,1,1,,1
(주) 글루시스; 세종대학교,안랩; 한국서부발전; 한국전자통신연구원,43.67,31.2,47.24,100.0,0.0,25,1,1,,1
(주) 나노기술; 신라대학교,한국과학기술연구원,64.31,100.0,47.24,100.0,0.0,25,4,1,,1
(주) 미디어인터랙티브; 서울대학교,한국화학연구원,53.03,62.4,47.24,100.0,0.0,25,2,1,,1
(주) 비앤디; 영남대학교,한국전자통신연구원,44.92,31.2,47.24,100.0,8.33,25,1,1,,1
(주) 서한케어; 한국공학대학교,한국과학기술원,54.1,62.4,47.24,100.0,7.14,25,2,1,,1
(주) 시온텍; 국립금오공과대학교,한국화학연구원,45.81,31.2,47.24,100.0,14.29,25,1,1,,1
(주) 시온텍; 서울대학교,테크로스; 한국과학기술연구원,66.14,93.6,47.24,100.0,25.0,25,3,1,,1
(주) 시온텍; 서울대학교,한국과학기술연구원,48.67,31.2,47.24,100.0,33.33,25,1,1,,1
(주) 쓰리샤인,한국화학연구원,69.89,93.6,47.24,100.0,50.0,25,3,1,,1
(주) 쓰리샤인,한국생명공학연구원;제이에스바이오,57.31,62.4,47.24,100.0,28.57,25,2,1,,1
(주) 액트,한국원자력연구원,67.52,100.0,47.24,100.0,4.76,50,9,2,,1
(주) 액트,광주과학기술원,45.81,31.2,47.24,100.0,14.29,25,1,1,,1
(주) 에이에이치씨 시스템창,한국건설기술연구원;비룡씨에이치씨,66.14,93.6,47.24,100.0,25.0,25,3,1,,1
(주) 에이콘컴퍼니; 한양대학교,한국전자통신연구원,53.03,62.4,47.24,100.0,0.0,25,2,1,,1
(주) 엠큐브테크놀로지,재단법인대구경북과학기술원,46.48,31.2,47.24,100.0,18.75,25,1,1,,1
(주) 와이디생명과학; 서울대학교,한국생명공학연구원;엘지생활건강,65.12,93.6,47.24,100.0,18.18,25,3,1,,1
(주) 이즈테크놀로지; 국민대학교,한국전자통신연구원,44.82,31.2,47.24,100.0,7.69,25,1,1,,1
(주) 제일그린산업; 경상국립대학교,한국생명공학연구원,52.67,31.2,47.24,100.0,60.0,25,1,1,,1
(주) 지이오플랜트,한국과학기술연구원; 한국건설기술연구원,64.06,93.6,47.24,100.0,11.11,25,3,1,,1
(주) 지이오플랜트,한국기계연구원,46.4,31.2,47.24,100.0,18.18,25,1,1,,1
(주) 피토; 한국기술교육대학교,한국기계연구원,44.82,31.2,47.24,100.0,7.69,25,1,1,,1
(주) 한국유화; 국립부경대학교,한국기계연구원,43.67,31.2,47.24,100.0,0.0,25,1,1,,1
(주) 한길아이티; 경희대학교,한국과학기술원; 한국수력원자력,53.03,62.4,47.24,100.0,0.0,25,2,1,,1
(주) 휴마스; 국립한국교통대학교,한국과학기술원,45.54,31.2,47.24,100.0,12.5,25,1,1,,1
(주) 희림종합건축사사무소; 성균관대학교,한국과학기술원,47.76,31.2,47.24,100.0,27.27,25,1,1,,1
(주)경동엔지니어링,한국에너지기술연구원,53.03,62.4,47.24,100.0,0.0,25,2,1,,1
(주)경동엔지니어링,한국해양과학기술원,43.67,31.2,47.24,100.0,0.0,25,1,1,,1
(주)골든엔지니어링,한국건설기술연구원,58.65,62.4,47.24,100.0,37.5,25,2,1,,1
(주)굿게이트; (주)미디어그룹 사람과숲; 동신대학교,한국과학기술연구원,68.82,93.6,47.24,100.0,42.86,25,3,1,,1
(주)그린바이오; 가천대학교,한국식품연구원,49.92,31.2,47.24,100.0,41.67,25,1,1,,1
(주)금성보안; 가천대학교,한국건설기술연구원,64.89,93.6,47.24,100.0,16.67,25,3,1,,1
(주)나노인사이드; 경희대학교,광주과학기술원,44.92,31.2,47.24,100.0,8.33,25,1,1,,1
(주)네오플랜트; 전북대학교,한국에너지기술연구원,52.67,31.2,47.24,100.0,60.0,25,1,1,,1
(주)농예가; 충남대학교,한국화학연구원;대승바이오팜,66.89,93.6,47.24,100.0,30.0,25,3,1,,1
(주)농예가; 충남대학교,한국화학연구원,57.53,62.4,47.24,100.0,30.0,25,2,1,,1
(주)다미화학,다미화학; 한국생명공학연구원,72.39,93.6,47.24,100.0,66.67,25,3,1,,1
(주)다손; 경기대학교,한국식품연구원,45.54,31.2,47.24,100.0,12.5,25,1,1,,1
(주)대영오앤이,한국과학기술원,66.81,100.0,47.24,100.0,0.0,50,8,2,,1
(주)대우건설,한국건설기술연구원,66.31,100.0,47.24,100.0,13.33,25,6,1,,1
(주)대우건설,디엘; 한국건설기술연구원;에코니티,64.53,93.6,47.24,100.0,14.29,25,3,1,,1
(주)대우건설,옴니벤트; 한국건설기술연구원,63.33,93.6,47.24,100.0,6.25,25,3,1,,1
(주)대우건설; 성균관대학교,한국건설기술연구원,53.03,62.4,47.24,100.0,0.0,25,2,1,,1
(주)대우건설; 주식회사 코센; 성균관대학교,한국과학기술원,63.54,93.6,47.24,100.0,7.69,25,3,1,,1
(주)대우건설; 주식회사 코센; 성균관대학교,한국건설기술연구원,43.67,31.2,47.24,100.0,0.0,25,1,1,,1
(주)대우건설; 한경국립대학교,한국에너지기술연구원,53.91,62.4,47.24,100.0,5.88,25,2,1,,1
(주)대한하이텍건설; 서울과학기술대학교,한국건설기술연구원,47.42,31.2,47.24,100.0,25.0,25,1,1,,1
(주)도원엔지니어링건축사사무소,한국건설기술연구원,70.14,100.0,47.24,100.0,5.56,75,4,3,,1
(주)동명기술공단종합건축사사무소,한국건설기술연구원;젠텍엔지니어링,52.67,31.2,47.24,100.0,60.0,25,1,1,,1
(주)동호엔지니어링; 광운대학교,한국건설기술연구원,43.67,31.2,47.24,100.0,0.0,25,1,1,,1
(주)디엑스지,한국기계연구원,56.03,62.4,47.24,100.0,20.0,25,2,1,,1
(주)로보케어; 대구대학교,우리소프트; 재단법인대구경북과학기술원,53.03,62.4,47.24,100.0,0.0,25,2,1,,1
(주)마이크로디지탈; 한국공학대학교,한국건설기술연구원,47.0,31.2,47.24,100.0,22.22,25,1,1,,1
(주)마이크로디지탈; 한국공학대학교,한국표준과학연구원,43.67,31.2,47.24,100.0,0.0,25,1,1,,1
(주)맨엔텔; 국립경국대학교,울산과학기술원,45.54,31.2,47.24,100.0,12.5,25,1,1,,1
(주)미래컴퍼니; 고려대학교,울산과학기술원,56.78,62.4,47.24,100.0,25.0,25,2,1,,1
(주)바텍이우홀딩스,바텍; 한국과학기술원;바텍이우홀딩스,64.53,93.6,47.24,100.0,14.29,25,3,1,,1
(주)바텍이우홀딩스,한국과학기술원,53.03,62.4,47.24,100.0,0.0,25,2,1,,1
(주)바텍이우홀딩스,한국전기연구원,45.81,31.2,47.24,100.0,14.29,25,1,1,,1
(주)백년기술; 한국외국어대학교 연구,울산과학기술원,65.67,100.0,47.24,100.0,9.09,25,8,1,,1
(주)범우이앤알; 국립공주대학교,한국지질자원연구원,65.14,100.0,47.24,100.0,5.56,25,6,1,,1
(주)범창종합기술; 동아대학교,한국기계연구원,67.31,100.0,47.24,100.0,20.0,25,4,1,,1
(주)브이아이소프트,한국과학기술원;브이아이소프트,71.81,100.0,47.24,100.0,33.33,50,4,2,,1
(주)브이아이소프트,브이아이소프트; 한국과학기술원,56.03,62.4,47.24,100.0,20.0,25,2,1,,1
(주)브이아이소프트,한국과학기술원,50.34,31.2,47.24,100.0,44.44,25,1,1,,1
(주)브이아이소프트; 한국정보통신대학교,한국과학기술원,57.31,62.4,47.24,100.0,28.57,25,2,1,,1
(주)블라인드팩토리,한국건설기술연구원;블라인드팩토리,66.67,93.6,47.24,100.0,28.57,25,3,1,,1
(주)비락지엔비; 중원대학교,한국식품연구원,46.4,31.2,47.24,100.0,18.18,25,1,1,,1
(주)삼선씨에스에이,삼선씨에스에이; 한국건설기술연구원,68.03,62.4,47.24,100.0,100.0,25,2,1,,1
(주)삼우아이엠씨,한국건설기술연구원,63.75,93.6,47.24,100.0,9.09,25,3,1,,1
(주)삼우아이엠씨,삼우아이엠씨; 한국건설기술연구원,54.7,62.4,47.24,100.0,11.11,25,2,1,,1
(주)새롬바이오; 고려대학교,한국표준과학연구원,59.7,62.4,47.24,100.0,44.44,25,2,1,,1
(주)서돌전자통신; 한국교통연구원; 국립한국교통대학교,한국건설기술연구원,53.63,62.4,47.24,100.0,4.0,25,2,1,,1
(주)서현컨스텍,한국건설기술연구원,43.67,31.2,47.24,100.0,0.0,25,1,1,,1
(주)성환이앤씨; 국립부경대학교,한국건설기술연구원,65.46,100.0,47.24,100.0,7.69,25,8,1,,1
(주)세니츠코퍼레이션; 건국대학교,한국건설기술연구원; 한국기초과학지원연구원; 한국생산기술연구원; 한국화학연구원,64.89,93.6,47.24,100.0,16.67,25,3,1,,1
(주)세이프텍리서치,한국해양과학기술원,67.04,100.0,47.24,100.0,18.18,25,5,1,,1
(주)세이프텍리서치; 충남대학교,한국해양과학기술원,45.98,31.2,47.24,100.0,15.38,25,1,1,,1
(주)세화이에스,한국지질자원연구원,65.06,100.0,47.24,100.0,5.0,25,9,1,,1
(주)세화이에스,세화이에스; 한국지질자원연구원,45.54,31.2,47.24,100.0,12.5,25,1,1,,1
(주)셀트리온,한국과학기술원,43.67,31.2,47.24,100.0,0.0,25,1,1,,1
(주)솔라라이트; 동서대학교,한국전자통신연구원,45.54,31.2,47.24,100.0,12.5,25,1,1,,1
(주)수양켐텍; 중앙대학교,울산과학기술원,53.03,62.4,47.24,100.0,0.0,25,2,1,,1
(주)스마텍; 국립한밭대학교,한국기계연구원,57.12,62.4,47.24,100.0,27.27,25,2,1,,1
(주)씨엔원; 한양대학교 에리카,한국에너지기술연구원,54.28,62.4,47.24,100.0,8.33,25,2,1,,1
(주)씽크루트,한국과학기술원,43.67,31.2,47.24,100.0,0.0,25,1,1,,1
(주)씽크루트,한국기계연구원,43.67,31.2,47.24,100.0,0.0,25,1,1,,1
(주)아람솔루션; 전주대학교,한국과학기술원,55.53,62.4,47.24,100.0,16.67,25,2,1,,1
(주)아모레퍼시픽,한국과학기술원,55.4,62.4,47.24,100.0,15.79,25,2,1,,1
(주)아모레퍼시픽,한국전자통신연구원;테라리더,43.67,31.2,47.24,100.0,0.0,25,1,1,,1
(주)아모레퍼시픽; 동덕여자대학교,한국과학기술원,47.42,31.2,47.24,100.0,25.0,25,1,1,,1
(주)아모레퍼시픽; 성균관대학교,한국해양과학기술원,47.13,31.2,47.24,100.0,23.08,25,1,1,,1
(주)아모레퍼시픽; 조선대학교,코스맥스; 광주과학기술원,46.32,31.2,47.24,100.0,17.65,25,1,1,,1
(주)아스토; 한국기술교육대학교,한국과학기술연구원,67.39,93.6,47.24,100.0,33.33,25,3,1,,1
(주)아스토; 한국기술교육대학교,한국과학기술원,51.17,31.2,47.24,100.0,50.0,25,1,1,,1
(주)아스토; 한국기술교육대학교,한국기계연구원,48.67,31.2,47.24,100.0,33.33,25,1,1,,1
(주)알티에스에너지,한국전자통신연구원,48.67,31.2,47.24,100.0,33.33,25,1,1,,1
(주)에스엠인스트루먼트,한국해양과학기술원,43.67,31.2,47.24,100.0,0.0,25,1,1,,1
(주)에스엠테크,울산과학기술원,67.04,100.0,47.24,100.0,18.18,25,4,1,,1
(주)에스이피,한국에너지기술연구원,66.45,100.0,47.24,100.0,14.29,25,4,1,,1
(주)에이치시티; 연세대학교,한국기계연구원,53.03,62.4,47.24,100.0,0.0,25,2,1,,1
(주)에코베이스; 경기대학교,한국기계연구원,65.03,62.4,47.24,100.0,80.0,25,2,1,,1
(주)에코베이스; 경기대학교,재단법인대구경북과학기술원,53.03,62.4,47.24,100.0,0.0,25,2,1,,1
(주)에코비즈넷; 강원대학교,한국생명공학연구원,55.76,62.4,47.24,100.0,18.18,25,2,1,,1
(주)에코케미칼; 울산대학교,한국전자통신연구원,63.07,93.6,47.24,100.0,4.55,25,3,1,,1
(주)에코플럭스; 국립한밭대학교,울산과학기술원,62.39,93.6,47.24,100.0,0.0,25,3,1,,1
(주)엘라켐,한국표준과학연구원,54.28,62.4,47.24,100.0,8.33,25,2,1,,1
(주)엘켐텍; 부산대학교,테크로스; 한국과학기술연구원,63.74,62.4,47.24,100.0,71.43,25,2,1,,1
(주)오에치케이; 국립공주대학교,한국원자력연구원,55.68,62.4,47.24,100.0,17.65,25,2,1,,1
(주)오트로닉스; 서울대학교,한국지질자원연구원,54.28,62.4,47.24,100.0,8.33,25,2,1,,1
(주)오피아이; 단국대학교 천안캠퍼스,한국식품연구원,43.67,31.2,47.24,100.0,0.0,25,1,1,,1
(주)옵토레인; 국립금오공과대학교,울산과학기술원,57.31,62.4,47.24,100.0,28.57,25,2,1,,1
(주)와이파이브; 충남대학교,한국해양과학기술원,46.17,31.2,47.24,100.0,16.67,25,1,1,,1
(주)원우시스템즈; 광운대학교,한국에너지기술연구원,65.98,100.0,47.24,100.0,11.11,25,6,1,,1
(주)원우시스템즈; 광운대학교,한국기계연구원,55.17,62.4,47.24,100.0,14.29,25,2,1,,1
(주)웨이버스,도원엔지니어링건축사사무소; 한국과학기술원,62.39,93.6,47.24,100.0,0.0,25,3,1,,1
(주)유미테크,한국전자통신연구원,46.17,31.2,47.24,100.0,16.67,25,1,1,,1
(주)유비바다; 광주대학교,한국해양과학기술원,44.82,31.2,47.24,100.0,7.69,25,1,1,,1
(주)유비엔; 경상국립대학교,한국과학기술연구원,64.06,93.6,47.24,100.0,11.11,25,3,1,,1
(주)유인케어; 성결대학교,한국과학기술원,48.67,31.2,47.24,100.0,33.33,25,1,1,,1
(주)유진에코씨엘; 서울과학기술대학교,한국전기연구원,54.9,62.4,47.24,100.0,12.5,25,2,1,,1
(주)이노시뮬레이션; 서울대학교,한국과학기술원,43.67,31.2,47.24,100.0,0.0,25,1,1,,1
(주)이지정보기술; 제주대학교,한국전자통신연구원,50.49,31.2,47.24,100.0,45.45,25,1,1,,1
(주)이투지; 제주대학교,한국에너지기술연구원,62.39,93.6,47.24,100.0,0.0,25,3,1,,1
(주)제이씨 프로텍; 국립경국대학교,한국전기연구원,70.57,93.6,47.24,100.0,54.55,25,3,1,,1
(주)제이씨 프로텍; 국립경국대학교,한국과학기술원,53.78,62.4,47.24,100.0,5.0,25,2,1,,1
(주)제이씨 프로텍; 국립경국대학교,울산과학기술원,45.03,31.2,47.24,100.0,9.09,25,1,1,,1
(주)제이엔티아이엔씨; 국립강릉원주대학교,한국건설기술연구원,54.39,62.4,47.24,100.0,9.09,25,2,1,,1
(주)제이엘케이; 동국대학교,한국과학기술연구원,70.56,100.0,47.24,100.0,25.0,50,5,2,,1
(주)제이엘케이; 동국대학교,한국과학기술원,63.27,93.6,47.24,100.0,5.88,25,3,1,,1
(주)제이엘케이; 동국대학교,플라스바이오; 광주과학기술원,44.55,31.2,47.24,100.0,5.88,25,1,1,,1
(주)제이엘케이; 동국대학교,한국표준과학연구원; 한국전자통신연구원,43.67,31.2,47.24,100.0,0.0,25,1,1,,1
(주)제이티,한국건설기술연구원,53.03,62.4,47.24,100.0,0.0,25,2,1,,1
(주)제이티,한화비전; 한국과학기술원,53.03,62.4,47.24,100.0,0.0,25,2,1,,1
(주)제이피엠; 제주대학교,한국건설기술연구원,54.7,62.4,47.24,100.0,11.11,25,2,1,,1
(주)중외정보기술,한국전자통신연구원,55.34,62.4,47.24,100.0,15.38,25,2,1,,1
(주)지노믹트리; 충남대학교,한국생명공학연구원,48.67,31.2,47.24,100.0,33.33,25,1,1,,1
(주)지에스엠솔루션; 서울시립대학교,한국전자통신연구원,43.67,31.2,47.24,100.0,0.0,25,1,1,,1
(주)지에스이; 인하공업전문대학,한국전자통신연구원,65.2,93.6,47.24,100.0,18.75,25,3,1,,1
(주)지엠티; 닉 레몬; 국립한국해양대학교,한국해양과학기술원,64.15,93.6,47.24,100.0,11.76,25,3,1,,1
(주)지오시스템리서치; 한국외국어대학교 연구,한국해양과학기술원,55.53,62.4,47.24,100.0,16.67,25,2,1,,1
(주)지플러스생명과학; 서울대학교,기초과학연구원; 울산과학기술원,65.53,62.4,47.24,100.0,83.33,25,2,1,,1
(주)지플러스생명과학; 서울대학교,한국생명공학연구원,43.67,31.2,47.24,100.0,0.0,25,1,1,,1
(주)지피엔이,한국화학연구원;이엔에프테크놀로지,43.67,31.2,47.24,100.0,0.0,25,1,1,,1
(주)진우소프트이노베이션; 제주대학교,한국건설기술연구원,55.53,62.4,47.24,100.0,16.67,25,2,1,,1
(주)진우소프트이노베이션; 제주대학교,한국과학기술연구원,45.81,31.2,47.24,100.0,14.29,25,1,1,,1
(주)진우소프트이노베이션; 제주대학교,한국과학기술원,44.74,31.2,47.24,100.0,7.14,25,1,1,,1
(주)진우소프트이노베이션; 제주대학교,한국기계연구원,43.67,31.2,47.24,100.0,0.0,25,1,1,,1
(주)차바이오텍; 고려대학교,한국과학기술원,66.14,93.6,47.24,100.0,25.0,25,3,1,,1
(주)차바이오텍; 고려대학교,한국과학기술연구원,65.12,93.6,47.24,100.0,18.18,25,3,1,,1
(주)차바이오텍; 차의과학대학교,한국생명공학연구원,45.81,31.2,47.24,100.0,14.29,25,1,1,,1
(주)창성,한국과학기술연구원,70.31,100.0,47.24,100.0,23.33,50,12,2,,1
(주)창성,창성; 한국과학기술연구원,64.7,93.6,47.24,100.0,15.38,25,3,1,,1
(주)창성; 서울대학교,한국과학기술연구원,53.03,62.4,47.24,100.0,0.0,25,2,1,,1
(주)창성; 성균관대학교,한국과학기술원,47.76,31.2,47.24,100.0,27.27,25,1,1,,1
(주)창성; 연세대학교,한국기계연구원,53.03,62.4,47.24,100.0,0.0,25,2,1,,1
(주)창조바이오텍; 국립공주대학교,한국해양과학기술원,46.4,31.2,47.24,100.0,18.18,25,1,1,,1
(주)카이맥스; 세명대학교,한국원자력연구원,54.7,62.4,47.24,100.0,11.11,25,2,1,,1
(주)카이언바이오텍; 고려대학교,한국과학기술원; 카나비스메디칼,48.67,31.2,47.24,100.0,33.33,25,1,1,,1
(주)캠시스; 한양대학교,재단법인대구경북과학기술원,64.06,93.6,47.24,100.0,11.11,25,3,1,,1
(주)케이에프; 서울시립대학교,한국건설기술연구원,43.67,31.2,47.24,100.0,0.0,25,1,1,,1
(주)코어센스; 전주대학교,한국건설기술연구원,56.78,62.4,47.24,100.0,25.0,25,2,1,,1
(주)티에스이,한국과학기술원,71.09,100.0,47.24,100.0,28.57,50,6,2,,1
(주)티에스이,티에스이; 한국과학기술원,68.03,62.4,47.24,100.0,100.0,25,2,1,,1
(주)티엔젠; 세종대학교,한국전자통신연구원,44.74,31.2,47.24,100.0,7.14,25,1,1,,1
(주)티엘씨테크놀로지; 국립강릉원주대학교,한국건설기술연구원,46.17,31.2,47.24,100.0,16.67,25,1,1,,1
(주)티엘씨테크놀로지; 국립강릉원주대학교,한국원자력연구원,45.54,31.2,47.24,100.0,12.5,25,1,1,,1
(주)파워쿨; 영남대학교,한국원자력연구원,47.0,31.2,47.24,100.0,22.22,25,1,1,,1
(주)파워쿨; 영남대학교,한국전자통신연구원,43.67,31.2,47.24,100.0,0.0,25,1,1,,1
(주)파이버프로; 국립금오공과대학교,한국표준과학연구원,47.0,31.2,47.24,100.0,22.22,25,1,1,,1
(주)파이버프로; 국립금오공과대학교,한국전자통신연구원,44.67,31.2,47.24,100.0,6.67,25,1,1,,1
(주)펨토사이언스; 가천대학교,광주과학기술원,54.9,62.4,47.24,100.0,12.5,25,2,1,,1
(주)펨트론; 전북대학교,한국표준과학연구원,58.03,62.4,47.24,100.0,33.33,25,2,1,,1
(주)포스코엠텍,한국과학기술연구원,66.81,100.0,47.24,100.0,0.0,50,6,2,,1
(주)포위즈시스템; 영남대학교,한국과학기술원,56.03,62.4,47.24,100.0,20.0,25,2,1,,1
(주)플레넷아이엔티,플레넷아이엔티; 한국전기연구원,46.67,31.2,47.24,100.0,20.0,25,1,1,,1
(주)피디솔루션; 한국기술교육대학교,재단법인대구경북과학기술원,45.17,31.2,47.24,100.0,10.0,25,1,1,,1
(주)한국연안환경생태연구소,한국해양과학기술원,67.17,100.0,47.24,100.0,19.05,25,4,1,,1
(주)한국티이에스; 부산대학교,재단법인대구경북과학기술원,57.31,62.4,47.24,100.0,28.57,25,2,1,,1
(주)한국티이에스; 부산대학교,한국과학기술연구원; 재단법인 아산사회복지재단,47.95,31.2,47.24,100.0,28.57,25,1,1,,1
(주)해아림; 성균관대학교,한국식품연구원,54.7,62.4,47.24,100.0,11.11,25,2,1,,1
(주)해인씨앤에스; 전북대학교,재단법인대구경북과학기술원,69.89,93.6,47.24,100.0,50.0,25,3,1,,1
(주)후산,후산; 한국생명공학연구원,58.67,31.2,47.24,100.0,100.0,25,1,1,,1
(주)휴럼; 인하대학교,휴럼; 한국생명공학연구원,56.03,62.4,47.24,100.0,20.0,25,2,1,,1
㈜한국그리드포밍; 파이온일렉트릭 주식회사; 연세대학교,한국에너지기술연구원,67.39,93.6,47.24,100.0,33.33,25,3,1,,1
가부시끼가이샤 히다치 세이사꾸쇼,삼성전자; 한국과학기술원,77.39,93.6,47.24,100.0,100.0,25,3,1,,1
가부시키가이샤 가네카; 성균관대학교,한국과학기술연구원,70.83,93.6,47.24,100.0,56.25,25,3,1,,1
가부시키가이샤 가네카; 성균관대학교,한국과학기술원,67.23,93.6,47.24,100.0,15.62,50,3,2,,1
가부시키가이샤 가네카; 성균관대학교,한국전기연구원,55.76,62.4,47.24,100.0,18.18,25,2,1,,1
가부시키가이샤 가네카; 성균관대학교,한국화학연구원,54.53,62.4,47.24,100.0,10.0,25,2,1,,1
가부시키가이샤 가네카; 성균관대학교,한국기계연구원,51.17,31.2,47.24,100.0,50.0,25,1,1,,1
가야대학교,한국전자통신연구원; 로지포커스,46.17,31.2,47.24,100.0,16.67,25,1,1,,1
가천대학교,한국생명공학연구원,76.25,100.0,47.24,100.0,29.63,100,13,5,,1
가천대학교,재단법인대구경북과학기술원,75.81,100.0,47.24,100.0,26.67,100,16,10,,1
가천대학교,한국전기연구원,75.3,100.0,47.24,100.0,23.29,100,19,10,,1
가천대학교,한국과학기술연구원,74.86,100.0,47.24,100.0,20.34,100,20,14,,1
가천대학교,한국에너지기술연구원,74.81,100.0,47.24,100.0,20.0,100,28,8,,1
가천대학교,한국전자통신연구원,74.68,100.0,47.24,100.0,19.12,100,25,14,,1
가천대학교,울산과학기술원,74.47,100.0,47.24,100.0,17.72,100,16,9,,1
가천대학교,한국식품연구원,74.31,100.0,47.24,100.0,16.67,100,12,8,,1
가천대학교,광주과학기술원,74.19,100.0,47.24,100.0,15.85,100,12,8,,1
가천대학교,한국기계연구원,74.1,100.0,47.24,100.0,15.25,100,10,6,,1
가천대학교,한국과학기술원,74.03,100.0,47.24,100.0,14.84,100,41,23,,1
가천대학교,한국표준과학연구원,71.45,100.0,47.24,100.0,14.29,75,5,3,,1
가천대학교,한국화학연구원,71.09,100.0,47.24,100.0,28.57,50,4,2,,1
가천대학교,학교법인 일송학원,70.9,100.0,47.24,100.0,27.27,50,5,2,,1
가천대학교,한국건설기술연구원,70.49,100.0,47.24,100.0,7.89,75,7,3,,1
가천대학교,한국지질자원연구원,69.53,93.6,47.24,100.0,14.29,75,3,3,,1
가천대학교,한국과학기술연구원; 대정화금,56.78,62.4,47.24,100.0,25.0,25,2,1,,1
가천대학교,"한국기계연구원; 씨알에스큐브 아메리카, 인크.",48.67,31.2,47.24,100.0,33.33,25,1,1,,1
가천대학교,한국과학기술연구원; 재단법인한택식물원,48.28,31.2,47.24,100.0,30.77,25,1,1,,1
가천대학교,한국원자력연구원,48.17,31.2,47.24,100.0,30.0,25,1,1,,1
가천대학교,"한국표준과학연구원; 버지니아 테크 인터렉추얼 프라퍼티스, 인크.",47.2,31.2,47.24,100.0,23.53,25,1,1,,1
가천대학교,한국에너지기술연구원; 재단법인 파동에너지 극한제어 연구단; 한국기계연구원,46.67,31.2,47.24,100.0,20.0,25,1,1,,1
가천대학교,한국과학기술원;로엔서지컬,45.54,31.2,47.24,100.0,12.5,25,1,1,,1
가천대학교,한국전자통신연구원; 한국표준과학연구원,44.82,31.2,47.24,100.0,7.69,25,1,1,,1
가천대학교,한국과학기술원; (재)씨젠의료재단,44.35,31.2,47.24,100.0,4.55,25,1,1,,1
가천대학교,한국과학기술연구원; 한국남동발전,43.67,31.2,47.24,100.0,0.0,25,1,1,,1
가천의과학대학교,한국과학기술원,74.12,100.0,47.24,100.0,15.38,100,8,4,,1
가천의과학대학교,한국과학기술연구원,67.14,93.6,47.24,100.0,15.0,50,3,2,,1
가천의과학대학교,한국지질자원연구원,63.75,93.6,47.24,100.0,9.09,25,3,1,,1
가천의과학대학교,한국해양과학기술원,59.46,62.4,47.24,100.0,42.86,25,2,1,,1
가천의과학대학교,광주과학기술원,46.67,31.2,47.24,100.0,20.0,25,1,1,,1
가천의과학대학교,한국기계연구원,43.67,31.2,47.24,100.0,0.0,25,1,1,,1
가톨릭관동대학교,한국과학기술연구원,75.56,100.0,47.24,100.0,25.0,100,11,5,,1
가톨릭관동대학교,재단법인대구경북과학기술원,74.62,100.0,47.24,100.0,18.75,100,10,4,,1
가톨릭관동대학교,한국지질자원연구원,71.71,100.0,47.24,100.0,16.0,75,4,3,,1
가톨릭관동대학교,한국기계연구원,70.14,100.0,47.24,100.0,22.22,50,7,2,,1
가톨릭관동대학교,한국전자통신연구원,69.59,100.0,47.24,100.0,18.52,50,4,2,,1
가톨릭관동대학교,한국화학연구원,68.48,100.0,47.24,100.0,11.11,50,4,2,,1
가톨릭관동대학교,엘에스과학기술원,68.39,93.6,47.24,100.0,40.0,25,3,1,,1
가톨릭관동대학교,한국건설기술연구원,68.39,100.0,47.24,100.0,10.53,50,4,2,,1
가톨릭관동대학교,한국해양과학기술원,66.32,93.6,47.24,100.0,9.52,50,3,2,,1
가톨릭관동대학교,한국생명공학연구원,59.7,62.4,47.24,100.0,44.44,25,2,1,,1
가톨릭관동대학교,울산과학기술원,58.48,62.4,47.24,100.0,36.36,25,2,1,,1
가톨릭관동대학교,한국전기연구원,57.9,62.4,47.24,100.0,15.79,50,2,2,,1
가톨릭관동대학교,한국원자력연구원,55.53,62.4,47.24,100.0,0.0,50,2,2,,1
가톨릭관동대학교,한국식품연구원,54.79,62.4,47.24,100.0,11.76,25,2,1,,1
가톨릭관동대학교,광주과학기술원,46.17,31.2,47.24,100.0,16.67,25,1,1,,1
가톨릭관동대학교,재단법인대구경북과학기술원; 재단법인 대구경북첨단의료산업진흥재단,44.92,31.2,47.24,100.0,8.33,25,1,1,,1
가톨릭관동대학교,위아비; 한국건설기술연구원,44.38,31.2,47.24,100.0,4.76,25,1,1,,1
가톨릭관동대학교,한국전자통신연구원;한컴위드,43.67,31.2,47.24,100.0,0.0,25,1,1,,1
가톨릭대학교,한국과학기술원,75.07,100.0,47.24,100.0,21.77,100,34,20,,1
가톨릭대학교,한국생명공학연구원,75.01,100.0,47.24,100.0,21.33,100,15,8,,1
가톨릭대학교,한국과학기술연구원,74.81,100.0,47.24,100.0,20.0,100,21,17,,1
가톨릭대학교,한국전자통신연구원,74.65,100.0,47.24,100.0,18.92,100,15,9,,1
가톨릭대학교,울산과학기술원,74.57,100.0,47.24,100.0,18.39,100,11,8,,1
가톨릭대학교,광주과학기술원,74.26,100.0,47.24,100.0,16.36,100,8,5,,1
가톨릭대학교,재단법인대구경북과학기술원,73.92,100.0,47.24,100.0,14.06,100,12,7,,1
가톨릭대학교,한국표준과학연구원; 한국화학연구원,73.73,93.6,47.24,100.0,42.31,75,3,3,,1
가톨릭대학교,한국식품연구원,73.68,100.0,47.24,100.0,12.5,100,9,7,,1
가톨릭대학교,한국해양과학기술원,73.62,100.0,47.24,100.0,12.07,100,12,5,,1
가톨릭대학교,네오나,71.56,93.6,47.24,100.0,44.44,50,3,2,,1
가톨릭대학교,에이치앤비지노믹스; 울산과학기술원,71.13,100.0,47.24,100.0,45.45,25,4,1,,1
가톨릭대학교,한국전기연구원,70.98,100.0,47.24,100.0,44.44,25,4,1,,1
가톨릭대학교,한국표준과학연구원,70.31,100.0,47.24,100.0,6.67,75,10,3,,1
가톨릭대학교,한국화학연구원,69.19,93.6,47.24,100.0,12.0,75,3,3,,1
가톨릭대학교,한국전자통신연구원; 한국표준과학연구원,60.14,62.4,47.24,100.0,30.77,50,2,2,,1
가톨릭대학교,한국생명공학연구원; 이뮤노메트테라퓨틱스 인코포레이티드,54.9,62.4,47.24,100.0,12.5,25,2,1,,1
가톨릭대학교,한국기계연구원,53.03,62.4,47.24,100.0,0.0,25,2,1,,1
가톨릭대학교,한국에너지기술연구원,53.03,62.4,47.24,100.0,0.0,25,2,1,,1
가톨릭대학교,한국원자력연구원,53.03,62.4,47.24,100.0,0.0,25,2,1,,1
가톨릭대학교,한국지질자원연구원,53.03,62.4,47.24,100.0,0.0,25,2,1,,1
가톨릭대학교,재단법인대구경북과학기술원; 기초과학연구원,47.0,31.2,47.24,100.0,22.22,25,1,1,,1
가톨릭대학교,한국과학기술연구원; 한국기계연구원,46.4,31.2,47.24,100.0,18.18,25,1,1,,1
가톨릭대학교,한국과학기술원;로엔서지컬,46.17,31.2,47.24,100.0,16.67,25,1,1,,1
가톨릭대학교,한국기계연구원; 한국과학기술연구원,45.54,31.2,47.24,100.0,12.5,25,1,1,,1
가톨릭대학교,울산과학기술원;오투메디,45.17,31.2,47.24,100.0,10.0,25,1,1,,1
가톨릭대학교,셀레스트라; 울산과학기술원,43.67,31.2,47.24,100.0,0.0,25,1,1,,1
가톨릭대학교,에스케이씨; 울산과학기술원,43.67,31.2,47.24,100.0,0.0,25,1,1,,1
강석식; 한국국제대학교,한국식품연구원,54.39,62.4,47.24,100.0,9.09,25,2,1,,1
강원관광대학,한국식품연구원,66.14,93.6,47.24,100.0,25.0,25,3,1,,1
강원대학교,에스케이온; 울산과학기술원,78.91,100.0,47.24,100.0,47.37,100,10,4,,1
강원대학교,한국전기연구원,76.81,100.0,47.24,100.0,33.33,100,17,7,,1
강원대학교,한국원자력연구원,76.37,100.0,47.24,100.0,30.43,100,12,6,,1
강원대학교,울산과학기술원,75.99,100.0,47.24,100.0,27.87,100,39,19,,1
강원대학교,한국표준과학연구원,75.45,100.0,47.24,100.0,24.24,100,7,4,,1
강원대학교,한국기계연구원,75.21,100.0,47.24,100.0,22.64,100,12,8,,1
강원대학교,한국식품연구원,75.12,100.0,47.24,100.0,22.08,100,19,12,,1
강원대학교,한국과학기술연구원,75.01,100.0,47.24,100.0,21.36,100,41,24,,1
강원대학교,한국생명공학연구원,75.0,100.0,47.24,100.0,21.28,100,8,5,,1
강원대학교,한국건설기술연구원,74.81,100.0,47.24,100.0,20.0,100,26,8,,1
강원대학교,한국지질자원연구원,74.77,100.0,47.24,100.0,19.72,100,16,6,,1
강원대학교,한국전자통신연구원,74.44,100.0,47.24,100.0,17.57,100,20,11,,1
강원대학교,재단법인대구경북과학기술원,74.12,100.0,47.24,100.0,15.38,100,15,9,,1
강원대학교,한국에너지기술연구원,74.08,100.0,47.24,100.0,15.15,100,18,7,,1
강원대학교,한국해양과학기술원,74.08,100.0,47.24,100.0,15.15,100,14,5,,1
강원대학교,한국과학기술원,73.94,100.0,47.24,100.0,14.22,100,53,27,,1
강원대학교,광주과학기술원,73.92,100.0,47.24,100.0,30.77,75,4,3,,1
강원대학교,엘지화학; 울산과학기술원,69.69,93.6,47.24,100.0,32.0,50,3,2,,1
강원대학교,한국화학연구원,67.41,100.0,47.24,100.0,4.0,50,4,2,,1
강원대학교,울산과학기술원;태성환경연구소,66.14,93.6,47.24,100.0,25.0,25,3,1,,1
강원대학교,한국건설기술연구원;티에스테크,65.72,93.6,47.24,100.0,22.22,25,3,1,,1
강원대학교,울산과학기술원; 이엠코어텍,64.31,100.0,47.24,100.0,0.0,25,4,1,,1
강원대학교,이엠코어텍; 울산과학기술원,64.31,100.0,47.24,100.0,0.0,25,4,1,,1
강원대학교,한국과학기술원; 국방과학연구소,64.06,93.6,47.24,100.0,11.11,25,3,1,,1
강원대학교,한국화학연구원; 인투코어테크놀로지,62.39,93.6,47.24,100.0,0.0,25,3,1,,1
강원대학교,포디믹스; 한국과학기술원,55.53,62.4,47.24,100.0,16.67,25,2,1,,1
강원대학교,한국건설기술연구원;대도엔텍,54.7,62.4,47.24,100.0,11.11,25,2,1,,1
강원대학교,한국과학기술원; 재단법인 지능형 바이오 시스템 설계 및 합성 연구단,54.1,62.4,47.24,100.0,7.14,25,2,1,,1
강원대학교,한국생명공학연구원; 울산과학기술원,48.67,31.2,47.24,100.0,33.33,25,1,1,,1
강원대학교,한국건설기술연구원;엠테이크;재난안전기술,47.42,31.2,47.24,100.0,25.0,25,1,1,,1
강원대학교,세명이엔시;인시티; 한국건설기술연구원,46.4,31.2,47.24,100.0,18.18,25,1,1,,1
강원대학교,엘아이지넥스원; 한국과학기술원,45.81,31.2,47.24,100.0,14.29,25,1,1,,1
강원대학교,한국 한의학 연구원; 한국식품연구원,45.54,31.2,47.24,100.0,12.5,25,1,1,,1
강원대학교,울산과학기술원;에스제이신소재,45.34,31.2,47.24,100.0,11.11,25,1,1,,1
강원대학교,최성영,44.82,31.2,47.24,100.0,7.69,25,1,1,,1
강원대학교,한국건설기술연구원;실크로드티앤디; 두산건설,44.67,31.2,47.24,100.0,6.67,25,1,1,,1
강원대학교,학교법인 신흥학원,43.67,31.2,47.24,100.0,0.0,25,1,1,,1
강원대학교,한국포장기술; 한국건설기술연구원,43.67,31.2,47.24,100.0,0.0,25,1,1,,1
강원대학교,한국화학연구원; 한국과학기술연구원,43.67,31.2,47.24,100.0,0.0,25,1,1,,1
강원도립대학교,한국해양과학기술원,53.03,62.4,47.24,100.0,0.0,25,2,1,,1
강원도립대학교,한국기계연구원,51.17,31.2,47.24,100.0,50.0,25,1,1,,1
강익수; 동명대학교,울산과학기술원,45.43,31.2,47.24,100.0,11.76,25,1,1,,1
건국대학교,한국식품연구원,76.56,100.0,47.24,100.0,31.68,100,107,47,,1
건국대학교,한국건설기술연구원,74.97,100.0,47.24,100.0,21.09,100,36,17,,1
건국대학교,한국해양과학기술원,74.86,100.0,47.24,100.0,20.34,100,19,8,,1
건국대학교,한국전자통신연구원,74.81,100.0,47.24,100.0,20.0,100,82,40,,1
건국대학교,광주과학기술원,74.71,100.0,47.24,100.0,19.32,100,19,10,,1
건국대학교,한국기계연구원,74.64,100.0,47.24,100.0,18.88,100,60,27,,1
건국대학교,한국표준과학연구원,74.62,100.0,47.24,100.0,18.75,100,11,8,,1
건국대학교,울산과학기술원,74.59,100.0,47.24,100.0,18.56,100,22,13,,1
건국대학교,한국지질자원연구원,74.56,100.0,47.24,100.0,18.37,100,10,4,,1
건국대학교,한국원자력연구원,74.43,100.0,47.24,100.0,17.46,100,19,14,,1
건국대학교,한국화학연구원,74.41,100.0,47.24,100.0,17.36,100,30,15,,1
건국대학교,한국과학기술연구원,74.17,100.0,47.24,100.0,15.77,100,49,31,,1
건국대학교,한국과학기술원,74.12,100.0,47.24,100.0,15.44,100,72,40,,1
건국대학교,재단법인대구경북과학기술원,73.62,100.0,47.24,100.0,12.06,100,35,21,,1
건국대학교,한국생명공학연구원,73.62,100.0,47.24,100.0,12.07,100,10,8,,1
건국대학교,한국에너지기술연구원,73.41,100.0,47.24,100.0,10.68,100,18,11,,1
건국대학교,한국전기연구원,71.81,100.0,47.24,100.0,16.67,75,5,3,,1
건국대학교,한국해양과학기술원; 재단법인 환동해산업연구원,69.89,93.6,47.24,100.0,50.0,25,3,1,,1
건국대학교,한국과학기술원; 대한민국(국립재활원장),68.31,100.0,47.24,100.0,26.67,25,4,1,,1
건국대학교,한국식품연구원;정금에프앤씨,68.01,93.6,47.24,100.0,37.5,25,3,1,,1
건국대학교,엘지전자; 울산과학기술원,67.39,93.6,47.24,100.0,33.33,25,3,1,,1
건국대학교,한화솔루션; 한국과학기술원,66.45,100.0,47.24,100.0,14.29,25,5,1,,1
건국대학교,한국식품연구원;팜덕,59.03,62.4,47.24,100.0,40.0,25,2,1,,1
건국대학교,한국전자통신연구원;엠투엠테크,58.03,62.4,47.24,100.0,33.33,25,2,1,,1
건국대학교,한국생명공학연구원; 지에이치바이오,56.03,62.4,47.24,100.0,20.0,25,2,1,,1
건국대학교,켐아이넷; 한국과학기술원,54.7,62.4,47.24,100.0,11.11,25,2,1,,1
건국대학교,한국원자력연구원;지아이,54.39,62.4,47.24,100.0,9.09,25,2,1,,1
건국대학교,엘지화학; 울산과학기술원,53.03,62.4,47.24,100.0,0.0,25,2,1,,1
건국대학교,한국과학기술연구원; 이스트힐,50.34,31.2,47.24,100.0,44.44,25,1,1,,1
건국대학교,마라나노텍; 한국과학기술원,47.42,31.2,47.24,100.0,25.0,25,1,1,,1
건국대학교,한국과학기술연구원; 재단법인 실감교류인체감응솔루션연구단,47.42,31.2,47.24,100.0,25.0,25,1,1,,1
건국대학교,현대자동차; 기아; 한국과학기술연구원,47.42,31.2,47.24,100.0,25.0,25,1,1,,1
건국대학교,엘아이지넥스원; 한국과학기술원,47.0,31.2,47.24,100.0,22.22,25,1,1,,1
건국대학교,한국과학기술원;니어스랩,46.88,31.2,47.24,100.0,21.43,25,1,1,,1
건국대학교,켄텍; 한국표준과학연구원,46.67,31.2,47.24,100.0,20.0,25,1,1,,1
건국대학교,삼성전자; 울산과학기술원,46.17,31.2,47.24,100.0,16.67,25,1,1,,1
건국대학교,한국과학기술원; 재단법인 지능형 바이오 시스템 설계 및 합성 연구단,46.17,31.2,47.24,100.0,16.67,25,1,1,,1
건국대학교,한국전자통신연구원; 한국과학기술원,45.81,31.2,47.24,100.0,14.29,25,1,1,,1
건국대학교,오투메디; 울산과학기술원,44.92,31.2,47.24,100.0,8.33,25,1,1,,1
건국대학교,코오롱인더스트리; 한국과학기술원,43.67,31.2,47.24,100.0,0.0,25,1,1,,1
건국대학교,한국화학연구원; 한국과학기술원,43.67,31.2,47.24,100.0,0.0,25,1,1,,1
건국대학교 글로컬,한국과학기술연구원,77.58,100.0,47.24,100.0,38.46,100,10,4,,1
건국대학교 글로컬,한국과학기술원,73.37,100.0,47.24,100.0,10.42,100,8,5,,1
건국대학교 글로컬,재단법인대구경북과학기술원,70.81,100.0,47.24,100.0,10.0,75,5,3,,1
건국대학교 글로컬,한국전자통신연구원,66.48,93.6,47.24,100.0,27.27,25,3,1,,1
건국대학교 글로컬,한국기계연구원,63.89,93.6,47.24,100.0,10.0,25,3,1,,1
건국대학교 글로컬,한국식품연구원,61.96,62.4,47.24,100.0,42.86,50,2,2,,1
건국대학교 글로컬,한국표준과학연구원,57.31,62.4,47.24,100.0,28.57,25,2,1,,1
건국대학교 글로컬,한국건설기술연구원,55.4,62.4,47.24,100.0,15.79,25,2,1,,1
건국대학교 글로컬,한국화학연구원,55.17,62.4,47.24,100.0,14.29,25,2,1,,1
건국대학교 글로컬,울산과학기술원,53.97,62.4,47.24,100.0,6.25,25,2,1,,1
건국대학교 글로컬,한국원자력연구원,51.17,31.2,47.24,100.0,50.0,25,1,1,,1
건국대학교 글로컬,돌봄드림; 한국과학기술원,47.95,31.2,47.24,100.0,28.57,25,1,1,,1
건양대학교,한국전자통신연구원,75.5,100.0,47.24,100.0,24.64,100,15,7,,1
건양대학교,한국과학기술원,73.68,100.0,47.24,100.0,12.5,100,8,4,,1
건양대학교,재단법인대구경북과학기술원,72.69,100.0,47.24,100.0,5.88,100,6,4,,1
건양대학교,한국원자력연구원,71.81,100.0,47.24,100.0,16.67,75,5,3,,1
건양대학교,한국과학기술연구원,71.38,100.0,47.24,100.0,13.79,75,4,3,,1
건양대학교,한국기계연구원,70.14,100.0,47.24,100.0,22.22,50,4,2,,1
건양대학교,광주과학기술원,63.54,93.6,47.24,100.0,7.69,25,3,1,,1
건양대학교,울산과학기술원; 대한민국(국립재활원장),62.39,93.6,47.24,100.0,0.0,25,3,1,,1
건양대학교,한국과학기술원; 대한민국(국립재활원장),55.53,62.4,47.24,100.0,16.67,25,2,1,,1
건양대학교,한국전기연구원,55.53,62.4,47.24,100.0,0.0,50,2,2,,1
건양대학교,한국건설기술연구원,54.53,62.4,47.24,100.0,10.0,25,2,1,,1
건양대학교,한국생명공학연구원,54.38,31.2,47.24,100.0,71.43,25,1,1,,1
건양대학교,울산과학기술원,46.17,31.2,47.24,100.0,16.67,25,1,1,,1
건양대학교,한국전자통신연구원; 한국표준과학연구원,45.81,31.2,47.24,100.0,14.29,25,1,1,,1
경기과학기술대학교,울산과학기술원,47.13,31.2,47.24,100.0,23.08,25,1,1,,1
경기대학교,한국에너지기술연구원,76.92,100.0,47.24,100.0,34.09,100,18,6,,1
경기대학교,한국과학기술연구원,76.12,100.0,47.24,100.0,28.75,100,18,9,,1
경기대학교,최성영,75.74,100.0,47.24,100.0,26.19,100,6,4,,1
경기대학교,한국건설기술연구원,75.45,100.0,47.24,100.0,24.29,100,10,6,,1
경기대학교,한국전자통신연구원,74.54,100.0,47.24,100.0,18.18,100,21,8,,1
경기대학교,한국과학기술원,74.21,100.0,47.24,100.0,16.0,100,23,13,,1
경기대학교,광주과학기술원,74.06,100.0,47.24,100.0,15.0,100,5,4,,1
경기대학교,울산과학기술원,72.96,100.0,47.24,100.0,7.69,100,8,6,,1
경기대학교,한국생명공학연구원,71.76,93.6,47.24,100.0,45.83,50,3,2,,1
경기대학교,재단법인대구경북과학기술원,68.01,93.6,47.24,100.0,20.83,50,3,2,,1
경기대학교,아토리서치; 한국과학기술원,67.39,93.6,47.24,100.0,33.33,25,3,1,,1
경기대학교,한국건설기술연구원; 에스와이스틸텍,65.72,93.6,47.24,100.0,22.22,25,3,1,,1
경기대학교,국방과학연구소; 한국과학기술원,64.53,93.6,47.24,100.0,14.29,25,3,1,,1
경기대학교,한국건설기술연구원; 포엠,64.35,93.6,47.24,100.0,13.04,25,3,1,,1
경기대학교,한국원자력연구원,63.54,93.6,47.24,100.0,7.69,25,3,1,,1
경기대학교,한국표준과학연구원,62.03,62.4,47.24,100.0,60.0,25,2,1,,1
경기대학교,한국화학연구원;에이비 넥소,54.7,62.4,47.24,100.0,11.11,25,2,1,,1
경기대학교,한국화학연구원,53.82,62.4,47.24,100.0,5.26,25,2,1,,1
경기대학교,삼성전자; 한국과학기술원,46.67,31.2,47.24,100.0,20.0,25,1,1,,1
경기대학교,한국과학기술연구원; 율촌화학,44.92,31.2,47.24,100.0,8.33,25,1,1,,1
경기대학교,엘지화학; 한국과학기술원,44.82,31.2,47.24,100.0,7.69,25,1,1,,1
경기대학교,한국과학기술원; 울산과학기술원,44.82,31.2,47.24,100.0,7.69,25,1,1,,1
경기대학교,한국기계연구원,44.82,31.2,47.24,100.0,7.69,25,1,1,,1
경기대학교,뷰티언스; 한국해양과학기술원;김정문알로에,43.67,31.2,47.24,100.0,0.0,25,1,1,,1
경기도농업기술원,경기도; 한국화학연구원,48.17,31.2,47.24,100.0,30.0,25,1,1,,1
경남과학기술대학교,한국기계연구원,69.31,100.0,47.24,100.0,16.67,50,7,2,,1
경남과학기술대학교,한국전자통신연구원,63.64,93.6,47.24,100.0,8.33,25,3,1,,1
경남과학기술대학교,한국해양과학기술원,63.64,93.6,47.24,100.0,8.33,25,3,1,,1
경남과학기술대학교,재단법인대구경북과학기술원,54.9,62.4,47.24,100.0,12.5,25,2,1,,1
경남과학기술대학교,한국과학기술연구원,54.9,62.4,47.24,100.0,12.5,25,2,1,,1
경남과학기술대학교,한국건설기술연구원,46.17,31.2,47.24,100.0,16.67,25,1,1,,1
경남과학기술대학교,한국에너지기술연구원,45.03,31.2,47.24,100.0,9.09,25,1,1,,1
경남대학교,한국기계연구원,75.46,100.0,47.24,100.0,24.32,100,6,4,,1
경남대학교,한국과학기술연구원,71.5,100.0,47.24,100.0,31.25,50,5,2,,1
경남대학교,한국해양과학기술원,70.98,100.0,47.24,100.0,11.11,75,5,3,,1
경남대학교,재단법인대구경북과학기술원,70.27,100.0,47.24,100.0,23.08,50,4,2,,1
경남대학교,한국식품연구원,69.21,93.6,47.24,100.0,45.45,25,3,1,,1
경남대학교,한국과학기술원,69.06,100.0,47.24,100.0,15.0,50,4,2,,1
경남대학교,한국전자통신연구원,68.67,93.6,47.24,100.0,8.57,75,3,3,,1
경남대학교,한국건설기술연구원,68.24,100.0,47.24,100.0,9.52,50,7,2,,1
경남대학교,한국지질자원연구원,65.04,93.6,47.24,100.0,17.65,25,3,1,,1
경남대학교,한국전력공사; 광주과학기술원,46.67,31.2,47.24,100.0,20.0,25,1,1,,1
경남도립거창대학,한국건설기술연구원,69.99,100.0,47.24,100.0,21.21,50,5,2,,1
경남도립남해대학,한국식품연구원,68.1,93.6,47.24,100.0,21.43,50,3,2,,1
경남정보대학교,한국전기연구원,62.39,93.6,47.24,100.0,0.0,25,3,1,,1
경남정보대학교,울산과학기술원,56.36,62.4,47.24,100.0,5.56,50,2,2,,1
경남정보대학교,한국기계연구원,54.18,62.4,47.24,100.0,7.69,25,2,1,,1
경남정보대학교,한국원자력연구원,54.18,62.4,47.24,100.0,7.69,25,2,1,,1
경민대학교,한국건설기술연구원,55.53,62.4,47.24,100.0,16.67,25,2,1,,1
경민대학교,한국식품연구원,46.17,31.2,47.24,100.0,16.67,25,1,1,,1
경북대학교,한국생명공학연구원,76.09,100.0,47.24,100.0,28.57,100,18,11,,1
경북대학교,한국전기연구원,75.48,100.0,47.24,100.0,24.49,100,4,4,,1
경북대학교,한국식품연구원,75.34,100.0,47.24,100.0,23.53,100,18,9,,1
경북대학교,광주과학기술원,75.33,100.0,47.24,100.0,23.47,100,24,12,,1
경북대학교,한국원자력연구원,75.23,100.0,47.24,100.0,22.79,100,49,25,,1
경북대학교,한국건설기술연구원,75.15,100.0,47.24,100.0,22.28,100,40,24,,1
경북대학교,한국전자통신연구원,75.05,100.0,47.24,100.0,21.6,100,128,70,,1
경북대학교,재단법인대구경북과학기술원,74.95,100.0,47.24,100.0,20.94,100,67,32,,1
경북대학교,한국과학기술원,74.93,100.0,47.24,100.0,20.83,100,115,67,,1
경북대학교,한국해양과학기술원,74.73,100.0,47.24,100.0,19.47,100,22,13,,1
경북대학교,한국기계연구원,74.72,100.0,47.24,100.0,19.38,100,39,18,,1
경북대학교,울산과학기술원,74.7,100.0,47.24,100.0,19.25,100,40,23,,1
경북대학교,한국과학기술연구원,74.46,100.0,47.24,100.0,17.65,100,91,50,,1
경북대학교,한국에너지기술연구원,74.4,100.0,47.24,100.0,17.24,100,8,5,,1
경북대학교,한국화학연구원,73.83,100.0,47.24,100.0,13.47,100,52,15,,1
경북대학교,한국표준과학연구원,73.48,100.0,47.24,100.0,11.11,100,21,10,,1
경북대학교,한국전기연구원;아이이에스,71.55,100.0,47.24,100.0,31.58,50,4,2,,1
경북대학교,한국건설기술연구원;케이티앤씨,70.02,100.0,47.24,100.0,21.43,50,4,2,,1
경북대학교,한국과학기술원; 재단법인 멀티스케일 에너지시스템 연구단,69.31,100.0,47.24,100.0,16.67,50,4,2,,1
경북대학교,에덴룩스; 한국과학기술원,68.81,100.0,47.24,100.0,13.33,50,4,2,,1
경북대학교,재단법인 전통천연물기반 유전자동의보감 사업단; 한국과학기술원,68.64,93.6,47.24,100.0,25.0,50,3,2,,1
경북대학교,한국과학기술원;유엑스팩토리,66.67,93.6,47.24,100.0,28.57,25,3,1,,1
경북대학교,한국과학기술원; 동우 화인켐,66.48,93.6,47.24,100.0,27.27,25,3,1,,1
경북대학교,한국과학기술연구원; 한국과학기술원,66.14,93.6,47.24,100.0,25.0,25,3,1,,1
경북대학교,울산과학기술원; 대한민국(국립재활원장),65.39,93.6,47.24,100.0,20.0,25,3,1,,1
경북대학교,한국기계연구원; 에이디엠바이오사이언스,64.89,93.6,47.24,100.0,16.67,25,3,1,,1
경북대학교,한국과학기술원; 삼성전자,63.39,93.6,47.24,100.0,6.67,25,3,1,,1
경북대학교,도원엔지니어링건축사사무소; 한국과학기술원,62.39,93.6,47.24,100.0,0.0,25,3,1,,1
경북대학교,재단법인 아산사회복지재단; 재단법인대구경북과학기술원,62.39,93.6,47.24,100.0,0.0,25,3,1,,1
경북대학교,지오로봇; 재단법인대구경북과학기술원,59.46,62.4,47.24,100.0,42.86,25,2,1,,1
경북대학교,한국과학기술연구원; 사회복지법인 삼성생명공익재단,59.46,62.4,47.24,100.0,42.86,25,2,1,,1
경북대학교,한국화학연구원; 효성오앤비,58.99,62.4,47.24,100.0,23.08,50,2,2,,1
경북대학교,한소; 한국화학연구원,57.31,62.4,47.24,100.0,28.57,25,2,1,,1
경북대학교,엘라켐; 한국표준과학연구원,56.78,62.4,47.24,100.0,8.33,50,2,2,,1
경북대학교,한국화학연구원; 한소,55.17,62.4,47.24,100.0,14.29,25,2,1,,1
경북대학교,한국과학기술원; 코오롱인더스트리,54.7,62.4,47.24,100.0,11.11,25,2,1,,1
경북대학교,한국식품연구원; 한국 한의학 연구원; 한국화학연구원,54.28,62.4,47.24,100.0,8.33,25,2,1,,1
경북대학교,한국해양과학기술원;이커넥트,54.03,62.4,47.24,100.0,6.67,25,2,1,,1
경북대학교,국방과학연구소; 한국생명공학연구원,53.03,62.4,47.24,100.0,0.0,25,2,1,,1
경북대학교,삼양사; 한국식품연구원,53.03,62.4,47.24,100.0,0.0,25,2,1,,1
경북대학교,한국과학기술원; 한국재료연구원,53.03,62.4,47.24,100.0,0.0,25,2,1,,1
경북대학교,한국세라믹기술원; 광주과학기술원,53.03,62.4,47.24,100.0,0.0,25,2,1,,1
경북대학교,한국표준과학연구원;씨크릿우먼,53.03,62.4,47.24,100.0,0.0,25,2,1,,1
경북대학교,한국화학연구원; 한국표준과학연구원,53.03,62.4,47.24,100.0,0.0,25,2,1,,1
경북대학교,한국수력원자력; 한국원자력연구원,48.67,31.2,47.24,100.0,33.33,25,1,1,,1
경북대학교,에스케이텔레콤; 한국과학기술원,47.42,31.2,47.24,100.0,25.0,25,1,1,,1
경북대학교,한국건설기술연구원;메이사,47.0,31.2,47.24,100.0,22.22,25,1,1,,1
경북대학교,삼성디스플레이; 울산과학기술원,46.67,31.2,47.24,100.0,20.0,25,1,1,,1
경북대학교,에쓰대시오일; 울산과학기술원,46.48,31.2,47.24,100.0,18.75,25,1,1,,1
경북대학교,일리미스테라퓨틱스; 한국과학기술원,46.48,31.2,47.24,100.0,18.75,25,1,1,,1
경북대학교,한국건설기술연구원; 일진테크;빔텍,45.54,31.2,47.24,100.0,12.5,25,1,1,,1
경북대학교,한국원자력의학원; 한국화학연구원,45.17,31.2,47.24,100.0,10.0,25,1,1,,1
경북대학교,한국지질자원연구원,45.17,31.2,47.24,100.0,10.0,25,1,1,,1
경북대학교,한국건설기술연구원; 인트플로우,45.03,31.2,47.24,100.0,9.09,25,1,1,,1
경북대학교,한국화학연구원;엑티브온,44.92,31.2,47.24,100.0,8.33,25,1,1,,1
경북대학교,한국생명공학연구원; 대한민국(산림청 국립산림과학원장),44.82,31.2,47.24,100.0,7.69,25,1,1,,1
경북대학교,국방과학연구소; 한국과학기술원,43.67,31.2,47.24,100.0,0.0,25,1,1,,1
경북대학교,기초과학연구원; 울산과학기술원,43.67,31.2,47.24,100.0,0.0,25,1,1,,1
경북대학교,울산과학기술원; 한국과학기술원,43.67,31.2,47.24,100.0,0.0,25,1,1,,1
경북대학교,한국기계연구원; 한국과학기술연구원; 재단법인 파동에너지 극한제어 연구단,43.67,31.2,47.24,100.0,0.0,25,1,1,,1
경북대학교,한국지질자원연구원; 에스케이에코플랜트,43.67,31.2,47.24,100.0,0.0,25,1,1,,1
경북대학교병원; 경북대학교,한국과학기술원,55.17,62.4,47.24,100.0,14.29,25,2,1,,1
경상국립대학교,광주과학기술원,76.25,100.0,47.24,100.0,29.58,100,19,9,,1
경상국립대학교,한국건설기술연구원,75.63,100.0,47.24,100.0,25.45,100,8,6,,1
경상국립대학교,한국해양과학기술원,75.56,100.0,47.24,100.0,25.0,100,8,5,,1
경상국립대학교,울산과학기술원,75.07,100.0,47.24,100.0,21.74,100,17,10,,1
경상국립대학교,한국에너지기술연구원,74.93,100.0,47.24,100.0,20.78,100,17,9,,1
경상국립대학교,한국전자통신연구원,74.74,100.0,47.24,100.0,19.57,100,8,5,,1
경상국립대학교,한국화학연구원,74.53,100.0,47.24,100.0,18.13,100,41,20,,1
경상국립대학교,재단법인대구경북과학기술원,74.49,100.0,47.24,100.0,17.86,100,11,5,,1
경상국립대학교,한국식품연구원,74.42,100.0,47.24,100.0,17.39,100,21,7,,1
경상국립대학교,한국표준과학연구원,74.15,100.0,47.24,100.0,15.62,100,8,4,,1
경상국립대학교,한국전기연구원,74.13,100.0,47.24,100.0,15.49,100,18,11,,1
경상국립대학교,한국과학기술원,73.95,100.0,47.24,100.0,14.29,100,30,13,,1
경상국립대학교,한국기계연구원,73.88,100.0,47.24,100.0,13.79,100,17,8,,1
경상국립대학교,한국과학기술연구원,73.42,100.0,47.24,100.0,10.74,100,22,12,,1
경상국립대학교,한국생명공학연구원,72.64,100.0,47.24,100.0,22.22,75,4,3,,1
경상국립대학교,국방과학연구소; 한국과학기술원,72.58,100.0,47.24,100.0,38.46,50,5,2,,1
경상국립대학교,한국화학연구원;시온텍;이노켐텍,64.06,93.6,47.24,100.0,11.11,25,3,1,,1
경상국립대학교,한국과학기술원; 한국에너지기술연구원,62.39,93.6,47.24,100.0,0.0,25,3,1,,1
경상국립대학교,한국원자력연구원,58.03,62.4,47.24,100.0,16.67,50,2,2,,1
경상국립대학교,엘지전자; 한국과학기술원,56.03,62.4,47.24,100.0,20.0,25,2,1,,1
경상국립대학교,인텍에프에이; 광주과학기술원,56.03,62.4,47.24,100.0,20.0,25,2,1,,1
경상국립대학교,한국해양과학기술원; 한국화학연구원,56.03,62.4,47.24,100.0,20.0,25,2,1,,1
경상국립대학교,한국생명공학연구원; 재단법인 지능형 바이오 시스템 설계 및 합성 연구단,53.67,31.2,47.24,100.0,66.67,25,1,1,,1
경상국립대학교,울산과학기술원;해천,53.03,62.4,47.24,100.0,0.0,25,2,1,,1
경상국립대학교,학교법인 순천성심학원,52.67,31.2,47.24,100.0,60.0,25,1,1,,1
경상국립대학교,한국전력공사; 광주과학기술원,48.67,31.2,47.24,100.0,33.33,25,1,1,,1
경상국립대학교,한국과학기술원; 김철준,46.4,31.2,47.24,100.0,18.18,25,1,1,,1
경상국립대학교,대한민국(국립재활원장); 에이치로보틱스; 울산과학기술원,46.17,31.2,47.24,100.0,16.67,25,1,1,,1
경상국립대학교,학교법인 경덕학원,46.17,31.2,47.24,100.0,16.67,25,1,1,,1
경상국립대학교,한국식품연구원;이노웨이,45.98,31.2,47.24,100.0,15.38,25,1,1,,1
경상국립대학교,포스코홀딩스; 재단법인 포항산업과학연구원; 울산과학기술원,45.81,31.2,47.24,100.0,14.29,25,1,1,,1
경상국립대학교,이엠텍; 울산과학기술원,45.03,31.2,47.24,100.0,9.09,25,1,1,,1
경상국립대학교,국방과학연구소; 광주과학기술원,43.67,31.2,47.24,100.0,0.0,25,1,1,,1
경상국립대학교,울산과학기술원; 이엠코어텍,43.67,31.2,47.24,100.0,0.0,25,1,1,,1
경상국립대학교,이엠코어텍; 울산과학기술원,43.67,31.2,47.24,100.0,0.0,25,1,1,,1
경성대학교,광주과학기술원,73.42,100.0,47.24,100.0,10.71,100,6,4,,1
경성대학교,한국전자통신연구원,66.69,93.6,47.24,100.0,12.0,50,3,2,,1
경성대학교,한국건설기술연구원,65.39,93.6,47.24,100.0,20.0,25,3,1,,1
경성대학교,한국과학기술연구원,56.78,62.4,47.24,100.0,8.33,50,2,2,,1
경성대학교,두원중공업;두원전자; 학교법인 두원학원,53.03,62.4,47.24,100.0,0.0,25,2,1,,1
경성대학교,한국에너지기술연구원,53.03,62.4,47.24,100.0,0.0,25,2,1,,1
경성대학교,한국전기연구원,47.0,31.2,47.24,100.0,22.22,25,1,1,,1
경성대학교,학교법인 순천성심학원,45.17,31.2,47.24,100.0,10.0,25,1,1,,1
경성대학교,한국과학기술원,45.03,31.2,47.24,100.0,9.09,25,1,1,,1
경성대학교,한국원자력연구원,44.74,31.2,47.24,100.0,7.14,25,1,1,,1
경운대학교,한국식품연구원,70.98,100.0,47.24,100.0,27.78,50,7,2,,1
경운대학교,한국과학기술원,53.03,62.4,47.24,100.0,0.0,25,2,1,,1
경운대학교,학교법인 신흥학원,44.74,31.2,47.24,100.0,7.14,25,1,1,,1
경운대학교,광주과학기술원,43.67,31.2,47.24,100.0,0.0,25,1,1,,1
경일대학교,한국건설기술연구원,74.12,100.0,47.24,100.0,15.38,100,20,4,,1
경일대학교,한국과학기술원,72.09,100.0,47.24,100.0,18.52,75,4,3,,1
경일대학교,한국해양과학기술원,71.04,100.0,47.24,100.0,11.54,75,5,3,,1
경일대학교,한국과학기술연구원,58.03,62.4,47.24,100.0,33.33,25,2,1,,1
경일대학교,한국에너지기술연구원,55.76,62.4,47.24,100.0,18.18,25,2,1,,1
경일대학교,한국기계연구원,54.9,62.4,47.24,100.0,12.5,25,2,1,,1
경일대학교,한국전자통신연구원,53.03,62.4,47.24,100.0,0.0,25,2,1,,1
경일대학교,한국원자력연구원,46.67,31.2,47.24,100.0,20.0,25,1,1,,1
경일대학교,국방과학연구소; 한국과학기술원,45.17,31.2,47.24,100.0,10.0,25,1,1,,1
경희대학교,한국기계연구원,75.54,100.0,47.24,100.0,24.86,100,42,21,,1
경희대학교,한국식품연구원,75.4,100.0,47.24,100.0,23.97,100,55,26,,1
경희대학교,한국화학연구원,75.32,100.0,47.24,100.0,23.44,100,47,21,,1
경희대학교,한국지질자원연구원,75.09,100.0,47.24,100.0,21.88,100,6,4,,1
경희대학교,한국과학기술연구원,74.96,100.0,47.24,100.0,20.99,100,103,59,,1
경희대학교,한국과학기술원,74.94,100.0,47.24,100.0,20.86,100,166,81,,1
경희대학교,울산과학기술원,74.88,100.0,47.24,100.0,20.46,100,69,35,,1
경희대학교,한국표준과학연구원,74.81,100.0,47.24,100.0,20.0,100,21,11,,1
경희대학교,한국전자통신연구원,74.76,100.0,47.24,100.0,19.68,100,155,75,,1
경희대학교,한국전기연구원,74.74,100.0,47.24,100.0,19.57,100,11,6,,1
경희대학교,재단법인대구경북과학기술원,74.69,100.0,47.24,100.0,19.18,100,52,28,,1
경희대학교,한국생명공학연구원,74.46,100.0,47.24,100.0,17.65,100,16,12,,1
경희대학교,한국에너지기술연구원,74.44,100.0,47.24,100.0,17.57,100,43,21,,1
경희대학교,한국건설기술연구원,74.36,100.0,47.24,100.0,17.0,100,37,22,,1
경희대학교,한국원자력연구원,74.12,100.0,47.24,100.0,15.38,100,14,9,,1
경희대학교,광주과학기술원,74.11,100.0,47.24,100.0,15.33,100,32,18,,1
경희대학교,한국전력공사; 한국과학기술원,73.81,100.0,47.24,100.0,30.0,75,9,3,,1
경희대학교,한국해양과학기술원,72.72,100.0,47.24,100.0,22.73,75,5,3,,1
경희대학교,한국식품연구원; 김성훈,71.31,100.0,47.24,100.0,30.0,50,6,2,,1
경희대학교,울산과학기술원; 한국과학기술연구원,69.89,93.6,47.24,100.0,33.33,50,3,2,,1
경희대학교,한국과학기술원; 재단법인 지능형 바이오 시스템 설계 및 합성 연구단,68.64,93.6,47.24,100.0,25.0,50,3,2,,1
경희대학교,삼성전자; 한국과학기술원,67.39,93.6,47.24,100.0,33.33,25,3,1,,1
경희대학교,재단법인 전통천연물기반 유전자동의보감 사업단; 한국과학기술원,67.03,93.6,47.24,100.0,14.29,50,3,2,,1
경희대학교,엘지전자; 광주과학기술원,65.39,93.6,47.24,100.0,20.0,25,3,1,,1
경희대학교,엘엑스세미콘; 한국과학기술원,64.53,93.6,47.24,100.0,14.29,25,3,1,,1
경희대학교,학교법인 한문화학원,64.26,93.6,47.24,100.0,12.5,25,3,1,,1
경희대학교,한국건설기술연구원;까뮤이앤씨,64.06,93.6,47.24,100.0,11.11,25,3,1,,1
경희대학교,기초과학연구원; 한국과학기술원,62.39,93.6,47.24,100.0,0.0,25,3,1,,1
경희대학교,한국세라믹기술원; 광주과학기술원,62.39,93.6,47.24,100.0,0.0,25,3,1,,1
경희대학교,현대자동차; 기아; 울산과학기술원,62.39,93.6,47.24,100.0,0.0,25,3,1,,1
경희대학교,국방과학연구소; 한국과학기술원,58.86,62.4,47.24,100.0,22.22,50,2,2,,1
경희대학교,데이젠; 한국식품연구원,58.03,62.4,47.24,100.0,33.33,25,2,1,,1
경희대학교,한국과학기술연구원; 한국토지주택공사,57.4,62.4,47.24,100.0,12.5,50,2,2,,1
경희대학교,한국과학기술정보연구원; 한국과학기술원,57.03,62.4,47.24,100.0,10.0,50,2,2,,1
경희대학교,돌봄드림; 한국과학기술원,54.9,62.4,47.24,100.0,12.5,25,2,1,,1
경희대학교,울산과학기술원; 국방과학연구소,54.7,62.4,47.24,100.0,11.11,25,2,1,,1
경희대학교,현대자동차; 한국과학기술원,54.28,62.4,47.24,100.0,8.33,25,2,1,,1
경희대학교,한국기계연구원; 재단법인 파동에너지 극한제어 연구단,54.1,62.4,47.24,100.0,7.14,25,2,1,,1
경희대학교,엘지전자; 한국과학기술원,53.03,62.4,47.24,100.0,0.0,25,2,1,,1
경희대학교,한국과학기술연구원; 울산과학기술원,53.03,62.4,47.24,100.0,0.0,25,2,1,,1
경희대학교,한국전자통신연구원; 국방과학연구소,53.03,62.4,47.24,100.0,0.0,25,2,1,,1
경희대학교,사회복지법인 삼성생명공익재단; 한국과학기술연구원,47.42,31.2,47.24,100.0,25.0,25,1,1,,1
경희대학교,엘지생활건강; 한국생명공학연구원,47.42,31.2,47.24,100.0,25.0,25,1,1,,1
경희대학교,현대자동차; 기아; 한국과학기술원,46.88,31.2,47.24,100.0,21.43,25,1,1,,1
경희대학교,한국과학기술원; 한국방송공사,46.67,31.2,47.24,100.0,20.0,25,1,1,,1
경희대학교,엘아이지넥스원; 한국과학기술원,45.03,31.2,47.24,100.0,9.09,25,1,1,,1
경희대학교,한국원자력연구원; 한국전자통신연구원,45.03,31.2,47.24,100.0,9.09,25,1,1,,1
경희대학교,한국과학기술원; 한국과학기술연구원; 한국기초과학지원연구원,44.82,31.2,47.24,100.0,7.69,25,1,1,,1
경희대학교,한국기계연구원;아이캡틴,44.74,31.2,47.24,100.0,7.14,25,1,1,,1
경희대학교,닥터제이랩,43.67,31.2,47.24,100.0,0.0,25,1,1,,1
경희대학교,한국과학기술원; 코오롱인더스트리,43.67,31.2,47.24,100.0,0.0,25,1,1,,1
계명대학교,한국식품연구원,75.93,100.0,47.24,100.0,27.45,100,29,13,,1
계명대학교,재단법인대구경북과학기술원,74.87,100.0,47.24,100.0,20.41,100,21,12,,1
계명대학교,한국과학기술원,74.64,100.0,47.24,100.0,18.88,100,33,19,,1
계명대학교,한국전자통신연구원,74.64,100.0,47.24,100.0,18.88,100,30,16,,1
계명대학교,한국과학기술연구원,74.56,100.0,47.24,100.0,18.37,100,15,10,,1
계명대학교,한국화학연구원,73.99,100.0,47.24,100.0,14.55,100,10,5,,1
계명대학교,울산과학기술원,73.33,100.0,47.24,100.0,10.14,100,14,7,,1
계명대학교,한국에너지기술연구원,73.09,100.0,47.24,100.0,8.57,100,5,4,,1
계명대학교,한국기계연구원,72.94,100.0,47.24,100.0,7.55,100,9,5,,1
계명대학교,한국건설기술연구원,72.75,100.0,47.24,100.0,6.25,100,8,4,,1
계명대학교,광주과학기술원,71.76,100.0,47.24,100.0,16.33,75,12,3,,1
계명대학교,한국원자력연구원,66.81,100.0,47.24,100.0,0.0,50,4,2,,1
계명대학교,한화비전; 한국과학기술원,65.39,93.6,47.24,100.0,20.0,25,3,1,,1
계명대학교,한국식품연구원; 농업회사법인 푸르미농산,58.03,62.4,47.24,100.0,33.33,25,2,1,,1
계명대학교,한국생명공학연구원,57.12,62.4,47.24,100.0,27.27,25,2,1,,1
계명대학교,엘지전자; 광주과학기술원,56.36,62.4,47.24,100.0,22.22,25,2,1,,1
계명대학교,광주과학기술원; 대한민국 (식품의약품안전처장),53.03,62.4,47.24,100.0,0.0,25,2,1,,1
계명대학교,한국해양과학기술원,53.03,62.4,47.24,100.0,0.0,25,2,1,,1
계명대학교,한국화학연구원; 국립암센터,46.67,31.2,47.24,100.0,20.0,25,1,1,,1
계명대학교,한국전기연구원,45.81,31.2,47.24,100.0,14.29,25,1,1,,1
계명대학교,한국건설기술연구원;에이치브레인,45.17,31.2,47.24,100.0,10.0,25,1,1,,1
계명대학교,한국지질자원연구원,45.17,31.2,47.24,100.0,10.0,25,1,1,,1
계명대학교,듀얼헬스케어; 한국과학기술원,44.82,31.2,47.24,100.0,7.69,25,1,1,,1
계명문화대학교,한국건설기술연구원,56.36,62.4,47.24,100.0,22.22,25,2,1,,1
고등기술연구원연구조합,고등기술연구원연구조합; 한국해양과학기술원,67.52,100.0,47.24,100.0,21.43,25,5,1,,1
고등기술연구원연구조합,한국에너지기술연구원,65.39,93.6,47.24,100.0,20.0,25,3,1,,1
고등기술연구원연구조합,경동엔지니어링; 고등기술연구원연구조합; 한국해양과학기술원,64.06,93.6,47.24,100.0,11.11,25,3,1,,1
고등기술연구원연구조합,한국해양과학기술원,56.36,62.4,47.24,100.0,22.22,25,2,1,,1
고등기술연구원연구조합; 포항공과대학교,한국에너지기술연구원,43.67,31.2,47.24,100.0,0.0,25,1,1,,1
고려대학교,한국전기연구원,76.04,100.0,47.24,100.0,28.22,100,41,27,,1
고려대학교,한국전자통신연구원,76.03,100.0,47.24,100.0,28.13,100,326,163,,1
고려대학교,한국과학기술연구원,75.82,100.0,47.24,100.0,26.73,100,294,138,,1
고려대학교,한국기계연구원,75.73,100.0,47.24,100.0,26.13,100,104,57,,1
고려대학교,울산과학기술원,75.59,100.0,47.24,100.0,25.17,100,136,73,,1
고려대학교,한국과학기술원,75.55,100.0,47.24,100.0,24.97,100,346,163,,1
고려대학교,한국화학연구원,75.32,100.0,47.24,100.0,23.4,100,104,55,,1
고려대학교,한국건설기술연구원,75.28,100.0,47.24,100.0,23.17,100,47,28,,1
고려대학교,광주과학기술원,75.22,100.0,47.24,100.0,22.77,100,117,59,,1
고려대학교,재단법인대구경북과학기술원,75.12,100.0,47.24,100.0,22.07,100,124,61,,1
고려대학교,한국생명공학연구원,75.07,100.0,47.24,100.0,21.74,100,37,18,,1
고려대학교,삼성전자; 한국과학기술원,75.02,100.0,47.24,100.0,21.43,100,6,4,,1
고려대학교,한국표준과학연구원,74.89,100.0,47.24,100.0,20.54,100,34,15,,1
고려대학교,한국에너지기술연구원,74.74,100.0,47.24,100.0,19.57,100,87,46,,1
고려대학교,한국식품연구원,74.52,100.0,47.24,100.0,18.05,100,31,20,,1
고려대학교,한국원자력연구원,74.44,100.0,47.24,100.0,17.54,100,45,20,,1
고려대학교,한국해양과학기술원,74.34,100.0,47.24,100.0,16.84,100,51,20,,1
고려대학교,한국지질자원연구원,74.15,100.0,47.24,100.0,15.6,100,32,14,,1
고려대학교,한국과학기술원; 사우디 아라비안 오일 컴퍼니,72.43,100.0,47.24,100.0,20.83,75,10,3,,1
고려대학교,한국생명공학연구원; 한국에너지기술연구원,71.32,93.6,47.24,100.0,42.86,50,3,2,,1
고려대학교,엘지전자; 한국과학기술원,71.18,100.0,47.24,100.0,12.5,75,4,3,,1
고려대학교,한국기계연구원; 재단법인 파동에너지 극한제어 연구단,70.89,100.0,47.24,100.0,10.53,75,5,3,,1
고려대학교,한국화학연구원;유니테스트,70.59,100.0,47.24,100.0,8.57,75,7,3,,1
고려대학교,한국과학기술원; 국방과학연구소,70.56,100.0,47.24,100.0,25.0,50,4,2,,1
고려대학교,울산과학기술원;프런티어에너지솔루션,69.93,100.0,47.24,100.0,20.83,50,9,2,,1
고려대학교,국방과학연구소; 한국과학기술원,69.81,93.6,47.24,100.0,16.13,75,3,3,,1
고려대학교,현대자동차; 기아; 한국과학기술원,69.56,100.0,47.24,100.0,35.0,25,5,1,,1
고려대학교,한국생명공학연구원; 박성식,69.54,100.0,47.24,100.0,18.18,50,4,2,,1
고려대학교,울산과학기술원; 재단법인대구경북과학기술원,69.5,93.6,47.24,100.0,30.77,50,3,2,,1
고려대학교,한화시스템; 한국과학기술원,69.26,93.6,47.24,100.0,12.5,75,3,3,,1
고려대학교,한국과학기술원;파이칩스,69.17,93.6,47.24,100.0,28.57,50,3,2,,1
고려대학교,포엘; 광주과학기술원,67.39,93.6,47.24,100.0,16.67,50,3,2,,1
고려대학교,에스원; 한국과학기술원,67.03,93.6,47.24,100.0,14.29,50,3,2,,1
고려대학교,토모큐브; 한국과학기술원,66.45,100.0,47.24,100.0,14.29,25,4,1,,1
고려대학교,한국과학기술원;로엔서지컬,66.45,100.0,47.24,100.0,14.29,25,4,1,,1
고려대학교,아모레퍼시픽; 울산과학기술원,66.14,93.6,47.24,100.0,25.0,25,3,1,,1
고려대학교,현대자동차; 기아; 광주과학기술원,64.7,93.6,47.24,100.0,15.38,25,3,1,,1
고려대학교,한국과학기술원; 엘아이지넥스원,64.53,93.6,47.24,100.0,14.29,25,3,1,,1
고려대학교,에이치아이엠; 한국기계연구원,63.39,93.6,47.24,100.0,6.67,25,3,1,,1
고려대학교,학교법인 한별학숙,63.03,62.4,47.24,100.0,66.67,25,2,1,,1
고려대학교,재단법인 한국탄소산업진흥원; 한국과학기술연구원,62.39,93.6,47.24,100.0,0.0,25,3,1,,1
고려대학교,한국과학기술연구원; 한국표준과학연구원,62.39,93.6,47.24,100.0,0.0,25,3,1,,1
고려대학교,한국과학기술연구원;아이엠,62.39,93.6,47.24,100.0,0.0,25,3,1,,1
고려대학교,한국과학기술원; 재단법인 멀티스케일 에너지시스템 연구단,58.67,31.2,47.24,100.0,100.0,25,1,1,,1
고려대학교,재단법인 파동에너지 극한제어 연구단; 한국기계연구원,57.53,62.4,47.24,100.0,30.0,25,2,1,,1
고려대학교,로엔서지컬; 한국과학기술원,57.4,62.4,47.24,100.0,12.5,50,2,2,,1
고려대학교,엘지디스플레이; 한국과학기술원,56.78,62.4,47.24,100.0,25.0,25,2,1,,1
고려대학교,한국타이어앤테크놀로지;한국네트웍스; 한국과학기술원,56.78,62.4,47.24,100.0,25.0,25,2,1,,1
고려대학교,삼성전자; 광주과학기술원,56.03,62.4,47.24,100.0,20.0,25,2,1,,1
고려대학교,한국과학기술원; 뉴욕 유니버시티 인 아부다비 코포레이션,56.03,62.4,47.24,100.0,20.0,25,2,1,,1
고려대학교,씨제이제일제당; 한국과학기술원,55.76,62.4,47.24,100.0,18.18,25,2,1,,1
고려대학교,한국지질자원연구원; 한국과학기술원,55.53,62.4,47.24,100.0,0.0,50,2,2,,1
고려대학교,포디믹스; 한국과학기술원,55.17,62.4,47.24,100.0,14.29,25,2,1,,1
고려대학교,한국과학기술원; 대한민국(국립재활원장),54.28,62.4,47.24,100.0,8.33,25,2,1,,1
고려대학교,한국전자통신연구원;알티솔루션,54.28,62.4,47.24,100.0,8.33,25,2,1,,1
고려대학교,티엔에프에이아이; 한국원자력연구원,54.03,62.4,47.24,100.0,6.67,25,2,1,,1
고려대학교,울산과학기술원; 한국과학기술연구원,53.91,62.4,47.24,100.0,5.88,25,2,1,,1
고려대학교,광주과학기술원;크리에이티브마인드,53.03,62.4,47.24,100.0,0.0,25,2,1,,1
고려대학교,오투메디; 울산과학기술원,53.03,62.4,47.24,100.0,0.0,25,2,1,,1
고려대학교,울산과학기술원; 유니버시티 오브 피츠버그 - 오브 더 커먼웰쓰 시스템 오브 하이어 에듀케이션,53.03,62.4,47.24,100.0,0.0,25,2,1,,1
고려대학교,블루마그넷; 울산과학기술원,51.75,31.2,47.24,100.0,53.85,25,1,1,,1
고려대학교,셀레스트라; 울산과학기술원,51.17,31.2,47.24,100.0,50.0,25,1,1,,1
고려대학교,한국과학기술연구원;새론테크놀로지,51.17,31.2,47.24,100.0,50.0,25,1,1,,1
고려대학교,울산과학기술원;오투메디,50.1,31.2,47.24,100.0,42.86,25,1,1,,1
고려대학교,한국과학기술연구원; 한국토지주택공사,50.1,31.2,47.24,100.0,42.86,25,1,1,,1
고려대학교,케이티; 한국과학기술원,49.29,31.2,47.24,100.0,37.5,25,1,1,,1
고려대학교,한국생명공학연구원;아벤티,49.12,31.2,47.24,100.0,36.36,25,1,1,,1
고려대학교,사회복지법인 삼성생명공익재단; 한국기계연구원,48.67,31.2,47.24,100.0,33.33,25,1,1,,1
고려대학교,한국에너지기술연구원;가솔릭,47.95,31.2,47.24,100.0,28.57,25,1,1,,1
고려대학교,한국 한의학 연구원; 한국식품연구원,47.67,31.2,47.24,100.0,26.67,25,1,1,,1
고려대학교,한화비전; 광주과학기술원,47.42,31.2,47.24,100.0,25.0,25,1,1,,1
고려대학교,한국건설기술연구원;산군,47.13,31.2,47.24,100.0,23.08,25,1,1,,1
고려대학교,한국화학연구원; 한국표준과학연구원,46.88,31.2,47.24,100.0,21.43,25,1,1,,1
고려대학교,일성,46.67,31.2,47.24,100.0,20.0,25,1,1,,1
고려대학교,한국생명공학연구원; 대한민국(농림축산식품부 농림축산검역본부장),46.67,31.2,47.24,100.0,20.0,25,1,1,,1
고려대학교,대영오앤이; 한국과학기술원,46.4,31.2,47.24,100.0,18.18,25,1,1,,1
고려대학교,한국과학기술원;아스토,46.4,31.2,47.24,100.0,18.18,25,1,1,,1
고려대학교,재단법인 전통천연물기반 유전자동의보감 사업단; 한국과학기술원,46.17,31.2,47.24,100.0,16.67,25,1,1,,1
고려대학교,한국가스공사; 한국화학연구원,45.54,31.2,47.24,100.0,12.5,25,1,1,,1
고려대학교,한국과학기술원;쓰리세컨즈,45.54,31.2,47.24,100.0,12.5,25,1,1,,1
고려대학교,센텍코리아,45.17,31.2,47.24,100.0,10.0,25,1,1,,1
고려대학교,한국생명공학연구원;인우코퍼레이션,45.03,31.2,47.24,100.0,9.09,25,1,1,,1
고려대학교,한국수자원공사; 광주과학기술원,44.82,31.2,47.24,100.0,7.69,25,1,1,,1
고려대학교,광주과학기술원; 국립암센터,44.78,31.2,47.24,100.0,7.41,25,1,1,,1
고려대학교,한국과학기술원; 재단법인 다차원 스마트 아이티 융합시스템 연구단,44.74,31.2,47.24,100.0,7.14,25,1,1,,1
고려대학교,한국과학기술원;네비웍스,44.67,31.2,47.24,100.0,6.67,25,1,1,,1
고려대학교,한국과학기술연구원; 한국화학연구원,44.46,31.2,47.24,100.0,5.26,25,1,1,,1
고려대학교,라디안큐바이오; 광주과학기술원,43.67,31.2,47.24,100.0,0.0,25,1,1,,1
고려대학교,한국과학기술원;풍산,43.67,31.2,47.24,100.0,0.0,25,1,1,,1
고려대학교,한국기초과학지원연구원; 한국과학기술연구원,43.67,31.2,47.24,100.0,0.0,25,1,1,,1
고려대학교 세종,한국식품연구원,75.18,100.0,47.24,100.0,39.13,75,6,3,,1
고려대학교 세종,한국과학기술원,74.46,100.0,47.24,100.0,17.65,100,13,5,,1
고려대학교 세종,한국전자통신연구원,74.37,100.0,47.24,100.0,17.07,100,8,4,,1
고려대학교 세종,한국과학기술연구원,74.1,100.0,47.24,100.0,15.28,100,9,5,,1
고려대학교 세종,울산과학기술원,72.9,100.0,47.24,100.0,7.27,100,10,6,,1
고려대학교 세종,재단법인대구경북과학기술원,71.45,100.0,47.24,100.0,14.29,75,6,3,,1
고려대학교 세종,한국화학연구원,70.34,100.0,47.24,100.0,23.53,50,4,2,,1
고려대학교 세종,한국기계연구원,62.39,93.6,47.24,100.0,0.0,25,3,1,,1
고려대학교 세종,광주과학기술원,58.18,62.4,47.24,100.0,17.65,50,2,2,,1
고려대학교 세종,한국과학기술원;에스엠인스트루먼트,55.76,62.4,47.24,100.0,18.18,25,2,1,,1
고려대학교 세종,한국표준과학연구원,47.42,31.2,47.24,100.0,25.0,25,1,1,,1
고신대학교,한국지질자원연구원,65.89,100.0,47.24,100.0,10.53,25,4,1,,1
곽준영; 국립부경대학교,한국전기연구원,45.17,31.2,47.24,100.0,10.0,25,1,1,,1
곽표성; 전북대학교,학교법인 신흥학원,45.03,31.2,47.24,100.0,9.09,25,1,1,,1
광운대학교,재단법인대구경북과학기술원,74.9,100.0,47.24,100.0,20.59,100,24,12,,1
광운대학교,한국기계연구원,74.66,100.0,47.24,100.0,18.99,100,22,10,,1
광운대학교,한국과학기술연구원,74.53,100.0,47.24,100.0,18.11,100,31,15,,1
광운대학교,한국전자통신연구원,74.51,100.0,47.24,100.0,18.0,100,125,60,,1
광운대학교,한국전기연구원,74.47,100.0,47.24,100.0,34.38,75,7,3,,1
광운대학교,울산과학기술원,74.31,100.0,47.24,100.0,16.67,100,16,10,,1
광운대학교,한국과학기술원,74.04,100.0,47.24,100.0,14.86,100,33,21,,1
광운대학교,한국건설기술연구원,73.51,100.0,47.24,100.0,11.36,100,13,5,,1
광운대학교,광주과학기술원,73.22,100.0,47.24,100.0,9.43,100,22,9,,1
광운대학교,한국화학연구원,72.47,100.0,47.24,100.0,4.41,100,10,5,,1
광운대학교,한국표준과학연구원,70.51,100.0,47.24,100.0,8.0,75,6,3,,1
광운대학교,한국식품연구원,67.62,93.6,47.24,100.0,18.18,50,3,2,,1
광운대학교,한국에너지기술연구원,67.31,100.0,47.24,100.0,3.33,50,9,2,,1
광운대학교,한국전자통신연구원; 한국과학기술원,67.03,93.6,47.24,100.0,14.29,50,3,2,,1
광운대학교,울산과학기술원;포투원,65.2,93.6,47.24,100.0,18.75,25,3,1,,1
광운대학교,한국과학기술연구원; 한국과학기술원,65.03,62.4,47.24,100.0,80.0,25,2,1,,1
광운대학교,토모큐브; 한국과학기술원,63.46,93.6,47.24,100.0,7.14,25,3,1,,1
광운대학교,한국원자력연구원,62.39,93.6,47.24,100.0,0.0,25,3,1,,1
광운대학교,한국전자통신연구원;엘에프씨,62.39,93.6,47.24,100.0,0.0,25,3,1,,1
광운대학교,한국건설기술연구원;엔비텍이앤씨;엔에스테크닉스,59.46,62.4,47.24,100.0,42.86,25,2,1,,1
광운대학교,엔사이드; 재단법인대구경북과학기술원,57.31,62.4,47.24,100.0,28.57,25,2,1,,1
광운대학교,한국지질자원연구원,55.76,62.4,47.24,100.0,18.18,25,2,1,,1
광운대학교,삼성전자; 한국과학기술원,55.53,62.4,47.24,100.0,16.67,25,2,1,,1
광운대학교,한국과학기술원; 사회복지법인 삼성생명공익재단,54.28,62.4,47.24,100.0,8.33,25,2,1,,1
광운대학교,엘지전자; 울산과학기술원,54.18,62.4,47.24,100.0,7.69,25,2,1,,1
광운대학교,한국기계연구원; 재단법인대구경북과학기술원,53.03,62.4,47.24,100.0,0.0,25,2,1,,1
광운대학교,한국해양과학기술원,47.13,31.2,47.24,100.0,23.08,25,1,1,,1
광운대학교,한국기계연구원; 재단법인 파동에너지 극한제어 연구단,47.0,31.2,47.24,100.0,22.22,25,1,1,,1
광운대학교,에이아이트릭스; 한국과학기술원,46.67,31.2,47.24,100.0,20.0,25,1,1,,1
광운대학교,한국전력공사; 한국기계연구원,46.67,31.2,47.24,100.0,20.0,25,1,1,,1
광운대학교,에스원; 한국과학기술원,45.98,31.2,47.24,100.0,15.38,25,1,1,,1
광운대학교,재단법인대구경북과학기술원; 한국과학기술원,45.81,31.2,47.24,100.0,14.29,25,1,1,,1
광운대학교,현대자동차; 기아; 울산과학기술원,44.35,31.2,47.24,100.0,4.55,25,1,1,,1
광주과학기술원,광주과학기술원; 엠포시스,79.31,100.0,47.24,100.0,100.0,25,4,1,,1
광주과학기술원,광주과학기술원,77.1,100.0,47.24,100.0,35.26,100,740,276,,1
광주과학기술원,한국표준과학연구원,75.8,100.0,47.24,100.0,26.6,100,32,15,,1
광주과학기술원,한국에너지기술연구원,75.38,100.0,47.24,100.0,23.81,100,35,17,,1
광주과학기술원,한국과학기술원,75.19,100.0,47.24,100.0,22.56,100,171,88,,1
광주과학기술원,한국화학연구원,75.16,100.0,47.24,100.0,22.35,100,66,21,,1
광주과학기술원,한국건설기술연구원,75.11,100.0,47.24,100.0,22.03,100,15,5,,1
광주과학기술원,한국기계연구원,75.02,100.0,47.24,100.0,21.37,100,28,15,,1
광주과학기술원,한국과학기술연구원,74.64,100.0,47.24,100.0,18.86,100,107,60,,1
광주과학기술원,한국전자통신연구원,74.56,100.0,47.24,100.0,18.32,100,100,51,,1
광주과학기술원,한국지질자원연구원; 광주과학기술원,74.39,93.6,47.24,100.0,80.0,25,3,1,,1
광주과학기술원,재단법인대구경북과학기술원,74.23,100.0,47.24,100.0,16.15,100,29,18,,1
광주과학기술원,울산과학기술원,74.17,100.0,47.24,100.0,15.77,100,62,28,,1
광주과학기술원,한국해양과학기술원,74.02,100.0,47.24,100.0,14.71,100,8,4,,1
광주과학기술원,한국전력공사; 광주과학기술원,73.63,100.0,47.24,100.0,12.12,100,10,5,,1
광주과학기술원,한국식품연구원,73.53,100.0,47.24,100.0,11.48,100,8,5,,1
광주과학기술원,한국원자력연구원,73.29,100.0,47.24,100.0,9.86,100,16,8,,1
광주과학기술원,한화건설; 광주과학기술원,72.81,100.0,47.24,100.0,40.0,50,6,2,,1
광주과학기술원,한국지질자원연구원,72.64,100.0,47.24,100.0,5.56,100,7,4,,1
광주과학기술원,삼성디스플레이; 울산과학기술원,71.45,100.0,47.24,100.0,14.29,75,6,3,,1
광주과학기술원,국방과학연구소; 한국과학기술원,71.09,100.0,47.24,100.0,28.57,50,4,2,,1
광주과학기술원,재단법인대구경북과학기술원; 광주과학기술원,69.93,100.0,47.24,100.0,37.5,25,4,1,,1
광주과학기술원,광주과학기술원; 오션스바이오,69.89,93.6,47.24,100.0,50.0,25,3,1,,1
광주과학기술원,광주과학기술원; 대한민국 (식품의약품안전처장),69.12,100.0,47.24,100.0,15.38,50,6,2,,1
광주과학기술원,부강테크; 한국화학연구원,68.95,100.0,47.24,100.0,14.29,50,4,2,,1
광주과학기술원,오투엔비; 한국건설기술연구원,68.59,100.0,47.24,100.0,28.57,25,6,1,,1
광주과학기술원,한국전기연구원,68.54,93.6,47.24,100.0,7.69,75,3,3,,1
광주과학기술원,한국과학기술연구원; 재단법인 멀티스케일 에너지시스템 연구단,67.75,100.0,47.24,100.0,6.25,50,4,2,,1
광주과학기술원,삼성전자; 한국과학기술원,67.39,93.6,47.24,100.0,16.67,50,3,2,,1
광주과학기술원,한국과학기술연구원; 재단법인 실감교류인체감응솔루션연구단,67.39,93.6,47.24,100.0,16.67,50,3,2,,1
광주과학기술원,한국기계연구원; 재단법인 파동에너지 극한제어 연구단,67.26,100.0,47.24,100.0,3.03,50,8,2,,1
광주과학기술원,울산과학기술원; 대한민국(기후에너지환경부 국립환경과학원장),66.81,100.0,47.24,100.0,16.67,25,4,1,,1
광주과학기술원,광주과학기술원; 재단법인대구경북과학기술원,65.57,93.6,47.24,100.0,4.55,50,3,2,,1
광주과학기술원,소재의맥;티엔에프; 울산과학기술원,65.31,100.0,47.24,100.0,6.67,25,5,1,,1
광주과학기술원,한국과학기술원; 재단법인 멀티스케일 에너지시스템 연구단,64.53,93.6,47.24,100.0,14.29,25,3,1,,1
광주과학기술원,한국철강; 한국과학기술원,64.53,93.6,47.24,100.0,14.29,25,3,1,,1
광주과학기술원,국방과학연구소; 광주과학기술원,64.26,93.6,47.24,100.0,12.5,25,3,1,,1
광주과학기술원,델리스; 한국식품연구원,63.89,93.6,47.24,100.0,10.0,25,3,1,,1
광주과학기술원,한국생명공학연구원,63.64,93.6,47.24,100.0,8.33,25,3,1,,1
광주과학기술원,토모큐브; 한국과학기술원,63.39,93.6,47.24,100.0,6.67,25,3,1,,1
광주과학기술원,한국세라믹기술원; 광주과학기술원,62.39,93.6,47.24,100.0,0.0,25,3,1,,1
광주과학기술원,한국화학연구원;시온텍,62.39,93.6,47.24,100.0,0.0,25,3,1,,1
광주과학기술원,효림이엔아이; 한국과학기술원,59.03,62.4,47.24,100.0,40.0,25,2,1,,1
광주과학기술원,광주과학기술원; 에스케이하이닉스,58.67,31.2,47.24,100.0,100.0,25,1,1,,1
광주과학기술원,대한민국 (식품의약품안전처장); 한국과학기술원,58.65,62.4,47.24,100.0,37.5,25,2,1,,1
광주과학기술원,펨트론; 한국과학기술원,58.03,62.4,47.24,100.0,33.33,25,2,1,,1
광주과학기술원,한국과학기술연구원; 재단법인 파동에너지 극한제어 연구단,58.03,62.4,47.24,100.0,16.67,50,2,2,,1
광주과학기술원,에쓰대시오일; 울산과학기술원,57.53,62.4,47.24,100.0,13.33,50,2,2,,1
광주과학기술원,위멤스; 광주과학기술원,57.53,62.4,47.24,100.0,30.0,25,2,1,,1
광주과학기술원,케이티; 한국과학기술원,57.03,62.4,47.24,100.0,26.67,25,2,1,,1
광주과학기술원,한국전자통신연구원; 광주과학기술원,56.03,62.4,47.24,100.0,20.0,25,2,1,,1
광주과학기술원,한국화학연구원; 광주과학기술원,56.03,62.4,47.24,100.0,20.0,25,2,1,,1
광주과학기술원,블루타일랩; 한국전자통신연구원,55.17,62.4,47.24,100.0,14.29,25,2,1,,1
광주과학기술원,울산과학기술원;프런티어에너지솔루션,54.7,62.4,47.24,100.0,11.11,25,2,1,,1
광주과학기술원,포엘; 광주과학기술원,53.03,62.4,47.24,100.0,0.0,25,2,1,,1
광주과학기술원,로엔서지컬; 한국과학기술원,49.29,31.2,47.24,100.0,37.5,25,1,1,,1
광주과학기술원,광주과학기술원; 한국수력원자력,48.67,31.2,47.24,100.0,33.33,25,1,1,,1
광주과학기술원,한국첨단소재; 재단법인대구경북과학기술원,47.42,31.2,47.24,100.0,25.0,25,1,1,,1
광주과학기술원,한국수자원공사; 울산과학기술원,46.67,31.2,47.24,100.0,20.0,25,1,1,,1
광주과학기술원,현대자동차; 기아; 광주과학기술원,46.4,31.2,47.24,100.0,18.18,25,1,1,,1
광주과학기술원,케스피온; 한국전자통신연구원,46.17,31.2,47.24,100.0,16.67,25,1,1,,1
광주과학기술원,한글과컴퓨터; 한국과학기술원,46.17,31.2,47.24,100.0,16.67,25,1,1,,1
광주과학기술원,화신; 재단법인대구경북과학기술원,45.54,31.2,47.24,100.0,12.5,25,1,1,,1
광주과학기술원,광주과학기술원; 삼성엘이디,45.34,31.2,47.24,100.0,11.11,25,1,1,,1
광주과학기술원,한국전자통신연구원; 한국 한의학 연구원,45.34,31.2,47.24,100.0,11.11,25,1,1,,1
광주과학기술원,도원엔지니어링건축사사무소; 한국과학기술원,45.17,31.2,47.24,100.0,10.0,25,1,1,,1
광주과학기술원,엘지전자; 한국과학기술원,44.92,31.2,47.24,100.0,8.33,25,1,1,,1
광주과학기술원,한국과학기술연구원;리원바이오,44.55,31.2,47.24,100.0,5.88,25,1,1,,1
광주과학기술원,한국화학연구원;제일화성,44.55,31.2,47.24,100.0,5.88,25,1,1,,1
광주과학기술원,국방과학연구소; 한국생명공학연구원,43.67,31.2,47.24,100.0,0.0,25,1,1,,1
광주과학기술원,울산과학기술원; 한국과학기술연구원,43.67,31.2,47.24,100.0,0.0,25,1,1,,1
광주과학기술원,재단법인 파동에너지 극한제어 연구단; 한국기계연구원,43.67,31.2,47.24,100.0,0.0,25,1,1,,1
광주과학기술원,한국과학기술연구원; 울산과학기술원,43.67,31.2,47.24,100.0,0.0,25,1,1,,1
광주과학기술원,현대자동차; 기아; 한국화학연구원,43.67,31.2,47.24,100.0,0.0,25,1,1,,1
광주과학기술원; 경상국립대학교,광주과학기술원,67.39,93.6,47.24,100.0,33.33,25,3,1,,1
광주과학기술원; 고려대학교,한국과학기술원,55.76,62.4,47.24,100.0,18.18,25,2,1,,1
광주과학기술원; 고려대학교,광주과학기술원,49.67,31.2,47.24,100.0,40.0,25,1,1,,1
광주과학기술원; 국민대학교,한국과학기술연구원,64.53,93.6,47.24,100.0,14.29,25,3,1,,1
광주과학기술원; 국민대학교,한국과학기술원,47.95,31.2,47.24,100.0,28.57,25,1,1,,1
광주과학기술원; 부산대학교,광주과학기술원,64.31,100.0,47.24,100.0,0.0,25,4,1,,1
광주과학기술원; 전남대학교,재단법인대구경북과학기술원,68.01,93.6,47.24,100.0,37.5,25,3,1,,1
광주과학기술원; 전남대학교,광주과학기술원,62.39,93.6,47.24,100.0,0.0,25,3,1,,1
광주과학기술원; 조선대학교,한국과학기술원,45.17,31.2,47.24,100.0,10.0,25,1,1,,1
광주과학기술원; 한국기초과학지원연구원; 전남대학교,라디안큐바이오; 광주과학기술원,63.64,93.6,47.24,100.0,8.33,25,3,1,,1
광주대학교,한국건설기술연구원,72.0,100.0,47.24,100.0,17.95,75,4,3,,1
광주대학교,엠이엘 텔레콤; 한국전자통신연구원,63.89,93.6,47.24,100.0,10.0,25,3,1,,1
광주대학교,한국식품연구원,58.26,62.4,47.24,100.0,18.18,50,2,2,,1
광주여자대학교,한국지질자원연구원,49.03,31.2,47.24,100.0,35.71,25,1,1,,1
국립강릉원주대학교,한국식품연구원,74.86,100.0,47.24,100.0,20.37,100,17,10,,1
국립강릉원주대학교,한국해양과학기술원,74.33,100.0,47.24,100.0,16.83,100,26,17,,1
국립강릉원주대학교,한국기계연구원,73.84,100.0,47.24,100.0,13.51,100,11,5,,1
국립강릉원주대학교,한국과학기술원,73.5,100.0,47.24,100.0,11.25,100,22,13,,1
국립강릉원주대학교,한국원자력연구원,73.27,100.0,47.24,100.0,9.76,100,7,4,,1
국립강릉원주대학교,울산과학기술원,73.17,100.0,47.24,100.0,9.09,100,16,6,,1
국립강릉원주대학교,한국전자통신연구원,72.96,100.0,47.24,100.0,7.69,100,10,5,,1
국립강릉원주대학교,한국과학기술연구원,71.71,100.0,47.24,100.0,16.0,75,9,3,,1
국립강릉원주대학교,한국에너지기술연구원,71.65,100.0,47.24,100.0,15.62,75,6,3,,1
국립강릉원주대학교,한국표준과학연구원,68.35,93.6,47.24,100.0,23.08,50,3,2,,1
국립강릉원주대학교,한국생명공학연구원,68.15,93.6,47.24,100.0,21.74,50,3,2,,1
국립강릉원주대학교,한국건설기술연구원,58.03,62.4,47.24,100.0,16.67,50,2,2,,1
국립강릉원주대학교,광주과학기술원,57.31,62.4,47.24,100.0,28.57,25,2,1,,1
국립강릉원주대학교,한국화학연구원;로드텍,56.36,62.4,47.24,100.0,22.22,25,2,1,,1
국립강릉원주대학교,한국전기연구원,53.03,62.4,47.24,100.0,0.0,25,2,1,,1
국립강릉원주대학교,한국지질자원연구원,53.03,62.4,47.24,100.0,0.0,25,2,1,,1
국립강릉원주대학교,재단법인대구경북과학기술원,45.54,31.2,47.24,100.0,12.5,25,1,1,,1
국립경국대학교,한국식품연구원,77.06,100.0,47.24,100.0,35.0,100,14,7,,1
국립경국대학교,한국과학기술원,74.12,100.0,47.24,100.0,15.38,100,15,6,,1
국립경국대학교,울산과학기술원,72.88,100.0,47.24,100.0,7.14,100,12,4,,1
국립경국대학교,한국표준과학연구원,72.15,100.0,47.24,100.0,18.92,75,9,3,,1
국립경국대학교,한국과학기술연구원,71.53,100.0,47.24,100.0,14.81,75,5,3,,1
국립경국대학교,한국기계연구원,71.45,100.0,47.24,100.0,14.29,75,7,3,,1
국립경국대학교,한국건설기술연구원;케이에스씨,66.67,93.6,47.24,100.0,28.57,25,3,1,,1
국립경국대학교,한국건설기술연구원,64.89,93.6,47.24,100.0,16.67,25,3,1,,1
국립경국대학교,한국과학기술원; 삼성전자,64.89,93.6,47.24,100.0,16.67,25,3,1,,1
국립경국대학교,한국전기연구원,64.89,93.6,47.24,100.0,0.0,50,3,2,,1
국립경국대학교,한국지질자원연구원,64.31,100.0,47.24,100.0,0.0,25,4,1,,1
국립경국대학교,한국생명공학연구원; 재단법인 농축산용미생물산업육성지원센터,64.28,62.4,47.24,100.0,75.0,25,2,1,,1
국립경국대학교,재단법인대구경북과학기술원,63.39,93.6,47.24,100.0,6.67,25,3,1,,1
국립경국대학교,한국과학기술연구원; 베트남-코리아 인스티튜트 오브 사이언스 앤드 테크놀로지,59.46,62.4,47.24,100.0,42.86,25,2,1,,1
국립경국대학교,한국과학기술원;성일에스아이엠,58.65,62.4,47.24,100.0,37.5,25,2,1,,1
국립경국대학교,한국에너지기술연구원,57.53,62.4,47.24,100.0,30.0,25,2,1,,1
국립경국대학교,수영하이텍;세화이에스; 한국지질자원연구원,47.76,31.2,47.24,100.0,27.27,25,1,1,,1
국립경국대학교,한국전자통신연구원,46.67,31.2,47.24,100.0,20.0,25,1,1,,1
국립경국대학교,대한민국(농촌진흥청장); 한국과학기술원,46.17,31.2,47.24,100.0,16.67,25,1,1,,1
국립경국대학교,한국화학연구원; 인바이오,45.81,31.2,47.24,100.0,14.29,25,1,1,,1
국립경국대학교,한국해양과학기술원,44.32,31.2,47.24,100.0,4.35,25,1,1,,1
국립공주대학교,한국해양과학기술원,75.63,100.0,47.24,100.0,25.45,100,10,5,,1
국립공주대학교,한국전기연구원,75.05,100.0,47.24,100.0,21.62,100,12,7,,1
국립공주대학교,한국과학기술연구원,74.61,100.0,47.24,100.0,18.67,100,18,7,,1
국립공주대학교,한국기계연구원,73.88,100.0,47.24,100.0,13.79,100,12,6,,1
국립공주대학교,한국과학기술원,73.82,100.0,47.24,100.0,13.41,100,19,8,,1
국립공주대학교,한국원자력연구원,73.51,100.0,47.24,100.0,11.36,100,10,4,,1
국립공주대학교,한국식품연구원,73.45,100.0,47.24,100.0,27.59,75,8,3,,1
국립공주대학교,한국에너지기술연구원,73.45,100.0,47.24,100.0,10.91,100,9,5,,1
국립공주대학교,한국전자통신연구원,73.36,100.0,47.24,100.0,10.34,100,13,8,,1
국립공주대학교,한국건설기술연구원,73.12,100.0,47.24,100.0,8.77,100,9,5,,1
국립공주대학교,울산과학기술원,72.99,100.0,47.24,100.0,41.18,50,4,2,,1
국립공주대학교,재단법인 파동에너지 극한제어 연구단; 한국기계연구원,72.88,100.0,47.24,100.0,7.14,100,5,4,,1
국립공주대학교,한국화학연구원,70.67,100.0,47.24,100.0,9.09,75,7,3,,1
국립공주대학교,한국생명공학연구원,69.46,100.0,47.24,100.0,17.65,50,5,2,,1
국립공주대학교,재단법인대구경북과학기술원,68.35,93.6,47.24,100.0,23.08,50,3,2,,1
국립공주대학교,한국식품연구원; 서천군,68.06,100.0,47.24,100.0,25.0,25,4,1,,1
국립공주대학교,한국지질자원연구원,67.81,100.0,47.24,100.0,6.67,50,4,2,,1
국립공주대학교,한국건설기술연구원;엔비텍이앤씨;엔에스테크닉스,67.39,93.6,47.24,100.0,33.33,25,3,1,,1
국립공주대학교,한국표준과학연구원,63.75,93.6,47.24,100.0,9.09,25,3,1,,1
국립공주대학교,국방과학연구소; 재단법인대구경북과학기술원,62.39,93.6,47.24,100.0,0.0,25,3,1,,1
국립공주대학교,한국과학기술연구원; 한국과학기술원,58.14,62.4,47.24,100.0,17.39,50,2,2,,1
국립공주대학교,한국과학기술원; 기초과학연구원,55.17,62.4,47.24,100.0,14.29,25,2,1,,1
국립공주대학교,재단법인대구경북과학기술원;지금아이앤씨,54.7,62.4,47.24,100.0,11.11,25,2,1,,1
국립공주대학교,현대자동차; 기아; 재단법인대구경북과학기술원,54.53,62.4,47.24,100.0,10.0,25,2,1,,1
국립공주대학교,민트세이지; 조희재; 한국과학기술원,49.67,31.2,47.24,100.0,40.0,25,1,1,,1
국립공주대학교,한국건설기술연구원;에코탄소,47.42,31.2,47.24,100.0,25.0,25,1,1,,1
국립공주대학교,에이치디씨랩스; 한국과학기술원,46.17,31.2,47.24,100.0,16.67,25,1,1,,1
국립공주대학교,광주과학기술원,45.71,31.2,47.24,100.0,13.64,25,1,1,,1
국립공주대학교,삼성디스플레이; 한국과학기술원,45.17,31.2,47.24,100.0,10.0,25,1,1,,1
국립공주대학교,비케이; 한국화학연구원,43.67,31.2,47.24,100.0,0.0,25,1,1,,1
국립군산대학교,한국과학기술원,75.0,100.0,47.24,100.0,21.28,100,11,6,,1
국립군산대학교,한국과학기술연구원,74.6,100.0,47.24,100.0,18.6,100,22,10,,1
국립군산대학교,한국해양과학기술원,74.58,100.0,47.24,100.0,18.46,100,14,7,,1
국립군산대학교,한국전자통신연구원,74.54,100.0,47.24,100.0,18.18,100,11,7,,1
국립군산대학교,한국건설기술연구원,73.81,100.0,47.24,100.0,13.33,100,8,5,,1
국립군산대학교,울산과학기술원,73.74,100.0,47.24,100.0,12.9,100,13,5,,1
국립군산대학교,한국화학연구원,73.2,100.0,47.24,100.0,9.3,100,8,4,,1
국립군산대학교,한국에너지기술연구원,72.43,100.0,47.24,100.0,4.17,100,8,4,,1
국립군산대학교,한국식품연구원,70.76,100.0,47.24,100.0,9.68,75,9,3,,1
국립군산대학교,재단법인대구경북과학기술원,70.04,93.6,47.24,100.0,17.65,75,3,3,,1
국립군산대학교,한국기계연구원,66.89,93.6,47.24,100.0,13.33,50,3,2,,1
국립군산대학교,한국원자력연구원,63.03,62.4,47.24,100.0,66.67,25,2,1,,1
국립군산대학교,한국화학연구원; 국립해양생물자원관,59.85,62.4,47.24,100.0,45.45,25,2,1,,1
국립군산대학교,엘지전자; 한국과학기술원,56.03,62.4,47.24,100.0,20.0,25,2,1,,1
국립군산대학교,광주과학기술원,49.67,31.2,47.24,100.0,40.0,25,1,1,,1
국립군산대학교,기초과학연구원; 울산과학기술원,47.42,31.2,47.24,100.0,25.0,25,1,1,,1
국립군산대학교,국립해양생물자원관; 한국화학연구원,46.17,31.2,47.24,100.0,16.67,25,1,1,,1
국립군산대학교,한국전자통신연구원; 재단법인대구경북과학기술원,45.81,31.2,47.24,100.0,14.29,25,1,1,,1
국립금오공과대학교,광주과학기술원,75.8,100.0,47.24,100.0,26.58,100,14,6,,1
국립금오공과대학교,한국전기연구원,75.56,100.0,47.24,100.0,25.0,100,5,4,,1
국립금오공과대학교,한국건설기술연구원,75.01,100.0,47.24,100.0,21.36,100,12,7,,1
국립금오공과대학교,재단법인대구경북과학기술원,74.91,100.0,47.24,100.0,20.69,100,12,7,,1
국립금오공과대학교,울산과학기술원,74.55,100.0,47.24,100.0,18.24,100,27,14,,1
국립금오공과대학교,한국과학기술연구원,74.51,100.0,47.24,100.0,18.03,100,36,19,,1
국립금오공과대학교,한국전자통신연구원,74.33,100.0,47.24,100.0,16.8,100,28,14,,1
국립금오공과대학교,한국기계연구원,74.15,100.0,47.24,100.0,15.62,100,13,7,,1
국립금오공과대학교,한국과학기술원,74.12,100.0,47.24,100.0,15.38,100,14,7,,1
국립금오공과대학교,한국에너지기술연구원,74.04,100.0,47.24,100.0,14.89,100,16,8,,1
국립금오공과대학교,한국화학연구원,73.68,100.0,47.24,100.0,12.5,100,11,8,,1
국립금오공과대학교,한국해양과학기술원,71.13,100.0,47.24,100.0,12.12,75,8,3,,1
국립금오공과대학교,한국표준과학연구원,70.81,100.0,47.24,100.0,10.0,75,7,3,,1
국립금오공과대학교,한국원자력연구원,69.89,93.6,47.24,100.0,33.33,50,3,2,,1
국립금오공과대학교,한국화학연구원; 재단법인 구미전자정보기술원,69.31,100.0,47.24,100.0,0.0,75,5,3,,1
국립금오공과대학교,지노시스; 한국과학기술원,68.89,100.0,47.24,100.0,13.89,50,4,2,,1
국립금오공과대학교,엔도비전,65.68,93.6,47.24,100.0,5.26,50,3,2,,1
국립금오공과대학교,코오롱인더스트리; 한국과학기술원,65.31,100.0,47.24,100.0,6.67,25,8,1,,1
국립금오공과대학교,한국수력원자력; 한국과학기술원,63.54,93.6,47.24,100.0,7.69,25,3,1,,1
국립금오공과대학교,한국지질자원연구원,57.73,62.4,47.24,100.0,14.71,50,2,2,,1
국립금오공과대학교,한국과학기술원;모다모다,57.53,62.4,47.24,100.0,30.0,25,2,1,,1
국립금오공과대학교,삼성전자; 한국과학기술원,54.9,62.4,47.24,100.0,12.5,25,2,1,,1
국립금오공과대학교,에이치디한국조선해양; 에이치디현대중공업; 한국과학기술원,53.03,62.4,47.24,100.0,0.0,25,2,1,,1
국립금오공과대학교,엘아이지넥스원; 한국과학기술원,48.67,31.2,47.24,100.0,33.33,25,1,1,,1
국립금오공과대학교,지오로봇; 재단법인대구경북과학기술원,48.67,31.2,47.24,100.0,33.33,25,1,1,,1
국립금오공과대학교,넷비젼텔레콤; 한국전자통신연구원,47.42,31.2,47.24,100.0,25.0,25,1,1,,1
국립금오공과대학교,현대자동차; 기아; 울산과학기술원,46.93,31.2,47.24,100.0,21.74,25,1,1,,1
국립금오공과대학교,한국식품연구원,46.67,31.2,47.24,100.0,20.0,25,1,1,,1
국립금오공과대학교,한국전자통신연구원; 한국과학기술원,46.67,31.2,47.24,100.0,20.0,25,1,1,,1
국립금오공과대학교,한국항공우주산업; 한국과학기술원,46.48,31.2,47.24,100.0,18.75,25,1,1,,1
국립금오공과대학교,한국건설기술연구원;한림기술,45.89,31.2,47.24,100.0,14.81,25,1,1,,1
국립금오공과대학교,한국기계연구원; 한국과학기술원,45.54,31.2,47.24,100.0,12.5,25,1,1,,1
국립대학,재단법인대구경북과학기술원,53.03,62.4,47.24,100.0,0.0,25,2,1,,1
국립대학,한국전자통신연구원,53.03,62.4,47.24,100.0,0.0,25,2,1,,1
국립대학,한국화학연구원,43.67,31.2,47.24,100.0,0.0,25,1,1,,1
국립목포대학교,한국생명공학연구원,75.14,100.0,47.24,100.0,55.56,50,4,2,,1
국립목포대학교,한국해양과학기술원,74.95,100.0,47.24,100.0,20.95,100,45,16,,1
국립목포대학교,한국식품연구원,74.49,100.0,47.24,100.0,17.86,100,18,7,,1
국립목포대학교,한국전자통신연구원,74.43,100.0,47.24,100.0,17.5,100,22,13,,1
국립목포대학교,한국건설기술연구원,73.74,100.0,47.24,100.0,12.86,100,14,5,,1
국립목포대학교,한국과학기술원,72.31,100.0,47.24,100.0,3.33,100,7,4,,1
국립목포대학교,광주과학기술원,72.09,100.0,47.24,100.0,18.52,75,5,3,,1
국립목포대학교,한국기계연구원,71.87,100.0,47.24,100.0,17.07,75,13,3,,1
국립목포대학교,한국지질자원연구원,71.02,100.0,47.24,100.0,11.43,75,8,3,,1
국립목포대학교,한국원자력연구원,68.69,93.6,47.24,100.0,8.7,75,3,3,,1
국립목포대학교,재단법인대구경북과학기술원,66.81,100.0,47.24,100.0,0.0,50,4,2,,1
국립목포대학교,재단법인 포항산업과학연구원; 한국건설기술연구원,65.39,93.6,47.24,100.0,20.0,25,3,1,,1
국립목포대학교,한국해양과학기술원;코너스,65.03,62.4,47.24,100.0,80.0,25,2,1,,1
국립목포대학교,도원엔지니어링건축사사무소; 한국과학기술원,64.89,93.6,47.24,100.0,16.67,25,3,1,,1
국립목포대학교,한국화학연구원,57.03,62.4,47.24,100.0,10.0,50,2,2,,1
국립목포대학교,세이프텍리서치; 한국해양과학기술원,55.76,62.4,47.24,100.0,18.18,25,2,1,,1
국립목포대학교,한국에너지기술연구원,55.53,62.4,47.24,100.0,0.0,50,2,2,,1
국립목포대학교,한국전자통신연구원; 한국과학기술원,55.17,62.4,47.24,100.0,14.29,25,2,1,,1
국립목포대학교,한국기계연구원; 한국전력공사,53.67,31.2,47.24,100.0,66.67,25,1,1,,1
국립목포대학교,한길산업; 광주과학기술원,53.03,62.4,47.24,100.0,0.0,25,2,1,,1
국립목포대학교,한국과학기술연구원,49.67,31.2,47.24,100.0,40.0,25,1,1,,1
국립목포해양대학교,한국기계연구원,74.31,100.0,47.24,100.0,16.67,100,8,4,,1
국립목포해양대학교,한국해양과학기술원,73.98,100.0,47.24,100.0,14.49,100,24,8,,1
국립목포해양대학교,광주과학기술원,68.26,100.0,47.24,100.0,9.68,50,5,2,,1
국립목포해양대학교,한국전자통신연구원,65.77,93.6,47.24,100.0,5.88,50,3,2,,1
국립목포해양대학교,한국과학기술원,65.28,93.6,47.24,100.0,2.63,50,3,2,,1
국립목포해양대학교,한국건설기술연구원,43.67,31.2,47.24,100.0,0.0,25,1,1,,1
국립부경대학교,한국해양과학기술원,75.5,100.0,47.24,100.0,24.6,100,27,15,,1
국립부경대학교,한국건설기술연구원,75.46,100.0,47.24,100.0,24.36,100,22,13,,1
국립부경대학교,한국화학연구원,75.27,100.0,47.24,100.0,23.08,100,5,4,,1
국립부경대학교,한국식품연구원,74.6,100.0,47.24,100.0,18.6,100,7,4,,1
국립부경대학교,울산과학기술원,74.34,100.0,47.24,100.0,16.9,100,9,7,,1
국립부경대학교,한국과학기술원,74.34,100.0,47.24,100.0,16.84,100,18,10,,1
국립부경대학교,한국전자통신연구원,74.02,100.0,47.24,100.0,14.71,100,22,12,,1
국립부경대학교,한국원자력연구원,73.95,100.0,47.24,100.0,14.29,100,6,4,,1
국립부경대학교,한국기계연구원,73.73,100.0,47.24,100.0,12.82,100,15,7,,1
국립부경대학교,한국지질자원연구원,73.65,100.0,47.24,100.0,12.28,100,8,5,,1
국립부경대학교,재단법인대구경북과학기술원,73.55,100.0,47.24,100.0,11.63,100,7,4,,1
국립부경대학교,한국과학기술연구원,73.1,100.0,47.24,100.0,8.62,100,18,10,,1
국립부경대학교,한국에너지기술연구원,72.59,100.0,47.24,100.0,21.88,75,5,3,,1
국립부경대학교,광주과학기술원,71.07,100.0,47.24,100.0,11.76,75,7,3,,1
국립부경대학교,한국생명공학연구원,64.89,93.6,47.24,100.0,16.67,25,3,1,,1
국립부경대학교,기초과학연구원; 한국과학기술원,62.39,93.6,47.24,100.0,0.0,25,3,1,,1
국립부경대학교,대한민국(농촌진흥청장); 한국해양과학기술원,58.65,62.4,47.24,100.0,37.5,25,2,1,,1
국립부경대학교,학교법인 선목학원,58.39,62.4,47.24,100.0,35.71,25,2,1,,1
국립부경대학교,한국기계연구원; 한국소재융합연구원,55.76,62.4,47.24,100.0,18.18,25,2,1,,1
국립부경대학교,한국식품연구원;에스앤디,55.53,62.4,47.24,100.0,16.67,25,2,1,,1
국립부경대학교,삼성전자; 한국과학기술원,55.17,62.4,47.24,100.0,14.29,25,2,1,,1
국립부경대학교,울산과학기술원; 한국전자통신연구원,54.9,62.4,47.24,100.0,12.5,25,2,1,,1
국립부경대학교,코오롱글로벌;중원; 한국건설기술연구원; 마인드원; 에레드,54.7,62.4,47.24,100.0,11.11,25,2,1,,1
국립부경대학교,한국전기연구원,54.18,62.4,47.24,100.0,7.69,25,2,1,,1
국립부경대학교,한국수자원공사; 광주과학기술원,47.0,31.2,47.24,100.0,22.22,25,1,1,,1
국립부경대학교,한국화학연구원; 재단법인 대구경북첨단의료산업진흥재단,46.88,31.2,47.24,100.0,21.43,25,1,1,,1
국립부경대학교,휴랜,45.54,31.2,47.24,100.0,12.5,25,1,1,,1
국립부경대학교,엘지전자; 한국과학기술원,45.34,31.2,47.24,100.0,11.11,25,1,1,,1
국립부경대학교,한국표준과학연구원,45.34,31.2,47.24,100.0,11.11,25,1,1,,1
국립부경대학교,재단법인대구경북과학기술원; 한국과학기술원,43.67,31.2,47.24,100.0,0.0,25,1,1,,1
국립부경대학교,한국건설기술연구원; 김용,43.67,31.2,47.24,100.0,0.0,25,1,1,,1
국립순천대학교,한국기계연구원,76.06,100.0,47.24,100.0,28.33,100,15,7,,1
국립순천대학교,한국화학연구원,76.01,100.0,47.24,100.0,28.0,100,6,4,,1
국립순천대학교,한국해양과학기술원,75.63,100.0,47.24,100.0,25.49,100,15,5,,1
국립순천대학교,한국과학기술원,75.46,100.0,47.24,100.0,24.32,100,14,8,,1
국립순천대학교,한국전자통신연구원,74.87,100.0,47.24,100.0,20.43,100,31,16,,1
국립순천대학교,한국과학기술연구원,74.45,100.0,47.24,100.0,17.59,100,23,12,,1
국립순천대학교,한국식품연구원,74.38,100.0,47.24,100.0,17.14,100,12,7,,1
국립순천대학교,한국건설기술연구원,73.52,100.0,47.24,100.0,11.43,100,24,8,,1
국립순천대학교,광주과학기술원,73.36,100.0,47.24,100.0,10.34,100,13,6,,1
국립순천대학교,한국원자력연구원,73.35,100.0,47.24,100.0,10.26,100,5,4,,1
국립순천대학교,한국에너지기술연구원,72.23,100.0,47.24,100.0,19.44,75,4,3,,1
국립순천대학교,한국전기연구원,72.07,100.0,47.24,100.0,1.72,100,10,5,,1
국립순천대학교,한국생명공학연구원,69.03,100.0,47.24,100.0,14.81,50,4,2,,1
국립순천대학교,한국과학기술원; 한국남동발전,66.39,93.6,47.24,100.0,10.0,50,3,2,,1
국립순천대학교,한국건설기술연구원;케이티앤씨,65.39,93.6,47.24,100.0,20.0,25,3,1,,1
국립순천대학교,울산과학기술원,64.89,93.6,47.24,100.0,16.67,25,3,1,,1
국립순천대학교,광주과학기술원; 퍼듀 리서치 파운데이션,62.39,93.6,47.24,100.0,0.0,25,3,1,,1
국립순천대학교,한국지질자원연구원,58.53,62.4,47.24,100.0,20.0,50,2,2,,1
국립순천대학교,한국기계연구원; 한국과학기술연구원,56.78,62.4,47.24,100.0,25.0,25,2,1,,1
국립순천대학교,엘에스과학기술원,55.53,62.4,47.24,100.0,16.67,25,2,1,,1
국립순천대학교,이지팜; 한국전자통신연구원,54.9,62.4,47.24,100.0,12.5,25,2,1,,1
국립순천대학교,재단법인대구경북과학기술원,53.03,62.4,47.24,100.0,0.0,25,2,1,,1
국립순천대학교,재단법인대구경북과학기술원; 광주과학기술원,48.67,31.2,47.24,100.0,33.33,25,1,1,,1
국립순천대학교,워터코리아; 재단법인대구경북과학기술원,47.42,31.2,47.24,100.0,25.0,25,1,1,,1
국립순천대학교,한국건설기술연구원; 한남수,45.81,31.2,47.24,100.0,14.29,25,1,1,,1
국립순천대학교,한국과학기술연구원; 한국에너지기술연구원,45.03,31.2,47.24,100.0,9.09,25,1,1,,1
국립암센터,국립암센터; 한국화학연구원,75.74,100.0,47.24,100.0,42.86,75,4,3,,1
국립암센터,한국화학연구원; 국립암센터,69.12,100.0,47.24,100.0,15.38,50,4,2,,1
국립창원대학교,한국원자력연구원,74.6,100.0,47.24,100.0,18.6,100,11,4,,1
국립창원대학교,한국전자통신연구원,74.49,100.0,47.24,100.0,17.86,100,16,8,,1
국립창원대학교,재단법인대구경북과학기술원,74.04,100.0,47.24,100.0,14.89,100,6,5,,1
국립창원대학교,한국기계연구원,73.59,100.0,47.24,100.0,11.84,100,12,6,,1
국립창원대학교,한국과학기술연구원,73.39,100.0,47.24,100.0,10.53,100,12,7,,1
국립창원대학교,한국과학기술원,73.17,100.0,47.24,100.0,9.09,100,7,4,,1
국립창원대학교,한국해양과학기술원,73.1,100.0,47.24,100.0,8.62,100,7,5,,1
국립창원대학교,울산과학기술원,71.92,100.0,47.24,100.0,17.39,75,7,3,,1
국립창원대학교,한국전기연구원,70.72,100.0,47.24,100.0,9.38,75,5,3,,1
국립창원대학교,한국지질자원연구원,68.3,93.6,47.24,100.0,22.73,50,3,2,,1
국립창원대학교,한국건설기술연구원,64.06,93.6,47.24,100.0,11.11,25,3,1,,1
국립창원대학교,한국화학연구원; 국방과학연구소,53.82,62.4,47.24,100.0,5.26,25,2,1,,1
국립창원대학교,현대자동차; 한국과학기술연구원,49.29,31.2,47.24,100.0,37.5,25,1,1,,1
국립창원대학교,한국식품연구원,49.12,31.2,47.24,100.0,36.36,25,1,1,,1
국립창원대학교,한국생명공학연구원,48.67,31.2,47.24,100.0,33.33,25,1,1,,1
국립창원대학교,한국건설기술연구원; 프라임에너텍,45.67,31.2,47.24,100.0,13.33,25,1,1,,1
국립창원대학교,한국표준과학연구원,44.55,31.2,47.24,100.0,5.88,25,1,1,,1
국립창원대학교,한국에너지기술연구원,43.67,31.2,47.24,100.0,0.0,25,1,1,,1
국립창원대학교,한국화학연구원,43.67,31.2,47.24,100.0,0.0,25,1,1,,1
국립한국교통대학교,한국식품연구원,75.76,100.0,47.24,100.0,26.32,100,7,4,,1
국립한국교통대학교,한국기계연구원,74.43,100.0,47.24,100.0,17.46,100,8,7,,1
국립한국교통대학교,한국과학기술연구원,74.1,100.0,47.24,100.0,15.25,100,15,6,,1
국립한국교통대학교,한국과학기술원,74.07,100.0,47.24,100.0,15.09,100,11,6,,1
국립한국교통대학교,한국전기연구원,74.05,100.0,47.24,100.0,14.93,100,15,6,,1
국립한국교통대학교,한국화학연구원,73.91,100.0,47.24,100.0,14.04,100,5,4,,1
국립한국교통대학교,한국건설기술연구원,73.74,100.0,47.24,100.0,12.86,100,23,8,,1
국립한국교통대학교,한국전자통신연구원,72.52,100.0,47.24,100.0,21.43,75,4,3,,1
국립한국교통대학교,한국에너지기술연구원,71.53,93.6,47.24,100.0,27.59,75,3,3,,1
국립한국교통대학교,재단법인대구경북과학기술원,70.1,100.0,47.24,100.0,5.26,75,4,3,,1
국립한국교통대학교,울산과학기술원,70.04,100.0,47.24,100.0,4.88,75,7,3,,1
국립한국교통대학교,한국기계연구원;에스에프에너지,66.81,100.0,47.24,100.0,16.67,25,10,1,,1
국립한국교통대학교,한국원자력연구원,65.04,93.6,47.24,100.0,17.65,25,3,1,,1
국립한국교통대학교,한국에너지기술연구원; 한국과학기술원,56.89,62.4,47.24,100.0,9.09,50,2,2,,1
국립한국교통대학교,광주과학기술원,56.36,62.4,47.24,100.0,5.56,50,2,2,,1
국립한국교통대학교,한국지질자원연구원,55.03,62.4,47.24,100.0,13.33,25,2,1,,1
국립한국교통대학교,한국건설기술연구원;까뮤이앤씨,47.95,31.2,47.24,100.0,28.57,25,1,1,,1
국립한국교통대학교,동일기술공사; 한국건설기술연구원; 에스비엔지니어링,45.81,31.2,47.24,100.0,14.29,25,1,1,,1
국립한국교통대학교,최성영,44.82,31.2,47.24,100.0,7.69,25,1,1,,1
국립한국교통대학교,울산과학기술원; 한국에너지기술연구원,43.67,31.2,47.24,100.0,0.0,25,1,1,,1
국립한국교통대학교,한국해양과학기술원,43.67,31.2,47.24,100.0,0.0,25,1,1,,1
국립한국해양대학교,한국건설기술연구원,77.03,100.0,47.24,100.0,34.78,100,14,5,,1
국립한국해양대학교,한국해양과학기술원,76.6,100.0,47.24,100.0,31.96,100,56,24,,1
국립한국해양대학교,한국지질자원연구원,75.06,100.0,47.24,100.0,21.69,100,25,14,,1
국립한국해양대학교,한국원자력연구원,74.73,100.0,47.24,100.0,19.44,100,6,5,,1
국립한국해양대학교,한국과학기술원,74.59,100.0,47.24,100.0,18.52,100,6,4,,1
국립한국해양대학교,한국전자통신연구원,73.06,100.0,47.24,100.0,25.0,75,11,3,,1
국립한국해양대학교,한국에너지기술연구원,73.03,100.0,47.24,100.0,8.16,100,10,4,,1
국립한국해양대학교,한국과학기술연구원,72.15,100.0,47.24,100.0,2.27,100,5,4,,1
국립한국해양대학교,한국식품연구원,70.63,100.0,47.24,100.0,8.82,75,5,3,,1
국립한국해양대학교,울산과학기술원,66.81,100.0,47.24,100.0,0.0,50,6,2,,1
국립한국해양대학교,한국화학연구원,66.81,100.0,47.24,100.0,0.0,50,4,2,,1
국립한국해양대학교,한국지질자원연구원;지오뷰,56.36,62.4,47.24,100.0,22.22,25,2,1,,1
국립한국해양대학교,지오뷰; 한국지질자원연구원,55.34,62.4,47.24,100.0,15.38,25,2,1,,1
국립한국해양대학교,한국건설기술연구원;디피에스글로벌,54.9,62.4,47.24,100.0,12.5,25,2,1,,1
국립한국해양대학교,한국기계연구원,47.42,31.2,47.24,100.0,25.0,25,1,1,,1
국립한국해양대학교,국방과학연구소; 한국기계연구원,47.2,31.2,47.24,100.0,23.53,25,1,1,,1
국립한국해양대학교,한국표준과학연구원;에이치에스씨엠티,44.82,31.2,47.24,100.0,7.69,25,1,1,,1
국립한국해양대학교,고등기술연구원연구조합; 한국과학기술원,43.67,31.2,47.24,100.0,0.0,25,1,1,,1
국립한국해양대학교,광주과학기술원,43.67,31.2,47.24,100.0,0.0,25,1,1,,1
국립한국해양대학교,티에스테크; 한국건설기술연구원,43.67,31.2,47.24,100.0,0.0,25,1,1,,1
국립한국해양대학교,한국수력원자력; 한국과학기술원,43.67,31.2,47.24,100.0,0.0,25,1,1,,1
국립한밭대학교,한국원자력연구원,76.34,100.0,47.24,100.0,30.23,100,9,5,,1
국립한밭대학교,한국해양과학기술원,74.54,100.0,47.24,100.0,18.18,100,11,6,,1
국립한밭대학교,한국전자통신연구원,74.51,100.0,47.24,100.0,18.02,100,27,13,,1
국립한밭대학교,한국에너지기술연구원,74.13,100.0,47.24,100.0,15.48,100,39,19,,1
국립한밭대학교,한국기계연구원,74.07,100.0,47.24,100.0,15.09,100,10,6,,1
국립한밭대학교,한국건설기술연구원,73.94,100.0,47.24,100.0,14.18,100,29,12,,1
국립한밭대학교,한국과학기술연구원,73.86,100.0,47.24,100.0,13.7,100,36,17,,1
국립한밭대학교,한국전기연구원,73.68,100.0,47.24,100.0,12.5,100,6,4,,1
국립한밭대학교,울산과학기술원,73.48,100.0,47.24,100.0,11.11,100,10,7,,1
국립한밭대학교,한국과학기술원,73.25,100.0,47.24,100.0,9.62,100,19,12,,1
국립한밭대학교,재단법인대구경북과학기술원,72.99,100.0,47.24,100.0,7.89,100,7,5,,1
국립한밭대학교,광주과학기술원,72.88,100.0,47.24,100.0,7.14,100,7,4,,1
국립한밭대학교,한국화학연구원,71.24,100.0,47.24,100.0,12.9,75,15,3,,1
국립한밭대학교,한국생명공학연구원,68.95,100.0,47.24,100.0,14.29,50,4,2,,1
국립한밭대학교,삼원액트; 한국기계연구원,67.2,93.6,47.24,100.0,15.38,50,3,2,,1
국립한밭대학교,한국표준과학연구원,67.14,93.6,47.24,100.0,15.0,50,3,2,,1
국립한밭대학교,한국지질자원연구원,66.56,100.0,47.24,100.0,15.0,25,5,1,,1
국립한밭대학교,현대자동차; 기아; 한국과학기술원,65.77,93.6,47.24,100.0,5.88,50,3,2,,1
국립한밭대학교,한국과학기술원; 에임시스템,64.89,93.6,47.24,100.0,16.67,25,3,1,,1
국립한밭대학교,한국과학기술연구원;토페스,62.39,93.6,47.24,100.0,0.0,25,3,1,,1
국립한밭대학교,엘지에너지솔루션; 광주과학기술원,57.12,62.4,47.24,100.0,27.27,25,2,1,,1
국립한밭대학교,엠엘브이; 광주과학기술원,53.03,62.4,47.24,100.0,0.0,25,2,1,,1
국립한밭대학교,고등기술연구원연구조합; 한국과학기술원,49.12,31.2,47.24,100.0,36.36,25,1,1,,1
국립한밭대학교,마크로젠; 한국과학기술연구원,48.17,31.2,47.24,100.0,30.0,25,1,1,,1
국립한밭대학교,코렌스이엠; 울산과학기술원,48.17,31.2,47.24,100.0,30.0,25,1,1,,1
국립한밭대학교,한국표준과학연구원; 비즈웨이브,47.13,31.2,47.24,100.0,23.08,25,1,1,,1
국립한밭대학교,한국에너지기술연구원;지오씨엔아이,46.67,31.2,47.24,100.0,20.0,25,1,1,,1
국립한밭대학교,에스케이하이닉스; 한국과학기술원,45.81,31.2,47.24,100.0,14.29,25,1,1,,1
국립한밭대학교,한국식품연구원,45.81,31.2,47.24,100.0,14.29,25,1,1,,1
국립한밭대학교,현대자동차; 기아; 재단법인대구경북과학기술원,45.03,31.2,47.24,100.0,9.09,25,1,1,,1
국립한밭대학교,비올; 재단법인대구경북과학기술원;동일기연,43.67,31.2,47.24,100.0,0.0,25,1,1,,1
국민대학교,한국기계연구원,76.0,100.0,47.24,100.0,27.91,100,18,10,,1
국민대학교,한국건설기술연구원,75.77,100.0,47.24,100.0,26.39,100,17,11,,1
국민대학교,한국식품연구원,75.63,100.0,47.24,100.0,25.45,100,7,5,,1
국민대학교,한국과학기술연구원,75.6,100.0,47.24,100.0,25.24,100,22,12,,1
국민대학교,한국과학기술원,75.34,100.0,47.24,100.0,23.56,100,64,32,,1
국민대학교,재단법인대구경북과학기술원,75.09,100.0,47.24,100.0,21.9,100,26,15,,1
국민대학교,한국전자통신연구원,74.6,100.0,47.24,100.0,18.64,100,55,31,,1
국민대학교,울산과학기술원,74.02,100.0,47.24,100.0,14.74,100,28,12,,1
국민대학교,한국화학연구원,73.55,100.0,47.24,100.0,11.63,100,9,5,,1
국민대학교,한국해양과학기술원,73.39,100.0,47.24,100.0,10.53,100,14,6,,1
국민대학교,광주과학기술원,73.37,100.0,47.24,100.0,10.39,100,13,8,,1
국민대학교,한국에너지기술연구원,72.43,100.0,47.24,100.0,20.83,75,5,3,,1
국민대학교,한국원자력연구원,70.56,100.0,47.24,100.0,25.0,50,5,2,,1
국민대학교,재단법인 부산테크노파크; 한국해양과학기술원; 텔레픽스,67.0,93.6,47.24,100.0,30.77,25,3,1,,1
국민대학교,엘지화학; 한국과학기술원,66.67,93.6,47.24,100.0,28.57,25,3,1,,1
국민대학교,울산과학기술원; 한국동서발전,64.28,62.4,47.24,100.0,75.0,25,2,1,,1
국민대학교,한국생명공학연구원; 한국과학기술연구원; 한국화학연구원,64.26,93.6,47.24,100.0,12.5,25,3,1,,1
국민대학교,한국과학기술원;쓰리세컨즈,62.39,93.6,47.24,100.0,0.0,25,3,1,,1
국민대학교,한국전기연구원,61.15,62.4,47.24,100.0,37.5,50,2,2,,1
국민대학교,한국지질자원연구원,57.2,62.4,47.24,100.0,11.11,50,2,2,,1
국민대학교,한국생명공학연구원,54.9,62.4,47.24,100.0,12.5,25,2,1,,1
국민대학교,스마트에어챔버; 한국건설기술연구원,53.03,62.4,47.24,100.0,0.0,25,2,1,,1
국민대학교,덕산네오룩스; 울산과학기술원,46.17,31.2,47.24,100.0,16.67,25,1,1,,1
국민대학교,에스투더블유; 한국과학기술원,45.81,31.2,47.24,100.0,14.29,25,1,1,,1
국민대학교,한국표준과학연구원,45.17,31.2,47.24,100.0,10.0,25,1,1,,1
국민대학교,한국전력공사; 한국과학기술원;삼환티에프,43.67,31.2,47.24,100.0,0.0,25,1,1,,1
국방과학연구소,한국과학기술원,74.42,100.0,47.24,100.0,17.39,100,12,5,,1
국방과학연구소,국방과학연구소; 한국과학기술원,71.09,100.0,47.24,100.0,28.57,50,7,2,,1
국방과학연구소,국방과학연구소; 한국화학연구원,67.64,100.0,47.24,100.0,22.22,25,5,1,,1
국방과학연구소,국방과학연구소; 한국생명공학연구원,63.46,93.6,47.24,100.0,7.14,25,3,1,,1
국방과학연구소,한국전자통신연구원,55.34,62.4,47.24,100.0,15.38,25,2,1,,1
국방과학연구소,울산과학기술원,54.28,62.4,47.24,100.0,8.33,25,2,1,,1
국방과학연구소,광주과학기술원;미소정보기술,45.34,31.2,47.24,100.0,11.11,25,1,1,,1
국방과학연구소,국방과학연구소; 재단법인대구경북과학기술원,44.55,31.2,47.24,100.0,5.88,25,1,1,,1
국방과학연구소; 고려대학교,한국과학기술원,71.81,100.0,47.24,100.0,33.33,50,4,2,,1
국방과학연구소; 고려대학교,한국해양과학기술원,54.39,62.4,47.24,100.0,9.09,25,2,1,,1
국방과학연구소; 고려대학교,한국표준과학연구원,47.42,31.2,47.24,100.0,25.0,25,1,1,,1
국방과학연구소; 고려대학교,광주과학기술원,45.54,31.2,47.24,100.0,12.5,25,1,1,,1
국방과학연구소; 고려대학교,울산과학기술원,44.92,31.2,47.24,100.0,8.33,25,1,1,,1
국방과학연구소; 광운대학교,광주과학기술원,57.12,62.4,47.24,100.0,27.27,25,2,1,,1
국방과학연구소; 숭실대학교,재단법인대구경북과학기술원,65.39,93.6,47.24,100.0,20.0,25,3,1,,1
국방과학연구소; 숭실대학교,국방과학연구소; 재단법인대구경북과학기술원,64.89,93.6,47.24,100.0,16.67,25,3,1,,1
국방과학연구소; 숭실대학교,한국전자통신연구원,62.39,93.6,47.24,100.0,0.0,25,3,1,,1
국방과학연구소; 아주대학교,한국원자력연구원,47.0,31.2,47.24,100.0,22.22,25,1,1,,1
국방과학연구소; 아주대학교,울산과학기술원,45.17,31.2,47.24,100.0,10.0,25,1,1,,1
국방과학연구소; 인하대학교,한국과학기술원,43.67,31.2,47.24,100.0,0.0,25,1,1,,1
국방과학연구소; 중앙대학교,한국표준과학연구원,58.48,62.4,47.24,100.0,36.36,25,2,1,,1
국제뇌교육종합대학원대학교,한국과학기술원,53.03,62.4,47.24,100.0,0.0,25,2,1,,1
국토연구원,한국전자통신연구원,45.54,31.2,47.24,100.0,12.5,25,1,1,,1
국토연구원,한국건설기술연구원,45.34,31.2,47.24,100.0,11.11,25,1,1,,1
군장대학교,한국해양과학기술원,43.67,31.2,47.24,100.0,0.0,25,1,1,,1
극동대학교,한국전자통신연구원,49.44,31.2,47.24,100.0,38.46,25,1,1,,1
극동대학교,한국전기연구원,46.4,31.2,47.24,100.0,18.18,25,1,1,,1
기백이엔씨 주식회사; 세종대학교,한국해양과학기술원,53.03,62.4,47.24,100.0,0.0,25,2,1,,1
기아 주식회사,한국전자통신연구원,56.03,62.4,47.24,100.0,20.0,25,2,1,,1
기아 주식회사,한국과학기술원,54.7,62.4,47.24,100.0,11.11,25,2,1,,1
기아 주식회사; 현대자동차주식회사; 충남대학교,재단법인대구경북과학기술원,55.34,62.4,47.24,100.0,15.38,25,2,1,,1
기장물산 (주); 신라대학교,한국식품연구원,47.95,31.2,47.24,100.0,28.57,25,1,1,,1
기초과학연구원,기초과학연구원; 한국과학기술원,75.14,100.0,47.24,100.0,22.22,100,7,4,,1
기초과학연구원,기초과학연구원; 광주과학기술원,65.39,93.6,47.24,100.0,20.0,25,3,1,,1
기초과학연구원,한국과학기술원,54.9,62.4,47.24,100.0,12.5,25,2,1,,1
기초과학연구원,한국생명공학연구원,50.49,31.2,47.24,100.0,45.45,25,1,1,,1
기초과학연구원,한국과학기술연구원,48.17,31.2,47.24,100.0,30.0,25,1,1,,1
기초과학연구원,재단법인대구경북과학기술원;아토믹스; 기초과학연구원; 한국과학기술원,45.03,31.2,47.24,100.0,9.09,25,1,1,,1
기초과학연구원; 서울대학교,한국생명공학연구원,57.53,62.4,47.24,100.0,30.0,25,2,1,,1
기초과학연구원; 포항공과대학교,한국과학기술원,53.03,62.4,47.24,100.0,0.0,25,2,1,,1
기초과학연구원; 포항공과대학교,재단법인대구경북과학기술원,46.67,31.2,47.24,100.0,20.0,25,1,1,,1
김광희; 경동대학교,양양군; 한국식품연구원,50.1,31.2,47.24,100.0,42.86,25,1,1,,1
김기현,김기현; 한국건설기술연구원,43.67,31.2,47.24,100.0,0.0,25,1,1,,1
김동희; 전북대학교,한국전자통신연구원,62.39,93.6,47.24,100.0,0.0,25,3,1,,1
김변수; 동서대학교,한국전자통신연구원,43.67,31.2,47.24,100.0,0.0,25,1,1,,1
김병규,한국과학기술원,66.18,100.0,47.24,100.0,12.5,25,13,1,,1
김병규,한국과학기술연구원,49.67,31.2,47.24,100.0,40.0,25,1,1,,1
김병규,광주과학기술원,43.67,31.2,47.24,100.0,0.0,25,1,1,,1
김영식; 국립부경대학교,한국전자통신연구원,44.55,31.2,47.24,100.0,5.88,25,1,1,,1
김우열; 홍익대학교,한국과학기술연구원,54.9,62.4,47.24,100.0,12.5,25,2,1,,1
김원기; 한상훈; 충북대학교,한국건설기술연구원,43.67,31.2,47.24,100.0,0.0,25,1,1,,1
김재영; 국립강릉원주대학교,한국식품연구원,64.89,93.6,47.24,100.0,16.67,25,3,1,,1
김재평; 대림대학교,에스아이판; 한국표준과학연구원,47.95,31.2,47.24,100.0,28.57,25,1,1,,1
김종언; 제주대학교,한국식품연구원,55.17,62.4,47.24,100.0,14.29,25,2,1,,1
김지홍; 세명대학교,한국전자통신연구원,55.34,62.4,47.24,100.0,15.38,25,2,1,,1
김지홍; 세명대학교,한국과학기술연구원,53.03,62.4,47.24,100.0,0.0,25,2,1,,1
김포대학교,한국과학기술원,54.9,62.4,47.24,100.0,12.5,25,2,1,,1
김현우; 경민대학교,한국과학기술연구원,62.39,93.6,47.24,100.0,0.0,25,3,1,,1
김호민,한국과학기술원,63.75,93.6,47.24,100.0,9.09,25,3,1,,1
나사렛대학교,한국기계연구원,43.67,31.2,47.24,100.0,0.0,25,1,1,,1
남부대학교,한국전자통신연구원,68.68,100.0,47.24,100.0,12.5,50,4,2,,1
남부대학교,한국식품연구원,60.27,62.4,47.24,100.0,31.58,50,2,2,,1
남서울대학교,한국전자통신연구원,73.06,100.0,47.24,100.0,25.0,75,11,3,,1
남서울대학교,한국건설기술연구원,72.6,100.0,47.24,100.0,21.95,75,6,3,,1
남서울대학교,한국해양과학기술원,65.72,93.6,47.24,100.0,22.22,25,3,1,,1
남서울대학교,한국과학기술연구원,65.12,93.6,47.24,100.0,18.18,25,3,1,,1
남서울대학교,광주과학기술원,53.03,62.4,47.24,100.0,0.0,25,2,1,,1
남정림; 경기대학교,학교법인 일송학원,47.0,31.2,47.24,100.0,22.22,25,1,1,,1
내산산업개발 주식회사,한국과학기술연구원,69.35,93.6,47.24,100.0,13.04,75,3,3,,1
내산산업개발 주식회사,한국지질자원연구원,48.17,31.2,47.24,100.0,30.0,25,1,1,,1
네이버 주식회사; 서울과학기술대학교,한국과학기술원,45.34,31.2,47.24,100.0,11.11,25,1,1,,1
네이버랩스 주식회사; 서울대학교,한국원자력연구원,53.03,62.4,47.24,100.0,0.0,25,2,1,,1
네이버랩스 주식회사; 한국기술교육대학교,한국기계연구원,70.96,93.6,47.24,100.0,57.14,25,3,1,,1
네이버웹툰 유한회사; 연세대학교,한국전자통신연구원,44.82,31.2,47.24,100.0,7.69,25,1,1,,1
농업회사법인 그린합명회사,한국식품연구원; 이재현,47.76,31.2,47.24,100.0,27.27,25,1,1,,1
농업회사법인 주식회사 이비채; 대구한의대학교,한국식품연구원,48.67,31.2,47.24,100.0,33.33,25,1,1,,1
농업회사법인 주식회사 참다한바이오; 강원대학교,한국과학기술연구원,54.7,62.4,47.24,100.0,11.11,25,2,1,,1
농업회사법인 주식회사 한국라이스텍,한국식품연구원,56.78,62.4,47.24,100.0,25.0,25,2,1,,1
농업회사법인 주식회사 함양산양삼; 한국국제대학교,한국과학기술연구원,58.03,62.4,47.24,100.0,33.33,25,2,1,,1
농업회사법인 청보리 주식회사,한국식품연구원,55.53,62.4,47.24,100.0,16.67,25,2,1,,1
눅테크 컴퍼니 리미티드,한국전기연구원,46.67,31.2,47.24,100.0,20.0,25,1,1,,1
다나카 프레셔스 메탈 테크놀로지스 씨오 엘티디; 연세대학교,재단법인대구경북과학기술원,48.28,31.2,47.24,100.0,30.77,25,1,1,,1
다이텍연구원; 성균관대학교,한국전자통신연구원,64.89,100.0,47.24,100.0,3.85,25,8,1,,1
다이텍연구원; 한솔코에버 주식회사; (주)한밭자동제어; 성균관대학교,한국전자통신연구원,49.67,31.2,47.24,100.0,40.0,25,1,1,,1
단국대학교,한국건설기술연구원,74.81,100.0,47.24,100.0,20.0,100,8,6,,1
단국대학교,한국과학기술원,74.75,100.0,47.24,100.0,19.62,100,45,23,,1
단국대학교,재단법인대구경북과학기술원,74.71,100.0,47.24,100.0,19.35,100,8,4,,1
단국대학교,한국과학기술연구원,74.16,100.0,47.24,100.0,15.67,100,35,14,,1
단국대학교,한국기계연구원,74.13,100.0,47.24,100.0,15.49,100,13,5,,1
단국대학교,한국전자통신연구원,74.04,100.0,47.24,100.0,14.85,100,24,14,,1
단국대학교,울산과학기술원,73.68,100.0,47.24,100.0,12.5,100,17,8,,1
단국대학교,한국화학연구원,73.59,100.0,47.24,100.0,11.9,100,11,6,,1
단국대학교,광주과학기술원,73.15,100.0,47.24,100.0,8.96,100,18,8,,1
단국대학교,한국에너지기술연구원,72.66,100.0,47.24,100.0,5.66,100,24,6,,1
단국대학교,한국원자력연구원,70.76,100.0,47.24,100.0,9.68,75,5,3,,1
단국대학교,한국전기연구원,69.79,93.6,47.24,100.0,16.0,75,3,3,,1
단국대학교,한국식품연구원,68.31,100.0,47.24,100.0,10.0,50,8,2,,1
단국대학교,한국생명공학연구원,68.22,93.6,47.24,100.0,22.22,50,3,2,,1
단국대학교,재단법인대구경북과학기술원; 울산과학기술원,66.18,100.0,47.24,100.0,12.5,25,4,1,,1
단국대학교,한국전자통신연구원; 에스케이텔레콤,65.39,93.6,47.24,100.0,20.0,25,3,1,,1
단국대학교,한국화학연구원; 재단법인 포항산업과학연구원,63.64,93.6,47.24,100.0,8.33,25,3,1,,1
단국대학교,울산과학기술원; 재단법인대구경북과학기술원,56.78,62.4,47.24,100.0,25.0,25,2,1,,1
단국대학교,광주과학기술원;인지바이오,55.53,62.4,47.24,100.0,16.67,25,2,1,,1
단국대학교,국방과학연구소; 한국과학기술원,54.53,62.4,47.24,100.0,10.0,25,2,1,,1
단국대학교,울산과학기술원; 한국과학기술원,54.53,62.4,47.24,100.0,10.0,25,2,1,,1
단국대학교,한국에너지기술연구원; 한국전자통신연구원,53.03,62.4,47.24,100.0,0.0,25,2,1,,1
단국대학교,한국화학연구원; 한국과학기술원,53.03,62.4,47.24,100.0,0.0,25,2,1,,1
단국대학교,한국과학기술원; 빌리브마이크론,48.67,31.2,47.24,100.0,33.33,25,1,1,,1
단국대학교,한국해양과학기술원,48.67,31.2,47.24,100.0,33.33,25,1,1,,1
단국대학교,한국전자통신연구원; 한국과학기술원,47.42,31.2,47.24,100.0,25.0,25,1,1,,1
단국대학교,기초과학연구원; 광주과학기술원,46.17,31.2,47.24,100.0,16.67,25,1,1,,1
단국대학교,한국표준과학연구원,45.54,31.2,47.24,100.0,12.5,25,1,1,,1
단국대학교,재단법인 한국섬유기계융합연구원; 한국과학기술연구원,45.1,31.2,47.24,100.0,9.52,25,1,1,,1
단국대학교 천안캠퍼스,한국과학기술연구원,75.44,100.0,47.24,100.0,24.19,100,24,12,,1
단국대학교 천안캠퍼스,재단법인대구경북과학기술원,75.4,100.0,47.24,100.0,23.94,100,16,7,,1
단국대학교 천안캠퍼스,한국전기연구원,74.54,100.0,47.24,100.0,18.18,100,6,5,,1
단국대학교 천안캠퍼스,한국과학기술원,73.04,100.0,47.24,100.0,8.2,100,9,6,,1
단국대학교 천안캠퍼스,한국에너지기술연구원,70.38,100.0,47.24,100.0,7.14,75,4,3,,1
단국대학교 천안캠퍼스,한국화학연구원,70.12,100.0,47.24,100.0,5.41,75,6,3,,1
단국대학교 천안캠퍼스,울산과학기술원,69.12,100.0,47.24,100.0,15.38,50,4,2,,1
단국대학교 천안캠퍼스,한국식품연구원;라피끄,67.31,100.0,47.24,100.0,20.0,25,4,1,,1
단국대학교 천안캠퍼스,한국화학연구원;세포바이오; 한국생산기술연구원; 한국표준과학연구원,65.46,100.0,47.24,100.0,7.69,25,5,1,,1
단국대학교 천안캠퍼스,재단법인 환동해산업연구원; 한국식품연구원,64.96,100.0,47.24,100.0,4.35,25,5,1,,1
단국대학교 천안캠퍼스,한국표준과학연구원,64.53,93.6,47.24,100.0,14.29,25,3,1,,1
단국대학교 천안캠퍼스,한국과학기술원; 한국전자통신연구원,62.39,93.6,47.24,100.0,0.0,25,3,1,,1
단국대학교 천안캠퍼스,광주과학기술원,58.65,62.4,47.24,100.0,37.5,25,2,1,,1
단국대학교 천안캠퍼스,한국생명공학연구원,57.11,62.4,47.24,100.0,10.53,50,2,2,,1
단국대학교 천안캠퍼스,한국과학기술연구원;새론테크놀로지,55.17,62.4,47.24,100.0,14.29,25,2,1,,1
단국대학교 천안캠퍼스,한국전자통신연구원,55.17,62.4,47.24,100.0,14.29,25,2,1,,1
단국대학교 천안캠퍼스,한국전력공사; 한국과학기술원,54.1,62.4,47.24,100.0,7.14,25,2,1,,1
단국대학교 천안캠퍼스,현대자동차; 기아; 울산과학기술원,51.85,31.2,47.24,100.0,54.55,25,1,1,,1
단국대학교 천안캠퍼스,한국기계연구원,45.34,31.2,47.24,100.0,11.11,25,1,1,,1
단국대학교 천안캠퍼스,한국해양과학기술원,45.34,31.2,47.24,100.0,11.11,25,1,1,,1
단국대학교 천안캠퍼스,한국화학연구원; 한국생산기술연구원; 한국표준과학연구원;세포바이오,44.82,31.2,47.24,100.0,7.69,25,1,1,,1
담양군; 전남대학교,한국식품연구원,44.92,31.2,47.24,100.0,8.33,25,1,1,,1
대구가톨릭대학교,한국과학기술연구원,73.13,100.0,47.24,100.0,8.82,100,10,6,,1
대구가톨릭대학교,한국과학기술원,67.89,93.6,47.24,100.0,20.0,50,3,2,,1
대구가톨릭대학교,재단법인 지능형 바이오 시스템 설계 및 합성 연구단; 한국과학기술원,65.2,93.6,47.24,100.0,18.75,25,3,1,,1
대구가톨릭대학교,한국기계연구원,64.26,93.6,47.24,100.0,12.5,25,3,1,,1
대구가톨릭대학교,한국식품연구원,57.2,62.4,47.24,100.0,11.11,50,2,2,,1
대구가톨릭대학교,학교법인혜화학원,56.24,62.4,47.24,100.0,21.43,25,2,1,,1
대구가톨릭대학교,학교법인 경덕학원,50.49,31.2,47.24,100.0,45.45,25,1,1,,1
대구가톨릭대학교,한국생명공학연구원,48.17,31.2,47.24,100.0,30.0,25,1,1,,1
대구가톨릭대학교,한국건설기술연구원,47.95,31.2,47.24,100.0,28.57,25,1,1,,1
대구가톨릭대학교,한국식품연구원;팜덕,46.17,31.2,47.24,100.0,16.67,25,1,1,,1
대구가톨릭대학교,한국전자통신연구원,45.17,31.2,47.24,100.0,10.0,25,1,1,,1
대구대학교,한국식품연구원,75.56,100.0,47.24,100.0,25.0,100,15,4,,1
대구대학교,한국건설기술연구원;카이센테크,75.14,100.0,47.24,100.0,22.22,100,4,4,,1
대구대학교,한국과학기술원,74.0,100.0,47.24,100.0,14.58,100,5,4,,1
대구대학교,한국원자력연구원,71.9,100.0,47.24,100.0,17.24,75,4,3,,1
대구대학교,한국전자통신연구원,71.81,100.0,47.24,100.0,33.33,50,4,2,,1
대구대학교,한국기계연구원,66.81,100.0,47.24,100.0,0.0,50,4,2,,1
대구대학교,재단법인대구경북과학기술원,66.76,93.6,47.24,100.0,12.5,50,3,2,,1
대구대학교,한국과학기술연구원,66.76,93.6,47.24,100.0,12.5,50,3,2,,1
대구대학교,한국화학연구원,66.76,93.6,47.24,100.0,12.5,50,3,2,,1
대구대학교,포디믹스; 한국과학기술원,65.72,93.6,47.24,100.0,22.22,25,3,1,,1
대구대학교,한국식품연구원; 한국소재융합연구원,62.39,93.6,47.24,100.0,0.0,25,3,1,,1
대구대학교,울산과학기술원,57.84,62.4,47.24,100.0,15.38,50,2,2,,1
대구대학교,코렌스이엠; 울산과학기술원,55.53,62.4,47.24,100.0,16.67,25,2,1,,1
대구대학교,수양켐텍; 한국화학연구원,53.03,62.4,47.24,100.0,0.0,25,2,1,,1
대구대학교,한국과학기술연구원; 한국화학연구원,47.95,31.2,47.24,100.0,28.57,25,1,1,,1
대구대학교,경동엔지니어링; 고등기술연구원연구조합; 한국해양과학기술원,46.4,31.2,47.24,100.0,18.18,25,1,1,,1
대구대학교,포이닉스; 한국건설기술연구원,46.04,31.2,47.24,100.0,15.79,25,1,1,,1
대구대학교,한국해양과학기술원,45.81,31.2,47.24,100.0,14.29,25,1,1,,1
대구대학교,한국해양과학기술원;리영에스엔디;트랜스가스솔루션,45.81,31.2,47.24,100.0,14.29,25,1,1,,1
대구대학교,한국에너지기술연구원,43.67,31.2,47.24,100.0,0.0,25,1,1,,1
대구보건대학교,한국전기연구원,62.99,93.6,47.24,100.0,4.0,25,3,1,,1
대구보건대학교,한국과학기술연구원,53.03,62.4,47.24,100.0,0.0,25,2,1,,1
대구보건대학교,한국식품연구원,48.67,31.2,47.24,100.0,33.33,25,1,1,,1
대구보건대학교,한국건설기술연구원; 한국과학기술정보연구원,45.17,31.2,47.24,100.0,10.0,25,1,1,,1
대구보건대학교,우리소프트; 재단법인대구경북과학기술원,43.67,31.2,47.24,100.0,0.0,25,1,1,,1
대구보건대학교,재단법인대구경북과학기술원,43.67,31.2,47.24,100.0,0.0,25,1,1,,1
대구보건대학교,한국전자통신연구원,43.67,31.2,47.24,100.0,0.0,25,1,1,,1
대구한의대학교,한국식품연구원,74.93,100.0,47.24,100.0,20.83,100,10,6,,1
대구한의대학교,한국생명공학연구원,71.62,100.0,47.24,100.0,15.38,75,4,3,,1
대구한의대학교,한국원자력연구원,67.81,100.0,47.24,100.0,6.67,50,4,2,,1
대구한의대학교,한국과학기술연구원,65.04,93.6,47.24,100.0,17.65,25,3,1,,1
대구한의대학교,한국건설기술연구원,54.18,62.4,47.24,100.0,7.69,25,2,1,,1
대구한의대학교,대한민국(농촌진흥청장); 한국화학연구원,48.67,31.2,47.24,100.0,33.33,25,1,1,,1
대덕대학,한국과학기술원,56.03,62.4,47.24,100.0,20.0,25,2,1,,1
대덕대학,한국전기연구원,54.53,62.4,47.24,100.0,10.0,25,2,1,,1
대덕대학,한국전자통신연구원,45.54,31.2,47.24,100.0,12.5,25,1,1,,1
대림대학교,한국전기연구원,54.9,62.4,47.24,100.0,12.5,25,2,1,,1
대림대학교,한국과학기술원,53.03,62.4,47.24,100.0,0.0,25,2,1,,1
대상이앤씨(주); 강원대학교,한국건설기술연구원;실크로드티앤디,55.53,62.4,47.24,100.0,0.0,50,2,2,,1
대전과학기술대학교,한국전자통신연구원,57.12,62.4,47.24,100.0,27.27,25,2,1,,1
대전대학교,한국생명공학연구원,74.93,100.0,47.24,100.0,37.5,75,7,3,,1
대전대학교,한국식품연구원,74.54,100.0,47.24,100.0,18.18,100,7,5,,1
대전대학교,한국과학기술연구원,73.92,100.0,47.24,100.0,30.77,75,8,3,,1
대전대학교,광주과학기술원,72.78,93.6,47.24,100.0,52.63,50,3,2,,1
대전대학교,한국전자통신연구원,67.92,93.6,47.24,100.0,3.57,75,3,3,,1
대전대학교,한국과학기술원,66.45,100.0,47.24,100.0,14.29,25,4,1,,1
대전대학교,한국건설기술연구원,63.27,93.6,47.24,100.0,5.88,25,3,1,,1
대전대학교,울산과학기술원,62.39,93.6,47.24,100.0,0.0,25,3,1,,1
대전대학교,재단법인대구경북과학기술원,57.12,62.4,47.24,100.0,27.27,25,2,1,,1
대전대학교,한국화학연구원,53.03,62.4,47.24,100.0,0.0,25,2,1,,1
대전대학교,한국에너지기술연구원,47.42,31.2,47.24,100.0,25.0,25,1,1,,1
대전대학교,한국생명공학연구원;엔지켐생명과학,46.17,31.2,47.24,100.0,16.67,25,1,1,,1
대전대학교,비케이; 한국화학연구원,43.67,31.2,47.24,100.0,0.0,25,1,1,,1
대전대학교,한국원자력연구원,43.67,31.2,47.24,100.0,0.0,25,1,1,,1
대전보건대학교,한국전자통신연구원,48.67,31.2,47.24,100.0,33.33,25,1,1,,1
대진대학교,한국건설기술연구원,68.61,100.0,47.24,100.0,12.0,50,6,2,,1
대진대학교,한국과학기술원,58.99,62.4,47.24,100.0,23.08,50,2,2,,1
대진대학교,한국기계연구원,53.03,62.4,47.24,100.0,0.0,25,2,1,,1
대진대학교,한국지질자원연구원,45.54,31.2,47.24,100.0,12.5,25,1,1,,1
대진대학교,울산과학기술원,45.34,31.2,47.24,100.0,11.11,25,1,1,,1
대진대학교,한국에너지기술연구원,43.67,31.2,47.24,100.0,0.0,25,1,1,,1
대한검사기술(주); 서울과학기술대학교,한국기계연구원,50.1,31.2,47.24,100.0,42.86,25,1,1,,1
대한민국(국립재활원장),한국과학기술원; 대한민국(국립재활원장),69.31,100.0,47.24,100.0,33.33,25,5,1,,1
대한민국(국립재활원장),한국과학기술원,43.67,31.2,47.24,100.0,0.0,25,1,1,,1
대한민국(국립재활원장); 서강대학교,한국기계연구원,65.72,93.6,47.24,100.0,22.22,25,3,1,,1
대한민국(국립재활원장); 서강대학교,한국전기연구원,56.03,62.4,47.24,100.0,20.0,25,2,1,,1
대한민국(기상청장); 강원대학교,한국원자력연구원,49.92,31.2,47.24,100.0,41.67,25,1,1,,1
대한민국(기상청장); 경북대학교,한국건설기술연구원,68.06,100.0,47.24,100.0,8.33,50,4,2,,1
대한민국(기상청장); 경북대학교,한국지질자원연구원,47.42,31.2,47.24,100.0,25.0,25,1,1,,1
대한민국(기후에너지환경부 국립생물자원관장); 경남과학기술대학교,한국식품연구원,50.77,31.2,47.24,100.0,47.37,25,1,1,,1
대한민국(기후에너지환경부 국립생물자원관장); 한경국립대학교,한국식품연구원,71.67,93.6,47.24,100.0,28.57,75,3,3,,1
대한민국(농촌진흥청장),대한민국(농촌진흥청장); 재단법인대구경북과학기술원,67.57,100.0,47.24,100.0,21.74,25,9,1,,1
대한민국(농촌진흥청장),한국화학연구원,54.53,62.4,47.24,100.0,10.0,25,2,1,,1
대한민국(농촌진흥청장); (주)우성하이텍; 국립경국대학교,한국과학기술연구원,48.67,31.2,47.24,100.0,33.33,25,1,1,,1
대한민국(농촌진흥청장); 경기대학교,한국식품연구원,70.31,100.0,47.24,100.0,40.0,25,4,1,,1
대한민국(농촌진흥청장); 경남과학기술대학교,한국식품연구원,45.03,31.2,47.24,100.0,9.09,25,1,1,,1
대한민국(농촌진흥청장); 국립한국해양대학교,한국에너지기술연구원; 한국과학기술원,53.97,62.4,47.24,100.0,6.25,25,2,1,,1
대한민국(농촌진흥청장); 전남대학교,대한민국(농촌진흥청장); 한국과학기술원,49.29,31.2,47.24,100.0,37.5,25,1,1,,1
대한민국(농촌진흥청장); 차의과학대학교,한국원자력연구원,71.39,93.6,47.24,100.0,60.0,25,3,1,,1
대한민국(농촌진흥청장); 충남대학교,한국과학기술연구원,55.76,62.4,47.24,100.0,18.18,25,2,1,,1
대한민국(농촌진흥청장); 충남대학교,한국전자통신연구원,54.9,62.4,47.24,100.0,12.5,25,2,1,,1
대한민국(해양경찰청장),대한민국(해양경찰청 해양경찰연구센터장); 한국과학기술원,44.61,31.2,47.24,100.0,6.25,25,1,1,,1
대한민국(환경부 국립환경과학원장); 대전대학교,한국전자통신연구원,56.03,62.4,47.24,100.0,20.0,25,2,1,,1
더 보드 오브 리젠츠 오브 더 유니버시티 오브 텍사스 시스템,한국과학기술연구원,47.0,31.2,47.24,100.0,22.22,25,1,1,,1
덕성여자대학교,한국전자통신연구원,73.95,100.0,47.24,100.0,14.29,100,7,4,,1
덕성여자대학교,한국과학기술연구원,67.7,93.6,47.24,100.0,18.75,50,3,2,,1
덕성여자대학교,한국식품연구원,66.89,93.6,47.24,100.0,30.0,25,3,1,,1
덕성여자대학교,재단법인대구경북과학기술원,43.67,31.2,47.24,100.0,0.0,25,1,1,,1
델리아이 주식회사,한국건설기술연구원,65.98,100.0,47.24,100.0,11.11,25,4,1,,1
도시바삼성스토리지테크놀러지코리아 주식회사; 서울대학교,한국과학기술원; 코오롱인더스트리,56.78,62.4,47.24,100.0,25.0,25,2,1,,1
도시바삼성스토리지테크놀러지코리아 주식회사; 서울대학교,한국전기연구원,45.54,31.2,47.24,100.0,12.5,25,1,1,,1
도프텍(주); 포항공과대학교,디엘이앤씨; 한국과학기술원,65.72,93.6,47.24,100.0,22.22,25,3,1,,1
동국대학교,한국과학기술연구원,75.43,100.0,47.24,100.0,24.16,100,37,19,,1
동국대학교,광주과학기술원,75.32,100.0,47.24,100.0,23.44,100,20,8,,1
동국대학교,한국건설기술연구원,74.95,100.0,47.24,100.0,20.95,100,30,13,,1
동국대학교,한국전자통신연구원,74.49,100.0,47.24,100.0,17.86,100,75,35,,1
동국대학교,한국원자력연구원,74.36,100.0,47.24,100.0,16.98,100,8,6,,1
동국대학교,한국과학기술원,74.17,100.0,47.24,100.0,15.73,100,63,30,,1
동국대학교,한국기계연구원,74.17,100.0,47.24,100.0,15.73,100,16,10,,1
동국대학교,한국식품연구원,74.08,100.0,47.24,100.0,15.12,100,28,11,,1
동국대학교,한국화학연구원,74.0,100.0,47.24,100.0,31.25,75,4,3,,1
동국대학교,재단법인대구경북과학기술원,73.87,100.0,47.24,100.0,13.76,100,26,13,,1
동국대학교,울산과학기술원,73.7,100.0,47.24,100.0,12.61,100,21,13,,1
동국대학교,한국생명공학연구원,72.88,100.0,47.24,100.0,23.81,75,5,3,,1
동국대학교,한국에너지기술연구원,72.62,100.0,47.24,100.0,5.41,100,11,7,,1
동국대학교,한국해양과학기술원,70.14,100.0,47.24,100.0,22.22,50,5,2,,1
동국대학교,한국전기연구원,67.11,93.6,47.24,100.0,14.81,50,3,2,,1
동국대학교,광주과학기술원; 한국과학기술원,66.81,100.0,47.24,100.0,0.0,50,5,2,,1
동국대학교,한국표준과학연구원,65.89,93.6,47.24,100.0,6.67,50,3,2,,1
동국대학교,한국건설기술연구원;까뮤이앤씨,62.39,93.6,47.24,100.0,0.0,25,3,1,,1
동국대학교,한국과학기술연구원; 재단법인 실감교류인체감응솔루션연구단,58.03,62.4,47.24,100.0,16.67,50,2,2,,1
동국대학교,삼성전자; 한국과학기술원,56.83,62.4,47.24,100.0,8.7,50,2,2,,1
동국대학교,에이치아이엠; 한국기계연구원,56.36,62.4,47.24,100.0,22.22,25,2,1,,1
동국대학교,현대자동차; 기아; 한국과학기술원,54.1,62.4,47.24,100.0,7.14,25,2,1,,1
동국대학교,엘지전자; 한국과학기술원,53.03,62.4,47.24,100.0,0.0,25,2,1,,1
동국대학교,한국전자통신연구원; 한국표준과학연구원,52.0,31.2,47.24,100.0,55.56,25,1,1,,1
동국대학교 와이즈캠퍼스,한국원자력연구원,74.09,100.0,47.24,100.0,15.22,100,16,5,,1
동국대학교 와이즈캠퍼스,한국식품연구원,73.81,100.0,47.24,100.0,13.33,100,7,5,,1
동국대학교 와이즈캠퍼스,한국과학기술원,73.79,100.0,47.24,100.0,13.21,100,13,7,,1
동국대학교 와이즈캠퍼스,한국과학기술연구원,69.17,93.6,47.24,100.0,28.57,50,3,2,,1
동국대학교 와이즈캠퍼스,한국전자통신연구원,68.81,100.0,47.24,100.0,13.33,50,4,2,,1
동국대학교 와이즈캠퍼스,한국원자력연구원; 한국수력원자력,64.7,93.6,47.24,100.0,15.38,25,3,1,,1
동국대학교 와이즈캠퍼스,재단법인대구경북과학기술원,62.03,62.4,47.24,100.0,60.0,25,2,1,,1
동국대학교 와이즈캠퍼스,한국기계연구원,56.78,62.4,47.24,100.0,25.0,25,2,1,,1
동국대학교 와이즈캠퍼스,한국에너지기술연구원,53.03,62.4,47.24,100.0,0.0,25,2,1,,1
동국대학교 와이즈캠퍼스,한국건설기술연구원,46.67,31.2,47.24,100.0,20.0,25,1,1,,1
동국대학교 와이즈캠퍼스,한국화학연구원,46.17,31.2,47.24,100.0,16.67,25,1,1,,1
동국대학교 와이즈캠퍼스,한국식품연구원;라피끄,44.82,31.2,47.24,100.0,7.69,25,1,1,,1
동명대학교,한국전자통신연구원,74.33,100.0,47.24,100.0,16.79,100,35,17,,1
동명대학교,한국해양과학기술원,74.31,100.0,47.24,100.0,16.67,100,18,13,,1
동명대학교,한국기계연구원,74.05,100.0,47.24,100.0,14.93,100,5,4,,1
동명대학교,한국과학기술원,73.55,100.0,47.24,100.0,11.63,100,9,6,,1
동명대학교,한국에너지기술연구원,72.04,100.0,47.24,100.0,18.18,75,5,3,,1
동명대학교,한국과학기술연구원,71.07,100.0,47.24,100.0,11.76,75,9,3,,1
동명대학교,한국전기연구원,70.02,100.0,47.24,100.0,4.76,75,5,3,,1
동명대학교,재단법인대구경북과학기술원,69.63,100.0,47.24,100.0,2.13,75,6,3,,1
동명대학교,한국원자력연구원,69.57,100.0,47.24,100.0,18.42,50,4,2,,1
동명대학교,울산과학기술원; 재단법인 멀티스케일 에너지시스템 연구단,68.03,62.4,47.24,100.0,100.0,25,2,1,,1
동명대학교,광주과학기술원,59.94,62.4,47.24,100.0,29.41,50,2,2,,1
동명대학교,한국식품연구원,55.53,62.4,47.24,100.0,16.67,25,2,1,,1
동명대학교,한국건설기술연구원; 한국설비연구,54.18,62.4,47.24,100.0,7.69,25,2,1,,1
동명대학교,학교법인혜화학원,53.03,62.4,47.24,100.0,0.0,25,2,1,,1
동명대학교,울산과학기술원; 재단법인 대구경북첨단의료산업진흥재단,50.1,31.2,47.24,100.0,42.86,25,1,1,,1
동명대학교,울산과학기술원,49.67,31.2,47.24,100.0,40.0,25,1,1,,1
동명대학교,학교법인 두원학원; 두원중공업,47.76,31.2,47.24,100.0,27.27,25,1,1,,1
동명대학교,한국수력원자력; 한국과학기술원,46.04,31.2,47.24,100.0,15.79,25,1,1,,1
동명대학교,재단법인 부산테크노파크; 한국해양과학기술원; 텔레픽스,45.43,31.2,47.24,100.0,11.76,25,1,1,,1
동명대학교,킹 압둘라 시티 포 어토믹 앤드 리뉴어블 에너지; 한국원자력연구원,45.34,31.2,47.24,100.0,11.11,25,1,1,,1
동부이엔티 주식회사; 한경국립대학교,한국건설기술연구원,54.7,62.4,47.24,100.0,11.11,25,2,1,,1
동부이엔티 주식회사; 한경국립대학교,한국과학기술연구원,43.67,31.2,47.24,100.0,0.0,25,1,1,,1
동서대학교,재단법인대구경북과학기술원,75.31,100.0,47.24,100.0,23.33,100,6,4,,1
동서대학교,한국과학기술원,74.76,100.0,47.24,100.0,19.67,100,20,9,,1
동서대학교,한국전자통신연구원,74.64,100.0,47.24,100.0,18.85,100,29,16,,1
동서대학교,울산과학기술원,74.36,100.0,47.24,100.0,17.02,100,5,4,,1
동서대학교,한국건설기술연구원,73.54,100.0,47.24,100.0,11.54,100,8,5,,1
동서대학교,광주과학기술원,68.52,100.0,47.24,100.0,11.43,50,4,2,,1
동서대학교,한국해양과학기술원,68.46,93.6,47.24,100.0,23.81,50,3,2,,1
동서대학교,한국에너지기술연구원,68.42,100.0,47.24,100.0,10.71,50,4,2,,1
동서대학교,한국표준과학연구원; 대원정밀공업,64.89,93.6,47.24,100.0,16.67,25,3,1,,1
동서대학교,한국기계연구원,59.46,62.4,47.24,100.0,42.86,25,2,1,,1
동서대학교,한국원자력연구원,54.7,62.4,47.24,100.0,11.11,25,2,1,,1
동서대학교,한국식품연구원,54.61,62.4,47.24,100.0,10.53,25,2,1,,1
동서대학교,한국전기연구원,54.39,62.4,47.24,100.0,9.09,25,2,1,,1
동서대학교,한국과학기술연구원,54.03,62.4,47.24,100.0,6.67,25,2,1,,1
동서대학교,한국과학기술원;트루밸류,51.17,31.2,47.24,100.0,50.0,25,1,1,,1
동서대학교,아토리서치; 한국과학기술원,46.17,31.2,47.24,100.0,16.67,25,1,1,,1
동서대학교,엘지전자; 한국과학기술원,43.67,31.2,47.24,100.0,0.0,25,1,1,,1
동신대학교,한국전자통신연구원,74.37,100.0,47.24,100.0,17.07,100,9,5,,1
동신대학교,한국식품연구원,74.12,100.0,47.24,100.0,15.38,100,13,7,,1
동신대학교,한국화학연구원;인터로조,70.98,100.0,47.24,100.0,27.78,50,4,2,,1
동신대학교,한국지질자원연구원,70.74,100.0,47.24,100.0,42.86,25,4,1,,1
동신대학교,한국과학기술원,68.59,100.0,47.24,100.0,28.57,25,4,1,,1
동신대학교,한화시스템; 한국과학기술원,67.39,93.6,47.24,100.0,33.33,25,3,1,,1
동신대학교,한국해양과학기술원,65.72,93.6,47.24,100.0,22.22,25,3,1,,1
동신대학교,한국건설기술연구원,65.64,93.6,47.24,100.0,5.0,50,3,2,,1
동신대학교,울산과학기술원,58.14,62.4,47.24,100.0,17.39,50,2,2,,1
동신대학교,한국식품연구원; 대한민국(농촌진흥청장),55.17,62.4,47.24,100.0,14.29,25,2,1,,1
동신대학교,한국기계연구원,49.67,31.2,47.24,100.0,40.0,25,1,1,,1
동신대학교,한국과학기술연구원,47.95,31.2,47.24,100.0,28.57,25,1,1,,1
동신대학교,한국에너지기술연구원,46.17,31.2,47.24,100.0,16.67,25,1,1,,1
동신대학교,한국생명공학연구원,45.43,31.2,47.24,100.0,11.76,25,1,1,,1
동아대학교,한국에너지기술연구원,75.04,100.0,47.24,100.0,21.57,100,12,6,,1
동아대학교,울산과학기술원,74.81,100.0,47.24,100.0,20.0,100,20,8,,1
동아대학교,한국지질자원연구원,74.68,100.0,47.24,100.0,19.12,100,21,8,,1
동아대학교,한국화학연구원,74.43,100.0,47.24,100.0,17.5,100,5,4,,1
동아대학교,한국건설기술연구원,74.31,100.0,47.24,100.0,16.67,100,10,4,,1
동아대학교,한국과학기술연구원,74.23,100.0,47.24,100.0,16.13,100,12,7,,1
동아대학교,한국기계연구원,74.14,100.0,47.24,100.0,15.56,100,12,6,,1
동아대학교,한국전자통신연구원,73.99,100.0,47.24,100.0,14.55,100,7,6,,1
동아대학교,한국과학기술원,73.81,100.0,47.24,100.0,13.33,100,25,11,,1
동아대학교,한국해양과학기술원,73.81,100.0,47.24,100.0,13.33,100,12,5,,1
동아대학교,한국원자력연구원,73.73,100.0,47.24,100.0,12.82,100,9,5,,1
동아대학교,광주과학기술원,73.18,100.0,47.24,100.0,25.81,75,6,3,,1
동아대학교,한국전기연구원,71.53,100.0,47.24,100.0,14.81,75,7,3,,1
동아대학교,기초과학연구원; 한국과학기술원,70.57,93.6,47.24,100.0,54.55,25,3,1,,1
동아대학교,한국표준과학연구원,68.05,93.6,47.24,100.0,21.05,50,3,2,,1
동아대학교,한국에너지기술연구원; 재단법인 파동에너지 극한제어 연구단,65.6,93.6,47.24,100.0,21.43,25,3,1,,1
동아대학교,한국생명공학연구원,65.03,62.4,47.24,100.0,80.0,25,2,1,,1
동아대학교,학교법인 순천성심학원,64.15,93.6,47.24,100.0,11.76,25,3,1,,1
동아대학교,와이파인텍; 한국화학연구원,57.12,62.4,47.24,100.0,27.27,25,2,1,,1
동아대학교,지노시스; 한국과학기술원,56.42,62.4,47.24,100.0,22.58,25,2,1,,1
동아대학교,엘지디스플레이; 한국과학기술원,56.03,62.4,47.24,100.0,20.0,25,2,1,,1
동아대학교,한국화학연구원; 농업회사법인 휴림황칠,56.03,62.4,47.24,100.0,20.0,25,2,1,,1
동아대학교,한국식품연구원,54.28,62.4,47.24,100.0,8.33,25,2,1,,1
동아대학교,한국전력공사; 한국과학기술원,53.67,31.2,47.24,100.0,66.67,25,1,1,,1
동아대학교,진화이앤씨; 한국건설기술연구원,53.03,62.4,47.24,100.0,0.0,25,2,1,,1
동아대학교,한국과학기술연구원;상보,53.03,62.4,47.24,100.0,0.0,25,2,1,,1
동아대학교,광주과학기술원; 대한민국(국립재활원장),48.67,31.2,47.24,100.0,33.33,25,1,1,,1
동아대학교,사단법인 한국건설사회환경학회; 한국과학기술원,47.42,31.2,47.24,100.0,25.0,25,1,1,,1
동아대학교,유한책임회사 엔에이치네트웍스; 광주과학기술원,45.81,31.2,47.24,100.0,14.29,25,1,1,,1
동아대학교,한국세라믹기술원; 울산과학기술원,44.67,31.2,47.24,100.0,6.67,25,1,1,,1
동아대학교,한국건설기술연구원;신우엔지니어링;베이시스소프트,43.67,31.2,47.24,100.0,0.0,25,1,1,,1
동양대학교,한국지질자원연구원,66.14,93.6,47.24,100.0,25.0,25,3,1,,1
동양대학교,한국기계연구원,65.72,93.6,47.24,100.0,22.22,25,3,1,,1
동양미래대학교,한국건설기술연구원,53.67,31.2,47.24,100.0,66.67,25,1,1,,1
동양미래대학교,한국과학기술원,43.67,31.2,47.24,100.0,0.0,25,1,1,,1
동양하이테크산업주식회사,한국화학연구원,70.07,100.0,47.24,100.0,21.74,50,9,2,,1
동양하이테크산업주식회사,한국과학기술연구원,64.89,93.6,47.24,100.0,16.67,25,3,1,,1
동우 화인켐 주식회사,재단법인대구경북과학기술원,48.67,31.2,47.24,100.0,33.33,25,1,1,,1
동우 화인켐 주식회사; 포항공과대학교,삼성디스플레이; 울산과학기술원,68.22,93.6,47.24,100.0,22.22,50,3,2,,1
동우 화인켐 주식회사; 포항공과대학교,엘지전자; 한국과학기술원,59.28,62.4,47.24,100.0,25.0,50,2,2,,1
동원중공업 주식회사; 전북대학교,한국과학기술연구원,54.28,62.4,47.24,100.0,8.33,25,2,1,,1
동의과학대학교,한국해양과학기술원,64.89,93.6,47.24,100.0,16.67,25,3,1,,1
동의과학대학교,재단법인대구경북과학기술원,63.89,93.6,47.24,100.0,10.0,25,3,1,,1
동의과학대학교,재단법인대구경북과학기술원; 한국원자력연구원,43.67,31.2,47.24,100.0,0.0,25,1,1,,1
동의대학교,한국식품연구원,75.48,100.0,47.24,100.0,24.49,100,11,7,,1
동의대학교,한국과학기술연구원,75.44,100.0,47.24,100.0,24.19,100,23,10,,1
동의대학교,한국생명공학연구원,75.22,100.0,47.24,100.0,22.73,100,11,7,,1
동의대학교,한국해양과학기술원,74.41,100.0,47.24,100.0,17.33,100,11,6,,1
동의대학교,한국전자통신연구원,74.4,100.0,47.24,100.0,17.27,100,21,12,,1
동의대학교,한국전기연구원,74.08,100.0,47.24,100.0,15.15,100,7,5,,1
동의대학교,재단법인대구경북과학기술원,73.56,100.0,47.24,100.0,11.69,100,14,8,,1
동의대학교,울산과학기술원,72.58,100.0,47.24,100.0,38.46,50,5,2,,1
동의대학교,한국과학기술원,71.11,100.0,47.24,100.0,12.0,75,5,3,,1
동의대학교,한국건설기술연구원,69.78,100.0,47.24,100.0,3.12,75,6,3,,1
동의대학교,한국원자력연구원,67.39,93.6,47.24,100.0,16.67,50,3,2,,1
동의대학교,광주과학기술원,66.81,100.0,47.24,100.0,0.0,50,4,2,,1
동의대학교,한국지질자원연구원,63.69,93.6,47.24,100.0,8.7,25,3,1,,1
동의대학교,한국화학연구원,57.31,62.4,47.24,100.0,28.57,25,2,1,,1
동의대학교,한국기계연구원,57.12,62.4,47.24,100.0,27.27,25,2,1,,1
동의대학교,엑스골프; 한국과학기술원,56.78,62.4,47.24,100.0,25.0,25,2,1,,1
동의대학교,한국표준과학연구원,54.9,62.4,47.24,100.0,12.5,25,2,1,,1
동의대학교,한국과학기술연구원;대동,49.67,31.2,47.24,100.0,40.0,25,1,1,,1
동의대학교,엔에프; 한국화학연구원,47.42,31.2,47.24,100.0,25.0,25,1,1,,1
동의대학교,엘지생활건강; 한국생명공학연구원,46.83,31.2,47.24,100.0,21.05,25,1,1,,1
동의대학교,한국과학기술원;풍산,45.34,31.2,47.24,100.0,11.11,25,1,1,,1
동의대학교,한국타이어앤테크놀로지; 한국과학기술원,45.34,31.2,47.24,100.0,11.11,25,1,1,,1
두산에너빌리티 주식회사,한국에너지기술연구원,71.42,100.0,47.24,100.0,30.77,50,6,2,,1
두산에너빌리티 주식회사; 고려대학교,한국과학기술원,71.39,93.6,47.24,100.0,60.0,25,3,1,,1
두원중공업(주); 주식회사 두원전자;,두원중공업; 학교법인 두원학원,74.56,100.0,47.24,100.0,35.0,75,11,3,,1
두원중공업(주); 주식회사 두원전자;,학교법인 두원학원; 두원중공업,73.1,93.6,47.24,100.0,38.1,75,3,3,,1
두원중공업(주); 주식회사 두원전자;,두원중공업;두원전자; 학교법인 두원학원,44.82,31.2,47.24,100.0,7.69,25,1,1,,1
디에이치엠(주),한국건설기술연구원,54.53,62.4,47.24,100.0,10.0,25,2,1,,1
디엘 주식회사,한국과학기술연구원,65.12,93.6,47.24,100.0,18.18,25,3,1,,1
디엘 주식회사,한국건설기술연구원,45.43,31.2,47.24,100.0,11.76,25,1,1,,1
디와이덕양주식회사; 주식회사 동성하이켐; 울산대학교,한국과학기술연구원,45.98,31.2,47.24,100.0,15.38,25,1,1,,1
롤링스톤 주식회사,한국전자통신연구원,56.03,62.4,47.24,100.0,20.0,25,2,1,,1
롯데에너지머티리얼즈 주식회사,두산; 한국화학연구원,55.17,62.4,47.24,100.0,14.29,25,2,1,,1
롯데에너지머티리얼즈 주식회사; 서울대학교,한국과학기술연구원,55.53,62.4,47.24,100.0,16.67,25,2,1,,1
롯데정밀화학 주식회사; 성균관대학교,한국화학연구원,49.92,31.2,47.24,100.0,41.67,25,1,1,,1
롯데케미칼 주식회사,한국화학연구원,69.31,100.0,47.24,100.0,16.67,50,4,2,,1
롯데케미칼 주식회사,울산과학기술원,66.45,100.0,47.24,100.0,14.29,25,8,1,,1
롯데케미칼 주식회사,한국과학기술연구원,44.82,31.2,47.24,100.0,7.69,25,1,1,,1
롯데케미칼 주식회사; 고려대학교,한국생명공학연구원,55.53,62.4,47.24,100.0,16.67,25,2,1,,1
롯데케미칼 주식회사; 성신여자대학교 연구,광주과학기술원,60.53,62.4,47.24,100.0,50.0,25,2,1,,1
롯데케미칼 주식회사; 성신여자대학교 연구,한국과학기술원,52.67,31.2,47.24,100.0,60.0,25,1,1,,1
리벨리온 주식회사; 한국항공대학교,광주과학기술원,47.95,31.2,47.24,100.0,28.57,25,1,1,,1
리벨리온 주식회사; 한국항공대학교,한국과학기술원,47.95,31.2,47.24,100.0,28.57,25,1,1,,1
마산대학교,한국건설기술연구원,46.04,31.2,47.24,100.0,15.79,25,1,1,,1
마산대학교,한국에너지기술연구원,44.92,31.2,47.24,100.0,8.33,25,1,1,,1
마산대학교,한국화학연구원,44.92,31.2,47.24,100.0,8.33,25,1,1,,1
마이크로에스엔브이콘트롤(주),한국과학기술원,43.67,31.2,47.24,100.0,0.0,25,1,1,,1
명지대학교,한국식품연구원,75.56,100.0,47.24,100.0,25.0,100,9,4,,1
명지대학교,한국과학기술연구원,75.49,100.0,47.24,100.0,24.53,100,13,6,,1
명지대학교,한국에너지기술연구원,75.34,100.0,47.24,100.0,23.53,100,7,4,,1
명지대학교,광주과학기술원,75.31,100.0,47.24,100.0,40.0,75,7,3,,1
명지대학교,한국전기연구원,74.4,100.0,47.24,100.0,17.24,100,9,4,,1
명지대학교,한국건설기술연구원,73.78,100.0,47.24,100.0,13.16,100,7,4,,1
명지대학교,재단법인대구경북과학기술원,73.44,100.0,47.24,100.0,10.87,100,11,4,,1
명지대학교,한국기계연구원,73.42,100.0,47.24,100.0,10.71,100,6,5,,1
명지대학교,한국과학기술원,73.39,100.0,47.24,100.0,10.53,100,10,7,,1
명지대학교,한국화학연구원,71.05,100.0,47.24,100.0,11.63,75,6,3,,1
명지대학교,한국전자통신연구원,70.1,100.0,47.24,100.0,5.26,75,4,3,,1
명지대학교,한국지질자원연구원,68.68,100.0,47.24,100.0,12.5,50,5,2,,1
명지대학교,울산과학기술원,68.48,100.0,47.24,100.0,11.11,50,4,2,,1
명지대학교,한국생명공학연구원,65.68,93.6,47.24,100.0,5.26,50,3,2,,1
명지대학교,한국과학기술연구원; 일진건설,55.53,62.4,47.24,100.0,16.67,25,2,1,,1
명지대학교,한국과학기술연구원; 재단법인대구경북과학기술원; 한국기계연구원,54.53,62.4,47.24,100.0,10.0,25,2,1,,1
명지대학교,한국건설기술연구원;비이엘테크놀로지,53.03,62.4,47.24,100.0,0.0,25,2,1,,1
명지대학교,한국해양과학기술원,47.95,31.2,47.24,100.0,28.57,25,1,1,,1
명지대학교,울산과학기술원;솔라라이트,45.67,31.2,47.24,100.0,13.33,25,1,1,,1
명지대학교,한국원자력연구원,45.34,31.2,47.24,100.0,11.11,25,1,1,,1
명지대학교,국방과학연구소; 한국생명공학연구원,45.03,31.2,47.24,100.0,9.09,25,1,1,,1
명지대학교,대한민국(농촌진흥청장); 한국과학기술원,44.82,31.2,47.24,100.0,7.69,25,1,1,,1
모젼스랩(주); 경희대학교,한국전자통신연구원,43.67,31.2,47.24,100.0,0.0,25,1,1,,1
목원대학교,한국전자통신연구원,73.45,100.0,47.24,100.0,10.91,100,12,6,,1
목원대학교,한국건설기술연구원,72.92,100.0,47.24,100.0,7.41,100,11,4,,1
목원대학교,엘지전자; 울산과학기술원,68.64,93.6,47.24,100.0,41.67,25,3,1,,1
목원대학교,광주과학기술원,68.31,100.0,47.24,100.0,10.0,50,5,2,,1
목원대학교,한국표준과학연구원,66.07,100.0,47.24,100.0,11.76,25,4,1,,1
목원대학교,한국건설기술연구원;빔텍,64.06,93.6,47.24,100.0,11.11,25,3,1,,1
목원대학교,한국해양과학기술원,43.67,31.2,47.24,100.0,0.0,25,1,1,,1
미륭이씨오 주식회사; 제주대학교,한국과학기술연구원,64.26,93.6,47.24,100.0,12.5,25,3,1,,1
미륭이씨오 주식회사; 제주대학교,한국화학연구원,59.03,62.4,47.24,100.0,40.0,25,2,1,,1
미륭이씨오 주식회사; 제주대학교,한국기계연구원,55.17,62.4,47.24,100.0,14.29,25,2,1,,1
바다정수산업(주); 전주대학교,한국과학기술연구원,45.34,31.2,47.24,100.0,11.11,25,1,1,,1
바스코리아 주식회사; 동국대학교,한국해양과학기술원,64.39,93.6,47.24,100.0,13.33,25,3,1,,1
박기호; 울산대학교,한국화학연구원,52.24,31.2,47.24,100.0,57.14,25,1,1,,1
박기호; 울산대학교,한국과학기술연구원,44.92,31.2,47.24,100.0,8.33,25,1,1,,1
박남석; 서원대학교,한국전자통신연구원,45.81,31.2,47.24,100.0,14.29,25,1,1,,1
박노성; 동명대학교,광주과학기술원,46.17,31.2,47.24,100.0,16.67,25,1,1,,1
박승찬,한국과학기술연구원,58.03,62.4,47.24,100.0,33.33,25,2,1,,1
박재성; 안상현; 임유진; 중앙대학교,광주과학기술원,47.42,31.2,47.24,100.0,25.0,25,1,1,,1
박철수; 국립부경대학교,한국해양과학기술원,46.4,31.2,47.24,100.0,18.18,25,1,1,,1
박흥준; 서울대학교,한국기계연구원,43.67,31.2,47.24,100.0,0.0,25,1,1,,1
반석안전주식회사; 중앙대학교,한국과학기술원,43.67,31.2,47.24,100.0,0.0,25,1,1,,1
배재대학교,한국과학기술원,74.31,100.0,47.24,100.0,16.67,100,7,4,,1
배재대학교,한국전자통신연구원,73.57,100.0,47.24,100.0,11.76,100,9,5,,1
배재대학교,한국과학기술연구원,55.76,62.4,47.24,100.0,18.18,25,2,1,,1
배재대학교,한국해양과학기술원,54.18,62.4,47.24,100.0,7.69,25,2,1,,1
배재대학교,동아전기공업,45.81,31.2,47.24,100.0,14.29,25,1,1,,1
배재대학교,울산과학기술원,44.74,31.2,47.24,100.0,7.14,25,1,1,,1
배재대학교,한국지질자원연구원,44.61,31.2,47.24,100.0,6.25,25,1,1,,1
배재대학교,한국건설기술연구원,44.5,31.2,47.24,100.0,5.56,25,1,1,,1
배준형; 광운대학교,한국기계연구원,53.03,62.4,47.24,100.0,0.0,25,2,1,,1
백규호,한국건설기술연구원,54.9,62.4,47.24,100.0,12.5,25,2,1,,1
백석대학교,한국전자통신연구원,43.67,31.2,47.24,100.0,0.0,25,1,1,,1
범준이엔씨 주식회사; 국립한밭대학교,한국과학기술원,66.67,93.6,47.24,100.0,28.57,25,3,1,,1
벽산건설 주식회사,한국에너지기술연구원,54.9,62.4,47.24,100.0,12.5,25,2,1,,1
보물섬남해클러스터 조합공동사업법인; 한국국제대학교,한국식품연구원,57.53,62.4,47.24,100.0,30.0,25,2,1,,1
부산가톨릭대학교,한국화학연구원,62.39,93.6,47.24,100.0,0.0,25,3,1,,1
부산가톨릭대학교,한국과학기술연구원,57.31,62.4,47.24,100.0,28.57,25,2,1,,1
부산가톨릭대학교,한국전자통신연구원,54.9,62.4,47.24,100.0,12.5,25,2,1,,1
부산가톨릭대학교,울산과학기술원,54.39,62.4,47.24,100.0,9.09,25,2,1,,1
부산가톨릭대학교,학교법인 순천성심학원,43.67,31.2,47.24,100.0,0.0,25,1,1,,1
부산대학교,한국과학기술연구원,75.36,100.0,47.24,100.0,23.66,100,72,41,,1
부산대학교,한국식품연구원,75.23,100.0,47.24,100.0,22.77,100,34,15,,1
부산대학교,한국화학연구원,75.1,100.0,47.24,100.0,21.96,100,60,29,,1
부산대학교,한국건설기술연구원,75.05,100.0,47.24,100.0,21.62,100,28,15,,1
부산대학교,한국에너지기술연구원,74.91,100.0,47.24,100.0,20.65,100,25,14,,1
부산대학교,울산과학기술원,74.82,100.0,47.24,100.0,20.09,100,40,23,,1
부산대학교,한국해양과학기술원,74.66,100.0,47.24,100.0,19.02,100,54,25,,1
부산대학교,한국기계연구원,74.49,100.0,47.24,100.0,17.89,100,37,19,,1
부산대학교,한국전자통신연구원,74.43,100.0,47.24,100.0,17.46,100,82,46,,1
부산대학교,한국전기연구원,74.24,100.0,47.24,100.0,16.22,100,22,12,,1
부산대학교,한국과학기술원,74.19,100.0,47.24,100.0,15.87,100,101,51,,1
부산대학교,재단법인대구경북과학기술원,74.17,100.0,47.24,100.0,15.72,100,42,21,,1
부산대학교,한국표준과학연구원,74.04,100.0,47.24,100.0,14.89,100,12,6,,1
부산대학교,광주과학기술원,73.93,100.0,47.24,100.0,14.13,100,23,11,,1
부산대학교,한국생명공학연구원,73.91,100.0,47.24,100.0,14.0,100,9,6,,1
부산대학교,한국원자력연구원,73.66,100.0,47.24,100.0,12.37,100,16,11,,1
부산대학교,한국전력공사; 한국화학연구원,73.54,100.0,47.24,100.0,11.54,100,11,6,,1
부산대학교,한국지질자원연구원,73.18,100.0,47.24,100.0,9.17,100,31,12,,1
부산대학교,로엔서지컬; 한국과학기술원,72.81,100.0,47.24,100.0,40.0,50,4,2,,1
부산대학교,삼성전자; 한국과학기술원,69.18,100.0,47.24,100.0,15.79,50,5,2,,1
부산대학교,한국과학기술원; 대한민국(국립재활원장),66.48,93.6,47.24,100.0,27.27,25,3,1,,1
부산대학교,한국기계연구원; 재단법인 하이브리드 인터페이스기반 미래소재 연구단,62.39,93.6,47.24,100.0,0.0,25,3,1,,1
부산대학교,한국과학기술원; 삼성중공업,59.46,62.4,47.24,100.0,42.86,25,2,1,,1
부산대학교,코오롱인더스트리; 한국과학기술연구원,59.06,62.4,47.24,100.0,23.53,50,2,2,,1
부산대학교,한국건설기술연구원;휴앤텍,59.03,62.4,47.24,100.0,40.0,25,2,1,,1
부산대학교,학교법인 일송학원,58.65,62.4,47.24,100.0,37.5,25,2,1,,1
부산대학교,한국과학기술원; 다임리서치,58.65,62.4,47.24,100.0,37.5,25,2,1,,1
부산대학교,한국기계연구원; 한국과학기술연구원,57.2,62.4,47.24,100.0,27.78,25,2,1,,1
부산대학교,한국과학기술연구원; 한약진흥재단,56.49,62.4,47.24,100.0,23.08,25,2,1,,1
부산대학교,울산과학기술원; 한국과학기술원,55.17,62.4,47.24,100.0,14.29,25,2,1,,1
부산대학교,한국과학기술연구원; 재단법인 멀티스케일 에너지시스템 연구단,54.7,62.4,47.24,100.0,11.11,25,2,1,,1
부산대학교,한국과학기술원;디지탈이노텍,54.7,62.4,47.24,100.0,11.11,25,2,1,,1
부산대학교,한국기계연구원; 재단법인 아산사회복지재단,54.39,62.4,47.24,100.0,9.09,25,2,1,,1
부산대학교,엘지전자; 한국과학기술원,53.97,62.4,47.24,100.0,6.25,25,2,1,,1
부산대학교,한국과학기술원;네오피스; 한국남동발전,48.67,31.2,47.24,100.0,33.33,25,1,1,,1
부산대학교,엘지에너지솔루션; 한국과학기술원,48.28,31.2,47.24,100.0,30.77,25,1,1,,1
부산대학교,한국기계연구원; 한국과학기술원,47.0,31.2,47.24,100.0,22.22,25,1,1,,1
부산대학교,에이치앤비지노믹스; 울산과학기술원,46.67,31.2,47.24,100.0,20.0,25,1,1,,1
부산대학교,한국과학기술원; 사우디 아라비안 오일 컴퍼니,46.32,31.2,47.24,100.0,17.65,25,1,1,,1
부산대학교,한국건설기술연구원;아이클롭스,45.34,31.2,47.24,100.0,11.11,25,1,1,,1
부산대학교,한국과학기술연구원; 한국과학기술원,44.46,31.2,47.24,100.0,5.26,25,1,1,,1
부산대학교,셀레스트라; 울산과학기술원,43.67,31.2,47.24,100.0,0.0,25,1,1,,1
부산대학교,파이버프로; 한국과학기술원,43.67,31.2,47.24,100.0,0.0,25,1,1,,1
부산대학교,한국과학기술연구원; 한국남동발전,43.67,31.2,47.24,100.0,0.0,25,1,1,,1
부산외국어대학교,울산과학기술원,64.7,93.6,47.24,100.0,15.38,25,3,1,,1
부산외국어대학교,한국해양과학기술원,44.67,31.2,47.24,100.0,6.67,25,1,1,,1
부산외국어대학교,한국건설기술연구원,43.67,31.2,47.24,100.0,0.0,25,1,1,,1
브이앤아이 주식회사,한국건설기술연구원,56.78,62.4,47.24,100.0,25.0,25,2,1,,1
사단법인 경기막걸리 세계화사업단; 한경국립대학교,한국식품연구원,59.7,62.4,47.24,100.0,44.44,25,2,1,,1
사단법인 한국신용정보원,한국과학기술원,49.67,31.2,47.24,100.0,40.0,25,1,1,,1
사우디 아라비안 오일 컴퍼니,한국에너지기술연구원,67.39,93.6,47.24,100.0,33.33,25,3,1,,1
사우디 아라비안 오일 컴퍼니,한국과학기술원,54.61,62.4,47.24,100.0,10.53,25,2,1,,1
사우디 아라비안 오일 컴퍼니,사우디 아라비안 오일 컴퍼니; 한국과학기술원,47.76,31.2,47.24,100.0,27.27,25,1,1,,1
사회복지법인 삼성생명공익재단; 성균관대학교,한국과학기술원,65.03,62.4,47.24,100.0,80.0,25,2,1,,1
사회복지법인 삼성생명공익재단; 성균관대학교,한국기계연구원,58.03,62.4,47.24,100.0,33.33,25,2,1,,1
사회복지법인 삼성생명공익재단; 성균관대학교,울산과학기술원,46.67,31.2,47.24,100.0,20.0,25,1,1,,1
사회복지법인 삼성생명공익재단; 전북대학교,한국화학연구원,45.34,31.2,47.24,100.0,11.11,25,1,1,,1
사회복지법인 삼성생명공익재단; 한림대학교,한국과학기술연구원,65.39,93.6,47.24,100.0,20.0,25,3,1,,1
사회복지법인 삼성생명공익재단; 한림대학교,한국해양과학기술원,44.97,31.2,47.24,100.0,8.7,25,1,1,,1
사회복지법인 삼성생명공익재단; 한양대학교 에리카,한국과학기술원,64.15,93.6,47.24,100.0,11.76,25,3,1,,1
산천조경주식회사,한국건설기술연구원;한포스;아이디어스,77.39,93.6,47.24,100.0,100.0,25,3,1,,1
삼성디스플레이 주식회사,삼성디스플레이; 울산과학기술원,74.99,100.0,47.24,100.0,54.55,50,4,2,,1
삼성디스플레이 주식회사,한국과학기술원,72.93,100.0,47.24,100.0,7.5,100,8,4,,1
삼성디스플레이 주식회사,삼성디스플레이; 한국과학기술원,70.31,100.0,47.24,100.0,6.67,75,6,3,,1
삼성디스플레이 주식회사,울산과학기술원,68.1,93.6,47.24,100.0,21.43,50,3,2,,1
삼성디스플레이 주식회사,한국표준과학연구원,45.03,31.2,47.24,100.0,9.09,25,1,1,,1
삼성디스플레이 주식회사; 명지대학교,한국에너지기술연구원,66.81,100.0,47.24,100.0,16.67,25,4,1,,1
삼성디스플레이 주식회사; 부산대학교,재단법인대구경북과학기술원,47.42,31.2,47.24,100.0,25.0,25,1,1,,1
삼성디스플레이 주식회사; 서강대학교,삼성디스플레이; 한국과학기술원,54.9,62.4,47.24,100.0,12.5,25,2,1,,1
삼성디스플레이 주식회사; 서강대학교,광주과학기술원,46.53,31.2,47.24,100.0,19.05,25,1,1,,1
삼성디스플레이 주식회사; 서울대학교,한국과학기술원,66.04,100.0,47.24,100.0,11.54,25,6,1,,1
삼성디스플레이 주식회사; 서울대학교,울산과학기술원,54.7,62.4,47.24,100.0,11.11,25,2,1,,1
삼성디스플레이 주식회사; 서울대학교,광주과학기술원,53.03,62.4,47.24,100.0,0.0,25,2,1,,1
삼성디스플레이 주식회사; 서울대학교,한국기계연구원,53.03,62.4,47.24,100.0,0.0,25,2,1,,1
삼성디스플레이 주식회사; 서울대학교,한국화학연구원,45.34,31.2,47.24,100.0,11.11,25,1,1,,1
삼성디스플레이 주식회사; 서울대학교,한국과학기술연구원,43.67,31.2,47.24,100.0,0.0,25,1,1,,1
삼성디스플레이 주식회사; 성균관대학교,재단법인대구경북과학기술원,70.56,100.0,47.24,100.0,25.0,50,5,2,,1
삼성디스플레이 주식회사; 성균관대학교,한국과학기술원,48.67,31.2,47.24,100.0,33.33,25,1,1,,1
삼성디스플레이 주식회사; 연세대학교,한국과학기술원,70.46,100.0,47.24,100.0,7.69,75,6,3,,1
삼성디스플레이 주식회사; 연세대학교,한국화학연구원,62.39,93.6,47.24,100.0,0.0,25,3,1,,1
삼성디스플레이 주식회사; 연세대학교,울산과학기술원,43.67,31.2,47.24,100.0,0.0,25,1,1,,1
삼성디스플레이 주식회사; 연세대학교,한국전자통신연구원,43.67,31.2,47.24,100.0,0.0,25,1,1,,1
삼성디스플레이 주식회사; 중앙대학교,재단법인대구경북과학기술원,64.31,100.0,47.24,100.0,0.0,25,4,1,,1
삼성디스플레이 주식회사; 포항공과대학교,재단법인대구경북과학기술원,54.39,62.4,47.24,100.0,9.09,25,2,1,,1
삼성디스플레이 주식회사; 호서대학교,한국건설기술연구원,45.25,31.2,47.24,100.0,10.53,25,1,1,,1
삼성디스플레이 주식회사; 홍익대학교,한국과학기술연구원,64.31,100.0,47.24,100.0,0.0,25,5,1,,1
삼성디스플레이 주식회사; 홍익대학교,덕산네오룩스; 울산과학기술원,55.53,62.4,47.24,100.0,16.67,25,2,1,,1
삼성디스플레이 주식회사; 홍익대학교,삼성디스플레이; 한국과학기술원,45.98,31.2,47.24,100.0,15.38,25,1,1,,1
삼성디스플레이 주식회사; 홍익대학교,한국기계연구원,45.54,31.2,47.24,100.0,12.5,25,1,1,,1
삼성디스플레이 주식회사; 홍익대학교,삼성디스플레이; 한국과학기술연구원; 한국과학기술원,44.38,31.2,47.24,100.0,4.76,25,1,1,,1
삼성메디슨 주식회사,삼성전자; 한국과학기술원,71.31,100.0,47.24,100.0,13.33,75,9,3,,1
삼성메디슨 주식회사,한국과학기술연구원,66.67,93.6,47.24,100.0,28.57,25,3,1,,1
삼성메디슨 주식회사,한국과학기술원,66.65,93.6,47.24,100.0,11.76,50,3,2,,1
삼성메디슨 주식회사,한국전기연구원,59.28,62.4,47.24,100.0,25.0,50,2,2,,1
삼성메디슨 주식회사; 서강대학교,재단법인대구경북과학기술원,45.54,31.2,47.24,100.0,12.5,25,1,1,,1
삼성모바일디스플레이주식회사; 경북대학교,한국전자통신연구원,66.48,93.6,47.24,100.0,27.27,25,3,1,,1
삼성모바일디스플레이주식회사; 서울대학교,광주과학기술원,67.39,93.6,47.24,100.0,33.33,25,3,1,,1
삼성물산 주식회사; 명지대학교,한국해양과학기술원,70.74,100.0,47.24,100.0,42.86,25,4,1,,1
삼성물산 주식회사; 명지대학교,한국과학기술원,57.31,62.4,47.24,100.0,28.57,25,2,1,,1
삼성물산 주식회사; 서울과학기술대학교,한국해양과학기술원,62.39,93.6,47.24,100.0,0.0,25,3,1,,1
삼성물산 주식회사; 서울대학교,한국건설기술연구원,65.39,93.6,47.24,100.0,20.0,25,3,1,,1
삼성물산 주식회사; 서울대학교,한국건설기술연구원; 토웅이앤씨,53.03,62.4,47.24,100.0,0.0,25,2,1,,1
삼성물산 주식회사; 세종대학교,포이닉스; 한국건설기술연구원,45.54,31.2,47.24,100.0,12.5,25,1,1,,1
삼성물산 주식회사; 충남대학교,한국건설기술연구원,51.17,31.2,47.24,100.0,50.0,25,1,1,,1
삼성에스디아이 주식회사,울산과학기술원,65.74,100.0,47.24,100.0,9.52,25,5,1,,1
삼성에스디아이 주식회사,한국과학기술연구원,57.12,62.4,47.24,100.0,27.27,25,2,1,,1
삼성에스디아이 주식회사,한국전기연구원,55.17,62.4,47.24,100.0,14.29,25,2,1,,1
삼성에스디아이 주식회사,한국과학기술원,54.9,62.4,47.24,100.0,12.5,25,2,1,,1
삼성에스디아이 주식회사; 삼성전자주식회사; 단국대학교 천안캠퍼스,한국화학연구원,45.17,31.2,47.24,100.0,10.0,25,1,1,,1
삼성에스디아이 주식회사; 서울대학교,한국화학연구원,54.53,62.4,47.24,100.0,10.0,25,2,1,,1
삼성에스디아이 주식회사; 서울대학교,한국과학기술연구원,48.17,31.2,47.24,100.0,30.0,25,1,1,,1
삼성에스디아이 주식회사; 서울대학교,한국과학기술원,44.92,31.2,47.24,100.0,8.33,25,1,1,,1
삼성에스디아이 주식회사; 성균관대학교,재단법인대구경북과학기술원,58.03,62.4,47.24,100.0,33.33,25,2,1,,1
삼성에스디아이 주식회사; 세종대학교,한국전기연구원; 삼성에스디아이,69.06,93.6,47.24,100.0,44.44,25,3,1,,1
삼성에스디아이 주식회사; 충남대학교,광주과학기술원,53.03,62.4,47.24,100.0,0.0,25,2,1,,1
삼성에스디아이 주식회사; 충남대학교,한국화학연구원,48.67,31.2,47.24,100.0,33.33,25,1,1,,1
삼성에스디아이 주식회사; 포항공과대학교,한국에너지기술연구원,66.67,93.6,47.24,100.0,28.57,25,3,1,,1
삼성에스디아이 주식회사; 포항공과대학교,한국과학기술원,64.89,93.6,47.24,100.0,16.67,25,3,1,,1
삼성에스디아이 주식회사; 한양대학교,한국화학연구원,52.24,31.2,47.24,100.0,57.14,25,1,1,,1
삼성에스디에스 주식회사,한국건설기술연구원,43.67,31.2,47.24,100.0,0.0,25,1,1,,1
삼성에스디에스 주식회사; 세종대학교,한국전자통신연구원,45.81,31.2,47.24,100.0,14.29,25,1,1,,1
삼성에스디에스 주식회사; 중앙대학교,울산과학기술원,55.53,62.4,47.24,100.0,16.67,25,2,1,,1
삼성전기주식회사,한국과학기술원,73.59,100.0,47.24,100.0,28.57,75,7,3,,1
삼성전기주식회사,삼성전기; 한국과학기술원,71.81,100.0,47.24,100.0,16.67,75,4,3,,1
삼성전기주식회사,한국과학기술연구원,56.03,62.4,47.24,100.0,20.0,25,2,1,,1
삼성전기주식회사,솔루엠; 한국과학기술원,51.17,31.2,47.24,100.0,50.0,25,1,1,,1
삼성전기주식회사,한국화학연구원,46.67,31.2,47.24,100.0,20.0,25,1,1,,1
삼성전기주식회사,한국화학연구원; 한국생명공학연구원,45.81,31.2,47.24,100.0,14.29,25,1,1,,1
삼성전기주식회사,한국기계연구원,43.67,31.2,47.24,100.0,0.0,25,1,1,,1
삼성전기주식회사,한국전자통신연구원,43.67,31.2,47.24,100.0,0.0,25,1,1,,1
삼성전기주식회사; 고려대학교,한국전자통신연구원,76.58,100.0,47.24,100.0,31.82,100,10,5,,1
삼성전기주식회사; 고려대학교,한국과학기술원,70.98,100.0,47.24,100.0,44.44,25,6,1,,1
삼성전기주식회사; 고려대학교,한국전자통신연구원; 한국과학기술원,46.67,31.2,47.24,100.0,20.0,25,1,1,,1
삼성전기주식회사; 동아대학교,한국건설기술연구원,53.03,62.4,47.24,100.0,0.0,25,2,1,,1
삼성전기주식회사; 서울시립대학교,한국전기연구원,58.65,62.4,47.24,100.0,37.5,25,2,1,,1
삼성전기주식회사; 서울시립대학교,울산과학기술원,43.67,31.2,47.24,100.0,0.0,25,1,1,,1
삼성전기주식회사; 성균관대학교,한국전기연구원,75.1,100.0,47.24,100.0,21.95,100,11,5,,1
삼성전기주식회사; 성균관대학교,한국전자통신연구원,73.95,100.0,47.24,100.0,14.29,100,6,4,,1
삼성전기주식회사; 성균관대학교,한국에너지기술연구원,72.39,93.6,47.24,100.0,66.67,25,3,1,,1
삼성전기주식회사; 성균관대학교,울산과학기술원,43.67,31.2,47.24,100.0,0.0,25,1,1,,1
삼성전기주식회사; 숭실대학교,한국과학기술원,54.28,62.4,47.24,100.0,8.33,25,2,1,,1
삼성전기주식회사; 숭실대학교,한국기계연구원,43.67,31.2,47.24,100.0,0.0,25,1,1,,1
삼성전기주식회사; 연세대학교,한국에너지기술연구원,53.03,62.4,47.24,100.0,0.0,25,2,1,,1
삼성전기주식회사; 연세대학교,한국전기연구원,45.17,31.2,47.24,100.0,10.0,25,1,1,,1
삼성전기주식회사; 영남대학교,한국화학연구원,53.03,62.4,47.24,100.0,0.0,25,2,1,,1
삼성전기주식회사; 인하대학교,한국과학기술연구원,53.03,62.4,47.24,100.0,0.0,25,2,1,,1
삼성전기주식회사; 인하대학교,한국전자통신연구원,43.67,31.2,47.24,100.0,0.0,25,1,1,,1
삼성전기주식회사; 전남대학교,한국에너지기술연구원,65.12,93.6,47.24,100.0,18.18,25,3,1,,1
삼성전기주식회사; 포항공과대학교,한국전자통신연구원,45.54,31.2,47.24,100.0,12.5,25,1,1,,1
삼성전기주식회사; 포항공과대학교,울산과학기술원,43.67,31.2,47.24,100.0,0.0,25,1,1,,1
삼성전자주식회사,삼성전자; 한국과학기술원,75.04,100.0,47.24,100.0,21.52,100,20,11,,1
삼성전자주식회사,한국전자통신연구원,74.98,100.0,47.24,100.0,21.13,100,101,40,,1
삼성전자주식회사,울산과학기술원,74.92,100.0,47.24,100.0,20.75,100,37,15,,1
삼성전자주식회사,한국과학기술원,74.83,100.0,47.24,100.0,20.16,100,146,63,,1
삼성전자주식회사,엘아이지넥스원; 한국과학기술원,74.39,93.6,47.24,100.0,80.0,25,3,1,,1
삼성전자주식회사,광주과학기술원,73.88,100.0,47.24,100.0,13.79,100,16,8,,1
삼성전자주식회사,한국화학연구원,73.87,100.0,47.24,100.0,30.43,75,5,3,,1
삼성전자주식회사,삼성전자; 울산과학기술원,73.22,100.0,47.24,100.0,26.09,75,5,3,,1
삼성전자주식회사,재단법인대구경북과학기술원,73.03,100.0,47.24,100.0,8.11,100,9,4,,1
삼성전자주식회사,한국과학기술연구원,72.53,100.0,47.24,100.0,4.84,100,12,4,,1
삼성전자주식회사,한국전기연구원,70.89,100.0,47.24,100.0,10.53,75,6,3,,1
삼성전자주식회사,엘지전자; 한국과학기술원,69.54,100.0,47.24,100.0,18.18,50,4,2,,1
삼성전자주식회사,한국과학기술원; 한국과학기술연구원,68.82,93.6,47.24,100.0,42.86,25,3,1,,1
삼성전자주식회사,삼성전자; 광주과학기술원,67.96,100.0,47.24,100.0,7.69,50,5,2,,1
삼성전자주식회사,바텍; 한국과학기술원;바텍이우홀딩스,65.85,93.6,47.24,100.0,23.08,25,3,1,,1
삼성전자주식회사,현대자동차; 한국과학기술연구원,64.89,93.6,47.24,100.0,16.67,25,3,1,,1
삼성전자주식회사,한국과학기술원;파이칩스,55.17,62.4,47.24,100.0,14.29,25,2,1,,1
삼성전자주식회사,한국에너지기술연구원,54.38,31.2,47.24,100.0,71.43,25,1,1,,1
삼성전자주식회사,한국기계연구원,53.03,62.4,47.24,100.0,0.0,25,2,1,,1
삼성전자주식회사,현대자동차; 한국과학기술원,53.03,62.4,47.24,100.0,0.0,25,2,1,,1
삼성전자주식회사,한국과학기술원; 사우디 아라비안 오일 컴퍼니,49.12,31.2,47.24,100.0,36.36,25,1,1,,1
삼성전자주식회사,에스케이하이닉스; 광주과학기술원,48.67,31.2,47.24,100.0,33.33,25,1,1,,1
삼성전자주식회사,기아; 현대자동차; 울산과학기술원,47.42,31.2,47.24,100.0,25.0,25,1,1,,1
삼성전자주식회사,한국과학기술원; 뉴욕 유니버시티 인 아부다비 코포레이션,47.42,31.2,47.24,100.0,25.0,25,1,1,,1
삼성전자주식회사,엘지에너지솔루션; 재단법인대구경북과학기술원,45.54,31.2,47.24,100.0,12.5,25,1,1,,1
삼성전자주식회사,배럴아이,43.67,31.2,47.24,100.0,0.0,25,1,1,,1
삼성전자주식회사,한국과학기술연구원; 울산과학기술원,43.67,31.2,47.24,100.0,0.0,25,1,1,,1
삼성전자주식회사; 가천대학교,한국화학연구원,64.66,100.0,47.24,100.0,2.33,25,13,1,,1
삼성전자주식회사; 가천대학교,한국과학기술연구원,45.81,31.2,47.24,100.0,14.29,25,1,1,,1
삼성전자주식회사; 강원대학교,한국과학기술원,65.39,93.6,47.24,100.0,20.0,25,3,1,,1
삼성전자주식회사; 강원대학교,한국전자통신연구원,50.1,31.2,47.24,100.0,42.86,25,1,1,,1
삼성전자주식회사; 건국대학교,한국과학기술원,62.39,93.6,47.24,100.0,0.0,25,3,1,,1
삼성전자주식회사; 건국대학교,한국해양과학기술원,54.18,62.4,47.24,100.0,7.69,25,2,1,,1
삼성전자주식회사; 경기대학교,한국화학연구원,57.53,62.4,47.24,100.0,30.0,25,2,1,,1
삼성전자주식회사; 경기대학교,한국과학기술연구원,55.53,62.4,47.24,100.0,16.67,25,2,1,,1
삼성전자주식회사; 경기대학교,한국해양과학기술원,54.7,62.4,47.24,100.0,11.11,25,2,1,,1
삼성전자주식회사; 경기대학교,한국과학기술원,54.1,62.4,47.24,100.0,7.14,25,2,1,,1
삼성전자주식회사; 경기대학교,한국생명공학연구원,47.0,31.2,47.24,100.0,22.22,25,1,1,,1
삼성전자주식회사; 경기대학교,한국전자통신연구원,45.54,31.2,47.24,100.0,12.5,25,1,1,,1
삼성전자주식회사; 경북대학교,한국과학기술원,67.41,100.0,47.24,100.0,4.0,50,5,2,,1
삼성전자주식회사; 경북대학교,삼성전자; 울산과학기술원,54.7,62.4,47.24,100.0,11.11,25,2,1,,1
삼성전자주식회사; 경희대학교,한국전자통신연구원,73.38,100.0,47.24,100.0,10.45,100,18,8,,1
삼성전자주식회사; 경희대학교,광주과학기술원,58.03,62.4,47.24,100.0,33.33,25,2,1,,1
삼성전자주식회사; 경희대학교,한국과학기술원,54.9,62.4,47.24,100.0,12.5,25,2,1,,1
삼성전자주식회사; 경희대학교,한국전자통신연구원;오디즌,54.9,62.4,47.24,100.0,12.5,25,2,1,,1
삼성전자주식회사; 경희대학교,삼성전자; 한국과학기술원,45.54,31.2,47.24,100.0,12.5,25,1,1,,1
삼성전자주식회사; 고려대학교,한국전자통신연구원,74.01,100.0,47.24,100.0,14.66,100,53,16,,1
삼성전자주식회사; 고려대학교,한국과학기술원,73.92,100.0,47.24,100.0,14.08,100,17,11,,1
삼성전자주식회사; 고려대학교,울산과학기술원,72.16,100.0,47.24,100.0,2.33,100,8,5,,1
삼성전자주식회사; 고려대학교,재단법인대구경북과학기술원;드림에이스,66.14,93.6,47.24,100.0,25.0,25,3,1,,1
삼성전자주식회사; 고려대학교,한국에너지기술연구원,65.72,93.6,47.24,100.0,22.22,25,3,1,,1
삼성전자주식회사; 고려대학교,한국기계연구원,64.89,93.6,47.24,100.0,0.0,50,3,2,,1
삼성전자주식회사; 고려대학교,삼성전자; 한국과학기술원,57.53,62.4,47.24,100.0,30.0,25,2,1,,1
삼성전자주식회사; 고려대학교,에스케이하이닉스; 한국과학기술원,43.67,31.2,47.24,100.0,0.0,25,1,1,,1
삼성전자주식회사; 고려대학교,울산과학기술원;티에스테크;엔지더블유,43.67,31.2,47.24,100.0,0.0,25,1,1,,1
삼성전자주식회사; 광운대학교,한국전자통신연구원,72.47,100.0,47.24,100.0,21.05,75,4,3,,1
삼성전자주식회사; 광운대학교,광주과학기술원,66.65,93.6,47.24,100.0,11.76,50,3,2,,1
삼성전자주식회사; 광운대학교,한국과학기술원,58.03,62.4,47.24,100.0,33.33,25,2,1,,1
삼성전자주식회사; 국립금오공과대학교,한국과학기술원,68.48,100.0,47.24,100.0,11.11,50,7,2,,1
삼성전자주식회사; 국립금오공과대학교,한국전자통신연구원,68.24,100.0,47.24,100.0,9.52,50,4,2,,1
삼성전자주식회사; 국립금오공과대학교,한국표준과학연구원,65.19,100.0,47.24,100.0,5.88,25,4,1,,1
삼성전자주식회사; 국립금오공과대학교,한국과학기술연구원,58.03,62.4,47.24,100.0,33.33,25,2,1,,1
삼성전자주식회사; 국립금오공과대학교,울산과학기술원,54.18,62.4,47.24,100.0,7.69,25,2,1,,1
삼성전자주식회사; 국립한국교통대학교,한국기계연구원,54.7,62.4,47.24,100.0,11.11,25,2,1,,1
삼성전자주식회사; 단국대학교,한국전자통신연구원,64.53,93.6,47.24,100.0,14.29,25,3,1,,1
삼성전자주식회사; 동국대학교,삼성전자; 한국과학기술원,56.78,62.4,47.24,100.0,25.0,25,2,1,,1
삼성전자주식회사; 동국대학교,한국기계연구원,53.03,62.4,47.24,100.0,0.0,25,2,1,,1
삼성전자주식회사; 동국대학교,재단법인대구경북과학기술원,44.5,31.2,47.24,100.0,5.56,25,1,1,,1
삼성전자주식회사; 동국대학교,한국과학기술원,43.67,31.2,47.24,100.0,0.0,25,1,1,,1
삼성전자주식회사; 동아대학교,한국과학기술원,72.39,93.6,47.24,100.0,66.67,25,3,1,,1
삼성전자주식회사; 명지대학교,한국전자통신연구원,48.28,31.2,47.24,100.0,30.77,25,1,1,,1
삼성전자주식회사; 서강대학교,한국해양과학기술원,73.31,100.0,47.24,100.0,60.0,25,4,1,,1
삼성전자주식회사; 서강대학교,한국전자통신연구원,71.45,100.0,47.24,100.0,14.29,75,6,3,,1
삼성전자주식회사; 서강대학교,한국과학기술원,71.31,100.0,47.24,100.0,30.0,50,5,2,,1
삼성전자주식회사; 서강대학교,삼성전자; 한국과학기술원,65.46,100.0,47.24,100.0,7.69,25,4,1,,1
삼성전자주식회사; 서강대학교,한국전기연구원,57.31,62.4,47.24,100.0,28.57,25,2,1,,1
삼성전자주식회사; 서강대학교,한국원자력연구원,55.17,62.4,47.24,100.0,14.29,25,2,1,,1
삼성전자주식회사; 서울대학교,한국전자통신연구원,74.54,100.0,47.24,100.0,18.18,100,49,24,,1
삼성전자주식회사; 서울대학교,한국과학기술원,74.48,100.0,47.24,100.0,17.82,100,47,28,,1
삼성전자주식회사; 서울대학교,한국과학기술연구원,73.51,100.0,47.24,100.0,11.32,100,12,5,,1
삼성전자주식회사; 서울대학교,울산과학기술원,73.06,100.0,47.24,100.0,8.33,100,18,9,,1
삼성전자주식회사; 서울대학교,삼성전자; 울산과학기술원,71.42,100.0,47.24,100.0,30.77,50,4,2,,1
삼성전자주식회사; 서울대학교,한국화학연구원,70.46,100.0,47.24,100.0,7.69,75,7,3,,1
삼성전자주식회사; 서울대학교,삼성전자; 한국과학기술원,69.54,100.0,47.24,100.0,18.18,50,5,2,,1
삼성전자주식회사; 서울대학교,재단법인대구경북과학기술원,67.39,100.0,47.24,100.0,3.85,50,6,2,,1
삼성전자주식회사; 서울대학교,엘지전자; 한국과학기술원,66.56,93.6,47.24,100.0,11.11,50,3,2,,1
삼성전자주식회사; 서울대학교,광주과학기술원; 국방과학연구소,64.28,62.4,47.24,100.0,75.0,25,2,1,,1
삼성전자주식회사; 서울대학교,한국원자력연구원,58.67,31.2,47.24,100.0,100.0,25,1,1,,1
삼성전자주식회사; 서울대학교,한국에너지기술연구원,54.92,31.2,47.24,100.0,75.0,25,1,1,,1
삼성전자주식회사; 서울대학교,기초과학연구원; 한국과학기술원,53.03,62.4,47.24,100.0,0.0,25,2,1,,1
삼성전자주식회사; 서울대학교,삼성전자; 광주과학기술원,53.03,62.4,47.24,100.0,0.0,25,2,1,,1
삼성전자주식회사; 서울대학교,재단법인 전통천연물기반 유전자동의보감 사업단; 한국과학기술원,53.03,62.4,47.24,100.0,0.0,25,2,1,,1
삼성전자주식회사; 서울대학교,유한책임회사 엔에이치네트웍스; 광주과학기술원,46.17,31.2,47.24,100.0,16.67,25,1,1,,1
삼성전자주식회사; 서울대학교,한국과학기술원; 국방과학연구소,46.17,31.2,47.24,100.0,16.67,25,1,1,,1
삼성전자주식회사; 서울대학교,듀얼헬스케어; 한국과학기술원,43.67,31.2,47.24,100.0,0.0,25,1,1,,1
삼성전자주식회사; 서울대학교,한국전자통신연구원; 한국과학기술원,43.67,31.2,47.24,100.0,0.0,25,1,1,,1
삼성전자주식회사; 서울시립대학교,한국전자통신연구원,71.18,100.0,47.24,100.0,12.5,75,5,3,,1
삼성전자주식회사; 서울시립대학교,국방과학연구소; 한국과학기술원,55.76,62.4,47.24,100.0,18.18,25,2,1,,1
삼성전자주식회사; 서울여자대학교,한국과학기술원,54.53,62.4,47.24,100.0,10.0,25,2,1,,1
삼성전자주식회사; 성균관대학교,한국과학기술원,74.95,100.0,47.24,100.0,20.93,100,63,26,,1
삼성전자주식회사; 성균관대학교,울산과학기술원,74.68,100.0,47.24,100.0,19.14,100,75,25,,1
삼성전자주식회사; 성균관대학교,한국화학연구원,74.12,100.0,47.24,100.0,15.38,100,15,7,,1
삼성전자주식회사; 성균관대학교,한국전자통신연구원,73.95,100.0,47.24,100.0,14.29,100,30,14,,1
삼성전자주식회사; 성균관대학교,한국과학기술연구원,73.86,100.0,47.24,100.0,13.69,100,53,21,,1
삼성전자주식회사; 성균관대학교,한국에너지기술연구원,73.59,100.0,47.24,100.0,11.9,100,11,6,,1
삼성전자주식회사; 성균관대학교,한국전기연구원,73.51,100.0,47.24,100.0,11.36,100,5,4,,1
삼성전자주식회사; 성균관대학교,한국기계연구원,73.48,100.0,47.24,100.0,11.11,100,10,5,,1
삼성전자주식회사; 성균관대학교,재단법인대구경북과학기술원,73.42,100.0,47.24,100.0,10.71,100,17,9,,1
삼성전자주식회사; 성균관대학교,광주과학기술원,73.03,100.0,47.24,100.0,8.11,100,24,9,,1
삼성전자주식회사; 성균관대학교,한국표준과학연구원,73.03,100.0,47.24,100.0,8.11,100,7,5,,1
삼성전자주식회사; 성균관대학교,한국원자력연구원,72.81,100.0,47.24,100.0,6.67,100,5,4,,1
삼성전자주식회사; 성균관대학교,한국기계연구원; 재단법인 파동에너지 극한제어 연구단,67.54,93.6,47.24,100.0,17.65,50,3,2,,1
삼성전자주식회사; 성균관대학교,에스케이하이닉스; 한국과학기술원,64.89,93.6,47.24,100.0,16.67,25,3,1,,1
삼성전자주식회사; 성균관대학교,삼성전자; 울산과학기술원,62.39,93.6,47.24,100.0,0.0,25,3,1,,1
삼성전자주식회사; 성균관대학교,울산과학기술원; 조광페인트,62.39,93.6,47.24,100.0,0.0,25,3,1,,1
삼성전자주식회사; 성균관대학교,한국지질자원연구원,55.17,62.4,47.24,100.0,14.29,25,2,1,,1
삼성전자주식회사; 성균관대학교,울산과학기술원; 한국과학기술원,54.53,62.4,47.24,100.0,10.0,25,2,1,,1
삼성전자주식회사; 성균관대학교,울산과학기술원;유니솔루션,54.28,62.4,47.24,100.0,8.33,25,2,1,,1
삼성전자주식회사; 성균관대학교,한국과학기술원; 에이치디한국조선해양,54.1,62.4,47.24,100.0,7.14,25,2,1,,1
삼성전자주식회사; 성균관대학교,한국기계연구원; 한국전자통신연구원,53.03,62.4,47.24,100.0,0.0,25,2,1,,1
삼성전자주식회사; 성균관대학교,코메스타; 한국해양과학기술원,47.95,31.2,47.24,100.0,28.57,25,1,1,,1
삼성전자주식회사; 성균관대학교,에스케이온; 울산과학기술원,45.67,31.2,47.24,100.0,13.33,25,1,1,,1
삼성전자주식회사; 성균관대학교,한국세라믹기술원; 울산과학기술원,44.67,31.2,47.24,100.0,6.67,25,1,1,,1
삼성전자주식회사; 성균관대학교,한국과학기술원; 드렉셀유니버시티,43.67,31.2,47.24,100.0,0.0,25,1,1,,1
삼성전자주식회사; 숭실대학교,한국전자통신연구원,63.89,93.6,47.24,100.0,10.0,25,3,1,,1
삼성전자주식회사; 아주대학교,한국전자통신연구원,69.21,100.0,47.24,100.0,16.0,50,8,2,,1
삼성전자주식회사; 아주대학교,한국과학기술원,67.49,100.0,47.24,100.0,4.55,50,4,2,,1
삼성전자주식회사; 아주대학교,울산과학기술원,63.64,93.6,47.24,100.0,8.33,25,3,1,,1
삼성전자주식회사; 아주대학교,한국생명공학연구원,58.39,62.4,47.24,100.0,35.71,25,2,1,,1
삼성전자주식회사; 아주대학교,재단법인대구경북과학기술원,56.24,62.4,47.24,100.0,4.76,50,2,2,,1
삼성전자주식회사; 아주대학교,한국표준과학연구원,43.67,31.2,47.24,100.0,0.0,25,1,1,,1
삼성전자주식회사; 연세대학교,한국기계연구원,74.69,100.0,47.24,100.0,19.23,100,13,5,,1
삼성전자주식회사; 연세대학교,재단법인대구경북과학기술원,74.49,100.0,47.24,100.0,17.86,100,10,7,,1
삼성전자주식회사; 연세대학교,한국과학기술연구원,74.16,100.0,47.24,100.0,15.69,100,7,6,,1
삼성전자주식회사; 연세대학교,한국전자통신연구원,74.07,100.0,47.24,100.0,15.09,100,15,8,,1
삼성전자주식회사; 연세대학교,한국과학기술원,73.95,100.0,47.24,100.0,14.29,100,39,17,,1
삼성전자주식회사; 연세대학교,한국전기연구원,71.38,100.0,47.24,100.0,13.79,75,7,3,,1
삼성전자주식회사; 연세대학교,울산과학기술원,64.31,100.0,47.24,100.0,0.0,25,4,1,,1
삼성전자주식회사; 연세대학교,한국화학연구원,62.39,93.6,47.24,100.0,0.0,25,3,1,,1
삼성전자주식회사; 연세대학교,한국표준과학연구원,56.78,62.4,47.24,100.0,8.33,50,2,2,,1
삼성전자주식회사; 연세대학교,삼성전자; 한국과학기술원,56.53,62.4,47.24,100.0,6.67,50,2,2,,1
삼성전자주식회사; 연세대학교,한국건설기술연구원,55.17,62.4,47.24,100.0,14.29,25,2,1,,1
삼성전자주식회사; 연세대학교,엘지전자; 한국과학기술원,46.67,31.2,47.24,100.0,20.0,25,1,1,,1
삼성전자주식회사; 연세대학교,울산과학기술원; 재단법인 실감교류인체감응솔루션연구단,46.17,31.2,47.24,100.0,16.67,25,1,1,,1
삼성전자주식회사; 연세대학교,광주과학기술원,45.98,31.2,47.24,100.0,15.38,25,1,1,,1
삼성전자주식회사; 연세대학교,한국연안환경생태연구소; 한국해양과학기술원,45.54,31.2,47.24,100.0,12.5,25,1,1,,1
삼성전자주식회사; 연세대학교,한국전자통신연구원; 포즈난 유니버시티 오브 테크놀로지,45.34,31.2,47.24,100.0,11.11,25,1,1,,1
삼성전자주식회사; 연세대학교,코오롱인더스트리; 한국과학기술원,43.67,31.2,47.24,100.0,0.0,25,1,1,,1
삼성전자주식회사; 연세대학교 미래,울산과학기술원,64.93,100.0,47.24,100.0,4.17,25,7,1,,1
삼성전자주식회사; 연세대학교 미래,한국과학기술연구원,43.67,31.2,47.24,100.0,0.0,25,1,1,,1
삼성전자주식회사; 인하대학교,한국에너지기술연구원,67.04,100.0,47.24,100.0,18.18,25,5,1,,1
삼성전자주식회사; 인하대학교,엘지전자; 한국과학기술원,62.39,93.6,47.24,100.0,0.0,25,3,1,,1
삼성전자주식회사; 재단법인서울대학교,한국과학기술연구원,53.03,62.4,47.24,100.0,0.0,25,2,1,,1
삼성전자주식회사; 전남대학교,재단법인대구경북과학기술원,47.95,31.2,47.24,100.0,28.57,25,1,1,,1
삼성전자주식회사; 전남대학교,한국전자통신연구원,43.67,31.2,47.24,100.0,0.0,25,1,1,,1
삼성전자주식회사; 중앙대학교,한국표준과학연구원,49.29,31.2,47.24,100.0,37.5,25,1,1,,1
삼성전자주식회사; 청주대학교,한국과학기술연구원,68.81,100.0,47.24,100.0,30.0,25,4,1,,1
삼성전자주식회사; 충남대학교,울산과학기술원,67.96,100.0,47.24,100.0,7.69,50,8,2,,1
삼성전자주식회사; 충남대학교,한국과학기술원,66.25,93.6,47.24,100.0,9.09,50,3,2,,1
삼성전자주식회사; 충남대학교,한국과학기술원; 네메시스,53.03,62.4,47.24,100.0,0.0,25,2,1,,1
삼성전자주식회사; 충남대학교,삼성전자; 한국과학기술원,47.42,31.2,47.24,100.0,25.0,25,1,1,,1
삼성전자주식회사; 충남대학교,한국화학연구원,45.98,31.2,47.24,100.0,15.38,25,1,1,,1
삼성전자주식회사; 충남대학교,한국과학기술원; 뉴욕 유니버시티 인 아부다비 코포레이션,45.54,31.2,47.24,100.0,12.5,25,1,1,,1
삼성전자주식회사; 충남대학교,한국과학기술연구원,43.67,31.2,47.24,100.0,0.0,25,1,1,,1
삼성전자주식회사; 포항공과대학교,한국전자통신연구원,75.9,100.0,47.24,100.0,27.27,100,23,11,,1
삼성전자주식회사; 포항공과대학교,광주과학기술원,74.42,100.0,47.24,100.0,17.39,100,12,6,,1
삼성전자주식회사; 포항공과대학교,한국과학기술원,74.35,100.0,47.24,100.0,16.92,100,13,8,,1
삼성전자주식회사; 포항공과대학교,울산과학기술원,73.78,100.0,47.24,100.0,13.16,100,13,5,,1
삼성전자주식회사; 포항공과대학교,한국과학기술연구원,72.62,100.0,47.24,100.0,5.41,100,10,5,,1
삼성전자주식회사; 포항공과대학교,재단법인대구경북과학기술원,67.64,100.0,47.24,100.0,5.56,50,4,2,,1
삼성전자주식회사; 포항공과대학교,에스케이하이닉스; 한국과학기술원,66.81,100.0,47.24,100.0,0.0,50,4,2,,1
삼성전자주식회사; 포항공과대학교,창성; 한국과학기술연구원,63.54,93.6,47.24,100.0,7.69,25,3,1,,1
삼성전자주식회사; 포항공과대학교,에스케이텔레콤; 한국과학기술원,55.53,62.4,47.24,100.0,16.67,25,2,1,,1
삼성전자주식회사; 포항공과대학교,삼성전자; 한국과학기술원,55.03,62.4,47.24,100.0,13.33,25,2,1,,1
삼성전자주식회사; 포항공과대학교,한국표준과학연구원,48.67,31.2,47.24,100.0,33.33,25,1,1,,1
삼성전자주식회사; 포항공과대학교,한국원자력연구원,43.67,31.2,47.24,100.0,0.0,25,1,1,,1
삼성전자주식회사; 포항공과대학교,한국해양과학기술원,43.67,31.2,47.24,100.0,0.0,25,1,1,,1
삼성전자주식회사; 한국기술교육대학교,한국기계연구원,59.81,62.4,47.24,100.0,28.57,50,2,2,,1
삼성전자주식회사; 한국항공대학교,한국기계연구원,56.24,62.4,47.24,100.0,21.43,25,2,1,,1
삼성전자주식회사; 한양대학교,한국과학기술원,71.99,100.0,47.24,100.0,17.86,75,5,3,,1
삼성전자주식회사; 한양대학교,울산과학기술원,71.9,100.0,47.24,100.0,17.24,75,7,3,,1
삼성전자주식회사; 한양대학교,한국전기연구원,70.02,100.0,47.24,100.0,21.43,50,4,2,,1
삼성전자주식회사; 한양대학교,엘지화학; 한국과학기술원,68.82,93.6,47.24,100.0,42.86,25,3,1,,1
삼성전자주식회사; 한양대학교,한국과학기술연구원,68.24,100.0,47.24,100.0,9.52,50,18,2,,1
삼성전자주식회사; 한양대학교,재단법인대구경북과학기술원,67.81,100.0,47.24,100.0,6.67,50,5,2,,1
삼성전자주식회사; 한양대학교,한국에너지기술연구원,56.41,62.4,47.24,100.0,5.88,50,2,2,,1
삼성전자주식회사; 한양대학교,한국식품연구원,53.03,62.4,47.24,100.0,0.0,25,2,1,,1
삼성전자주식회사; 한양대학교,삼성전자; 한국과학기술원,49.29,31.2,47.24,100.0,37.5,25,1,1,,1
삼성전자주식회사; 한양대학교,한국화학연구원,47.24,31.2,47.24,100.0,23.81,25,1,1,,1
삼성전자주식회사; 한양대학교,한국표준과학연구원,46.4,31.2,47.24,100.0,18.18,25,1,1,,1
삼성전자주식회사; 한양대학교 에리카,울산과학기술원,43.67,31.2,47.24,100.0,0.0,25,1,1,,1
삼성중공업 주식회사,한국과학기술원,66.45,100.0,47.24,100.0,14.29,25,6,1,,1
삼성중공업 주식회사; 서울대학교,한국해양과학기술원,53.03,62.4,47.24,100.0,0.0,25,2,1,,1
삼육대학교,한국과학기술연구원,74.74,100.0,47.24,100.0,19.57,100,14,6,,1
삼육대학교,한국건설기술연구원,70.56,100.0,47.24,100.0,25.0,50,11,2,,1
삼육대학교,울산과학기술원,67.96,100.0,47.24,100.0,7.69,50,6,2,,1
삼육대학교,재단법인 파동에너지 극한제어 연구단; 한국기계연구원,66.81,100.0,47.24,100.0,0.0,50,4,2,,1
삼육대학교,한국식품연구원,65.81,100.0,47.24,100.0,10.0,25,4,1,,1
삼육대학교,광주과학기술원,64.31,100.0,47.24,100.0,0.0,25,4,1,,1
삼육대학교,한국기계연구원; 재단법인 파동에너지 극한제어 연구단,62.39,93.6,47.24,100.0,0.0,25,3,1,,1
삼육대학교,한국과학기술원,49.67,31.2,47.24,100.0,40.0,25,1,1,,1
삼육대학교,한국과학기술연구원; 한국기계연구원,46.67,31.2,47.24,100.0,20.0,25,1,1,,1
삼육대학교,재단법인대구경북과학기술원,44.92,31.2,47.24,100.0,8.33,25,1,1,,1
삼중테크 주식회사; 서강대학교,한국에너지기술연구원,45.03,31.2,47.24,100.0,9.09,25,1,1,,1
상명대학교,한국과학기술연구원,76.66,100.0,47.24,100.0,32.35,100,8,4,,1
상명대학교,한국전자통신연구원,75.56,100.0,47.24,100.0,25.0,100,21,11,,1
상명대학교,울산과학기술원,71.45,100.0,47.24,100.0,14.29,75,5,3,,1
상명대학교,한국에너지기술연구원,71.31,100.0,47.24,100.0,30.0,50,5,2,,1
상명대학교,한국과학기술원,70.81,100.0,47.24,100.0,10.0,75,7,3,,1
상명대학교,한국기계연구원,68.06,100.0,47.24,100.0,25.0,25,4,1,,1
상명대학교,넷비젼텔레콤; 한국전자통신연구원,53.03,62.4,47.24,100.0,0.0,25,2,1,,1
상명대학교,재단법인대구경북과학기술원,47.42,31.2,47.24,100.0,25.0,25,1,1,,1
상명대학교,한국전기연구원,47.42,31.2,47.24,100.0,25.0,25,1,1,,1
상명대학교,한국표준과학연구원,45.34,31.2,47.24,100.0,11.11,25,1,1,,1
상명대학교,한국원자력연구원,43.67,31.2,47.24,100.0,0.0,25,1,1,,1
상명대학교 천안,한국에너지기술연구원,75.83,100.0,47.24,100.0,26.83,100,6,4,,1
상명대학교 천안,한국과학기술연구원,74.81,100.0,47.24,100.0,20.0,100,14,5,,1
상명대학교 천안,한국전자통신연구원,74.76,100.0,47.24,100.0,19.67,100,23,10,,1
상명대학교 천안,한국과학기술원,71.81,100.0,47.24,100.0,16.67,75,6,3,,1
상명대학교 천안,한국화학연구원,70.56,100.0,47.24,100.0,25.0,50,4,2,,1
상명대학교 천안,한국전기연구원,68.95,100.0,47.24,100.0,14.29,50,6,2,,1
상명대학교 천안,광주과학기술원,67.39,93.6,47.24,100.0,16.67,50,3,2,,1
상명대학교 천안,울산과학기술원,48.67,31.2,47.24,100.0,33.33,25,1,1,,1
상지대학교,한국과학기술연구원,74.0,100.0,47.24,100.0,14.63,100,23,5,,1
상지대학교,한국지질자원연구원,67.31,100.0,47.24,100.0,20.0,25,20,1,,1
상지대학교,한국표준과학연구원; 한국 한의학 연구원,66.81,100.0,47.24,100.0,16.67,25,5,1,,1
상지대학교,한국표준과학연구원,66.31,100.0,47.24,100.0,13.33,25,9,1,,1
상지대학교,한국과학기술원,54.7,62.4,47.24,100.0,11.11,25,2,1,,1
상지대학교,한국과학기술연구원; 울산과학기술원,50.49,31.2,47.24,100.0,45.45,25,1,1,,1
상지대학교,한국해양과학기술원,45.67,31.2,47.24,100.0,13.33,25,1,1,,1
서강대학교,한국생명공학연구원,77.13,100.0,47.24,100.0,35.48,100,9,6,,1
서강대학교,한국과학기술원;엔젤로보틱스,76.81,100.0,47.24,100.0,66.67,50,4,2,,1
서강대학교,재단법인대구경북과학기술원,76.72,100.0,47.24,100.0,32.74,100,41,20,,1
서강대학교,울산과학기술원,75.54,100.0,47.24,100.0,24.86,100,58,27,,1
서강대학교,한국전기연구원,75.41,100.0,47.24,100.0,24.0,100,16,6,,1
서강대학교,한국과학기술원,75.14,100.0,47.24,100.0,22.22,100,137,57,,1
서강대학교,한국전자통신연구원,75.14,100.0,47.24,100.0,22.22,100,59,33,,1
서강대학교,한국과학기술연구원,75.06,100.0,47.24,100.0,21.65,100,46,29,,1
서강대학교,한국에너지기술연구원,75.01,100.0,47.24,100.0,21.35,100,45,28,,1
서강대학교,광주과학기술원,74.98,100.0,47.24,100.0,21.14,100,30,17,,1
서강대학교,한국화학연구원,74.71,100.0,47.24,100.0,19.35,100,20,12,,1
서강대학교,한국지질자원연구원,74.46,100.0,47.24,100.0,17.65,100,12,6,,1
서강대학교,한국표준과학연구원,73.91,100.0,47.24,100.0,14.0,100,7,7,,1
서강대학교,한국원자력연구원,73.75,100.0,47.24,100.0,12.96,100,12,7,,1
서강대학교,한국기계연구원,73.4,100.0,47.24,100.0,10.64,100,20,11,,1
서강대학교,삼성전자; 한국과학기술원,72.64,100.0,47.24,100.0,5.56,100,4,4,,1
서강대학교,한국전력공사; 한국과학기술원,71.81,100.0,47.24,100.0,33.33,50,4,2,,1
서강대학교,엘지화학; 한국과학기술원,68.31,100.0,47.24,100.0,26.67,25,4,1,,1
서강대학교,한국에너지기술연구원; 한국과학기술연구원,68.06,100.0,47.24,100.0,25.0,25,6,1,,1
서강대학교,한국해양과학기술원,67.39,93.6,47.24,100.0,16.67,50,3,2,,1
서강대학교,한국표준과학연구원; 한국 한의학 연구원,66.14,93.6,47.24,100.0,25.0,25,3,1,,1
서강대학교,삼성전기; 한국과학기술원,60.53,62.4,47.24,100.0,50.0,25,2,1,,1
서강대학교,에스케이텔레콤; 한국과학기술원,56.78,62.4,47.24,100.0,25.0,25,2,1,,1
서강대학교,한국원자력연구원; 한국수력원자력,56.32,62.4,47.24,100.0,5.26,50,2,2,,1
서강대학교,한국과학기술연구원; 한국토지주택공사,55.53,62.4,47.24,100.0,16.67,25,2,1,,1
서강대학교,한국과학기술원; 사우디 아라비안 오일 컴퍼니,54.9,62.4,47.24,100.0,12.5,25,2,1,,1
서강대학교,한국화학연구원;제오빌더,53.91,62.4,47.24,100.0,5.88,25,2,1,,1
서강대학교,한국기계연구원; 재단법인 파동에너지 극한제어 연구단,53.03,62.4,47.24,100.0,0.0,25,2,1,,1
서강대학교,한국화학연구원; 한국생명공학연구원,50.1,31.2,47.24,100.0,42.86,25,1,1,,1
서강대학교,한국화학연구원;엔바이온,47.42,31.2,47.24,100.0,25.0,25,1,1,,1
서강대학교,나무가; 한국과학기술원,47.0,31.2,47.24,100.0,22.22,25,1,1,,1
서강대학교,삼성디스플레이; 한국과학기술원,46.67,31.2,47.24,100.0,20.0,25,1,1,,1
서강대학교,한국과학기술원; 대한민국(국립재활원장),45.81,31.2,47.24,100.0,14.29,25,1,1,,1
서강대학교,한국기계연구원; 한국표준과학연구원,45.81,31.2,47.24,100.0,14.29,25,1,1,,1
서강대학교,한화비전; 광주과학기술원,44.92,31.2,47.24,100.0,8.33,25,1,1,,1
서강대학교,현대자동차; 기아; 한국과학기술원,44.67,31.2,47.24,100.0,6.67,25,1,1,,1
서경대학교,한국과학기술연구원,71.27,100.0,47.24,100.0,13.04,75,7,3,,1
서경대학교,한국전자통신연구원,68.85,100.0,47.24,100.0,13.64,50,4,2,,1
서경대학교,한국에너지기술연구원,57.53,62.4,47.24,100.0,30.0,25,2,1,,1
서경대학교,기아; 현대자동차; 울산과학기술원,56.03,62.4,47.24,100.0,20.0,25,2,1,,1
서경대학교,울산과학기술원,54.7,62.4,47.24,100.0,11.11,25,2,1,,1
서경대학교,재단법인대구경북과학기술원,46.17,31.2,47.24,100.0,16.67,25,1,1,,1
서남대학교,한국기계연구원,53.03,62.4,47.24,100.0,0.0,25,2,1,,1
서남대학교,한국표준과학연구원,43.67,31.2,47.24,100.0,0.0,25,1,1,,1
서영대학교,한국과학기술연구원,67.39,93.6,47.24,100.0,33.33,25,3,1,,1
서영대학교,한국기계연구원,49.29,31.2,47.24,100.0,37.5,25,1,1,,1
서영대학교,한국화학연구원,48.17,31.2,47.24,100.0,30.0,25,1,1,,1
서울과학기술대학교,한국전기연구원,75.56,100.0,47.24,100.0,25.0,100,4,4,,1
서울과학기술대학교,광주과학기술원,75.1,100.0,47.24,100.0,21.95,100,7,4,,1
서울과학기술대학교,한국과학기술연구원,74.48,100.0,47.24,100.0,17.78,100,34,18,,1
서울과학기술대학교,한국에너지기술연구원,74.48,100.0,47.24,100.0,17.78,100,10,6,,1
서울과학기술대학교,한국전자통신연구원,74.29,100.0,47.24,100.0,16.56,100,34,22,,1
서울과학기술대학교,재단법인대구경북과학기술원,74.22,100.0,47.24,100.0,16.09,100,19,10,,1
서울과학기술대학교,한국과학기술원,74.06,100.0,47.24,100.0,15.0,100,26,14,,1
서울과학기술대학교,한국기계연구원,73.77,100.0,47.24,100.0,13.1,100,15,8,,1
서울과학기술대학교,한국원자력연구원,73.61,100.0,47.24,100.0,12.0,100,8,4,,1
서울과학기술대학교,울산과학기술원,73.53,100.0,47.24,100.0,11.48,100,14,6,,1
서울과학기술대학교,한국화학연구원,73.08,100.0,47.24,100.0,8.47,100,10,5,,1
서울과학기술대학교,한국건설기술연구원,73.06,100.0,47.24,100.0,25.0,75,4,3,,1
서울과학기술대학교,한국해양과학기술원,72.91,100.0,47.24,100.0,7.32,100,7,4,,1
서울과학기술대학교,아이엘케이; 한국건설기술연구원,65.85,93.6,47.24,100.0,23.08,25,3,1,,1
서울과학기술대학교,현대자동차; 기아; 한국과학기술원,64.26,93.6,47.24,100.0,12.5,25,3,1,,1
서울과학기술대학교,한국과학기술연구원; 재단법인 실감교류인체감응솔루션연구단,62.39,93.6,47.24,100.0,0.0,25,3,1,,1
서울과학기술대학교,한국표준과학연구원,56.36,62.4,47.24,100.0,22.22,25,2,1,,1
서울과학기술대학교,한국과학기술연구원;국영지앤엠,54.9,62.4,47.24,100.0,12.5,25,2,1,,1
서울과학기술대학교,한국건설기술연구원;네비엔,48.17,31.2,47.24,100.0,30.0,25,1,1,,1
서울과학기술대학교,울산과학기술원; 재단법인대구경북과학기술원,47.76,31.2,47.24,100.0,27.27,25,1,1,,1
서울과학기술대학교,삼성전자; 한국과학기술원,47.42,31.2,47.24,100.0,25.0,25,1,1,,1
서울과학기술대학교,울산과학기술원; 한국과학기술연구원,46.67,31.2,47.24,100.0,20.0,25,1,1,,1
서울과학기술대학교,한국과학기술연구원; 현대자동차; 기아,46.17,31.2,47.24,100.0,16.67,25,1,1,,1
서울과학기술대학교,한국식품연구원,45.03,31.2,47.24,100.0,9.09,25,1,1,,1
서울과학기술대학교,한국지질자원연구원,43.67,31.2,47.24,100.0,0.0,25,1,1,,1
서울대학교,한국과학기술연구원,75.94,100.0,47.24,100.0,27.55,100,341,165,,1
서울대학교,한국표준과학연구원,75.86,100.0,47.24,100.0,27.0,100,69,33,,1
서울대학교,한국건설기술연구원,75.81,100.0,47.24,100.0,26.7,100,47,19,,1
서울대학교,한국과학기술원,75.7,100.0,47.24,100.0,25.91,100,414,210,,1
서울대학교,한국전기연구원,75.62,100.0,47.24,100.0,25.4,100,76,34,,1
서울대학교,재단법인대구경북과학기술원,75.6,100.0,47.24,100.0,25.24,100,155,83,,1
서울대학교,울산과학기술원,75.51,100.0,47.24,100.0,24.66,100,232,99,,1
서울대학교,한국전자통신연구원,75.29,100.0,47.24,100.0,23.22,100,234,118,,1
서울대학교,한국기계연구원,75.02,100.0,47.24,100.0,21.43,100,129,63,,1
서울대학교,광주과학기술원,74.98,100.0,47.24,100.0,21.14,100,93,54,,1
서울대학교,한국생명공학연구원,74.93,100.0,47.24,100.0,20.79,100,44,31,,1
서울대학교,한국해양과학기술원,74.93,100.0,47.24,100.0,20.82,100,89,33,,1
서울대학교,한국에너지기술연구원,74.71,100.0,47.24,100.0,19.34,100,78,42,,1
서울대학교,삼성전자; 한국과학기술원,74.54,100.0,47.24,100.0,18.18,100,13,6,,1
서울대학교,한국화학연구원,74.5,100.0,47.24,100.0,17.93,100,121,64,,1
서울대학교,한국원자력연구원,74.46,100.0,47.24,100.0,17.65,100,56,29,,1
서울대학교,한국기계연구원; 한국과학기술원,74.31,100.0,47.24,100.0,33.33,75,6,3,,1
서울대학교,한국식품연구원,74.14,100.0,47.24,100.0,15.53,100,35,19,,1
서울대학교,한국지질자원연구원,74.04,100.0,47.24,100.0,14.86,100,62,29,,1
서울대학교,재단법인 전통천연물기반 유전자동의보감 사업단; 한국과학기술원,73.81,100.0,47.24,100.0,13.33,100,8,4,,1
서울대학교,한국기계연구원; 재단법인 파동에너지 극한제어 연구단,72.81,100.0,47.24,100.0,6.67,100,8,5,,1
서울대학교,한국과학기술원; 대한민국(국립재활원장),72.72,100.0,47.24,100.0,22.73,75,6,3,,1
서울대학교,한국화학연구원; 여천엔씨씨,71.81,100.0,47.24,100.0,50.0,25,4,1,,1
서울대학교,삼성전자; 울산과학기술원,71.31,100.0,47.24,100.0,13.33,75,5,3,,1
서울대학교,한국과학기술연구원; 사회복지법인 삼성생명공익재단,71.09,100.0,47.24,100.0,28.57,50,5,2,,1
서울대학교,재단법인대구경북과학기술원; 울산과학기술원,70.9,100.0,47.24,100.0,27.27,50,12,2,,1
서울대학교,국방과학연구소; 한국과학기술원,70.81,100.0,47.24,100.0,10.0,75,6,3,,1
서울대학교,국방과학연구소; 한국생명공학연구원,69.18,100.0,47.24,100.0,15.79,50,4,2,,1
서울대학교,한국전력공사; 한국과학기술원,68.85,100.0,47.24,100.0,13.64,50,4,2,,1
서울대학교,엠에스머트리얼즈; 한국과학기술원,68.39,93.6,47.24,100.0,6.67,75,3,3,,1
서울대학교,한국과학기술원;로엔서지컬,67.2,93.6,47.24,100.0,15.38,50,3,2,,1
서울대학교,씨제이제일제당; 한국과학기술연구원,66.81,100.0,47.24,100.0,0.0,50,4,2,,1
서울대학교,울산과학기술원; 재단법인 실감교류인체감응솔루션연구단,66.76,93.6,47.24,100.0,12.5,50,3,2,,1
서울대학교,에스케이하이닉스; 한국과학기술원,66.65,93.6,47.24,100.0,11.76,50,3,2,,1
서울대학교,대한민국(농촌진흥청장); 한국기계연구원,66.14,93.6,47.24,100.0,25.0,25,3,1,,1
서울대학교,울산과학기술원; 국방과학연구소,66.14,93.6,47.24,100.0,8.33,50,3,2,,1
서울대학교,울산과학기술원; 한국수력원자력; 한국과학기술원,66.14,93.6,47.24,100.0,25.0,25,3,1,,1
서울대학교,카본엑스; 한국과학기술원,66.14,93.6,47.24,100.0,25.0,25,3,1,,1
서울대학교,포스코홀딩스; 재단법인 포항산업과학연구원; 울산과학기술원,66.14,93.6,47.24,100.0,25.0,25,3,1,,1
서울대학교,한국원자력연구원; 한국수력원자력,65.96,93.6,47.24,100.0,7.14,50,3,2,,1
서울대학교,멤레이; 한국과학기술원,65.89,93.6,47.24,100.0,6.67,50,3,2,,1
서울대학교,한국화학연구원; 울산과학기술원,65.81,100.0,47.24,100.0,10.0,25,7,1,,1
서울대학교,한국과학기술원; 동우 화인켐,64.7,93.6,47.24,100.0,15.38,25,3,1,,1
서울대학교,한국화학연구원; 한국생산기술연구원; 한국표준과학연구원;세포바이오,64.28,62.4,47.24,100.0,75.0,25,2,1,,1
서울대학교,학교법인 선목학원,64.26,93.6,47.24,100.0,12.5,25,3,1,,1
서울대학교,한국전자통신연구원; 한국기계연구원; 한국전기연구원,64.26,93.6,47.24,100.0,12.5,25,3,1,,1
서울대학교,한국과학기술원; 한국과학기술연구원,63.75,93.6,47.24,100.0,9.09,25,3,1,,1
서울대학교,한국과학기술원; 재단법인 멀티스케일 에너지시스템 연구단,63.03,62.4,47.24,100.0,66.67,25,2,1,,1
서울대학교,에스케이텔레콤; 한국과학기술원,62.39,93.6,47.24,100.0,0.0,25,3,1,,1
서울대학교,참엔지니어링; 한국과학기술연구원,62.39,93.6,47.24,100.0,0.0,25,3,1,,1
서울대학교,한국과학기술원; 농업회사법인한솔루트원,62.39,93.6,47.24,100.0,0.0,25,3,1,,1
서울대학교,한국표준과학연구원; 한국과학기술원; 한국과학기술연구원,62.39,93.6,47.24,100.0,0.0,25,3,1,,1
서울대학교,울산과학기술원;솔라라이트,59.48,62.4,47.24,100.0,26.32,50,2,2,,1
서울대학교,사단법인 한국건설사회환경학회; 한국과학기술원,59.03,62.4,47.24,100.0,40.0,25,2,1,,1
서울대학교,한국과학기술원;무인탐사연구소,59.03,62.4,47.24,100.0,40.0,25,2,1,,1
서울대학교,재단법인대구경북과학기술원; 재단법인 대구경북첨단의료산업진흥재단,58.74,62.4,47.24,100.0,21.43,50,2,2,,1
서울대학교,엔덴틱스,58.03,62.4,47.24,100.0,16.67,50,2,2,,1
서울대학교,엔도비전,58.03,62.4,47.24,100.0,33.33,25,2,1,,1
서울대학교,한국생명공학연구원; 코오롱인더스트리,56.78,62.4,47.24,100.0,25.0,25,2,1,,1
서울대학교,한국과학기술연구원; 한국생산기술연구원,56.03,62.4,47.24,100.0,20.0,25,2,1,,1
서울대학교,울산과학기술원;엠프리시젼,55.53,62.4,47.24,100.0,16.67,25,2,1,,1
서울대학교,성운파마코피아; 한국생명공학연구원,55.34,62.4,47.24,100.0,15.38,25,2,1,,1
서울대학교,엘지전자; 한국과학기술원,55.17,62.4,47.24,100.0,14.29,25,2,1,,1
서울대학교,울산과학기술원; 대한민국(기후에너지환경부 국립환경과학원장),55.03,62.4,47.24,100.0,13.33,25,2,1,,1
서울대학교,엘지디스플레이; 한국과학기술원,54.7,62.4,47.24,100.0,11.11,25,2,1,,1
서울대학교,필더세임; 울산과학기술원,54.7,62.4,47.24,100.0,11.11,25,2,1,,1
서울대학교,한국과학기술원; 한국기계연구원,54.53,62.4,47.24,100.0,10.0,25,2,1,,1
서울대학교,재단법인대구경북과학기술원; 이칸 스쿨 오브 메디슨 엣 마운트 시나이,54.39,62.4,47.24,100.0,9.09,25,2,1,,1
서울대학교,중외정보기술; 한국전자통신연구원,54.1,62.4,47.24,100.0,7.14,25,2,1,,1
서울대학교,한국과학기술연구원; 재단법인대구경북과학기술원; 한국기계연구원,53.03,62.4,47.24,100.0,0.0,25,2,1,,1
서울대학교,한국과학기술원; 한국표준과학연구원,53.03,62.4,47.24,100.0,0.0,25,2,1,,1
서울대학교,한국과학기술원;옵토마인드,53.03,62.4,47.24,100.0,0.0,25,2,1,,1
서울대학교,한국화학연구원; 한국과학기술연구원,53.03,62.4,47.24,100.0,0.0,25,2,1,,1
서울대학교,한국생명공학연구원; 재단법인 지능형 바이오 시스템 설계 및 합성 연구단,52.24,31.2,47.24,100.0,57.14,25,1,1,,1
서울대학교,한국과학기술연구원; 대한민국(농촌진흥청장),50.1,31.2,47.24,100.0,42.86,25,1,1,,1
서울대학교,울산과학기술원;바이오에이지,49.67,31.2,47.24,100.0,40.0,25,1,1,,1
서울대학교,토닥; 한국과학기술원,49.29,31.2,47.24,100.0,37.5,25,1,1,,1
서울대학교,엘지화학; 재단법인대구경북과학기술원,48.67,31.2,47.24,100.0,33.33,25,1,1,,1
서울대학교,한국과학기술원; 한국전기연구원,48.67,31.2,47.24,100.0,33.33,25,1,1,,1
서울대학교,한국화학연구원; 한국기초과학지원연구원,48.67,31.2,47.24,100.0,33.33,25,1,1,,1
서울대학교,재단법인 한국파스퇴르연구소; 한국화학연구원,48.28,31.2,47.24,100.0,30.77,25,1,1,,1
서울대학교,메디코스바이오텍; 한국과학기술원,48.17,31.2,47.24,100.0,30.0,25,1,1,,1
서울대학교,코오롱인더스트리; 한국생명공학연구원,47.84,31.2,47.24,100.0,27.78,25,1,1,,1
서울대학교,아모그린텍; 한국과학기술연구원,47.76,31.2,47.24,100.0,27.27,25,1,1,,1
서울대학교,에쓰대시오일; 울산과학기술원,47.62,31.2,47.24,100.0,26.32,25,1,1,,1
서울대학교,재단법인 다차원 스마트 아이티 융합시스템 연구단; 한국과학기술원,47.42,31.2,47.24,100.0,25.0,25,1,1,,1
서울대학교,한국생명공학연구원; 대한민국(농촌진흥청장),47.42,31.2,47.24,100.0,25.0,25,1,1,,1
서울대학교,피에스디엘; 재단법인대구경북과학기술원,46.88,31.2,47.24,100.0,21.43,25,1,1,,1
서울대학교,아모레퍼시픽; 한국과학기술원,46.67,31.2,47.24,100.0,20.0,25,1,1,,1
서울대학교,한국과학기술원;아이리스,46.67,31.2,47.24,100.0,20.0,25,1,1,,1
서울대학교,현대자동차; 기아; 한국과학기술원,46.67,31.2,47.24,100.0,20.0,25,1,1,,1
서울대학교,엘아이지넥스원; 한국과학기술원,46.4,31.2,47.24,100.0,18.18,25,1,1,,1
서울대학교,한국전기연구원; 에이디알엠테크놀로지,46.4,31.2,47.24,100.0,18.18,25,1,1,,1
서울대학교,학교법인 일송학원,46.32,31.2,47.24,100.0,17.65,25,1,1,,1
서울대학교,기초과학연구원; 재단법인대구경북과학기술원,46.17,31.2,47.24,100.0,16.67,25,1,1,,1
서울대학교,동양하이테크산업; 한국화학연구원,46.17,31.2,47.24,100.0,16.67,25,1,1,,1
서울대학교,울산과학기술원;셀레스트라,46.17,31.2,47.24,100.0,16.67,25,1,1,,1
서울대학교,한국에너지기술연구원; 한국과학기술원,46.17,31.2,47.24,100.0,16.67,25,1,1,,1
서울대학교,한화시스템; 한국과학기술원,46.17,31.2,47.24,100.0,16.67,25,1,1,,1
서울대학교,부강테크; 한국화학연구원,46.04,31.2,47.24,100.0,15.79,25,1,1,,1
서울대학교,한국기계연구원; 에이디엠바이오사이언스,45.98,31.2,47.24,100.0,15.38,25,1,1,,1
서울대학교,한전원자력연료; 한국과학기술원,45.98,31.2,47.24,100.0,15.38,25,1,1,,1
서울대학교,한국기초과학지원연구원; 한국생명공학연구원,45.81,31.2,47.24,100.0,14.29,25,1,1,,1
서울대학교,한길산업; 광주과학기술원,45.81,31.2,47.24,100.0,14.29,25,1,1,,1
서울대학교,우리소프트; 재단법인대구경북과학기술원,45.34,31.2,47.24,100.0,11.11,25,1,1,,1
서울대학교,휴랜,45.34,31.2,47.24,100.0,11.11,25,1,1,,1
서울대학교,한국과학기술원; 엘지디스플레이,45.25,31.2,47.24,100.0,10.53,25,1,1,,1
서울대학교,한국과학기술원; 사우디 아라비안 오일 컴퍼니,45.17,31.2,47.24,100.0,10.0,25,1,1,,1
서울대학교,에스이티시스템; 한국해양과학기술원,45.03,31.2,47.24,100.0,9.09,25,1,1,,1
서울대학교,센서위드유; 울산과학기술원,44.92,31.2,47.24,100.0,8.33,25,1,1,,1
서울대학교,한국생명공학연구원; 한국과학기술연구원; 재단법인 구미전자정보기술원,44.92,31.2,47.24,100.0,8.33,25,1,1,,1
서울대학교,한국생명공학연구원; 한국과학기술연구원; 한국화학연구원,44.92,31.2,47.24,100.0,8.33,25,1,1,,1
서울대학교,울산과학기술원; 재단법인대구경북과학기술원,44.55,31.2,47.24,100.0,5.88,25,1,1,,1
서울대학교,덕산네오룩스; 울산과학기술원,43.67,31.2,47.24,100.0,0.0,25,1,1,,1
서울대학교,두원중공업;두원전자; 학교법인 두원학원,43.67,31.2,47.24,100.0,0.0,25,1,1,,1
서울대학교,사회복지법인 삼성생명공익재단; 한국과학기술연구원,43.67,31.2,47.24,100.0,0.0,25,1,1,,1
서울대학교,진글라이더; 울산과학기술원,43.67,31.2,47.24,100.0,0.0,25,1,1,,1
서울대학교,한국과학기술원; 진원생명과학,43.67,31.2,47.24,100.0,0.0,25,1,1,,1
서울대학교병원; 서울대학교,한국화학연구원,66.85,93.6,47.24,100.0,13.04,50,3,2,,1
서울대학교병원; 서울대학교,한국에너지기술연구원,62.39,93.6,47.24,100.0,0.0,25,3,1,,1
서울대학교병원; 서울대학교,한국과학기술원,45.03,31.2,47.24,100.0,9.09,25,1,1,,1
서울대학교병원; 성균관대학교,한국표준과학연구원,46.4,31.2,47.24,100.0,18.18,25,1,1,,1
서울미디어대학원대학교,재단법인대구경북과학기술원,46.17,31.2,47.24,100.0,16.67,25,1,1,,1
서울바이오시스 주식회사;,한국과학기술원,64.39,93.6,47.24,100.0,13.33,25,3,1,,1
서울바이오시스 주식회사; 전남대학교,광주과학기술원,59.46,62.4,47.24,100.0,42.86,25,2,1,,1
서울시립대학교,한국과학기술연구원,75.4,100.0,47.24,100.0,23.96,100,24,12,,1
서울시립대학교,한국건설기술연구원,74.91,100.0,47.24,100.0,20.69,100,59,27,,1
서울시립대학교,한국전자통신연구원,74.83,100.0,47.24,100.0,20.11,100,50,25,,1
서울시립대학교,재단법인대구경북과학기술원,74.76,100.0,47.24,100.0,19.64,100,14,6,,1
서울시립대학교,한국기계연구원,74.41,100.0,47.24,100.0,17.33,100,10,5,,1
서울시립대학교,한국과학기술원,74.32,100.0,47.24,100.0,16.75,100,49,30,,1
서울시립대학교,한국전기연구원,74.26,100.0,47.24,100.0,16.33,100,19,7,,1
서울시립대학교,한국에너지기술연구원,73.66,100.0,47.24,100.0,12.32,100,29,11,,1
서울시립대학교,한국해양과학기술원,73.57,100.0,47.24,100.0,11.76,100,8,4,,1
서울시립대학교,울산과학기술원,72.86,100.0,47.24,100.0,6.98,100,9,6,,1
서울시립대학교,광주과학기술원,72.09,100.0,47.24,100.0,1.89,100,7,5,,1
서울시립대학교,광주과학기술원; 국방과학연구소,70.51,93.6,47.24,100.0,37.5,50,3,2,,1
서울시립대학교,한국에너지기술연구원; 한국과학기술원,69.31,100.0,47.24,100.0,33.33,25,8,1,,1
서울시립대학교,현대오토에버; 한국과학기술원,68.31,100.0,47.24,100.0,10.0,50,4,2,,1
서울시립대학교,한국원자력연구원,67.39,93.6,47.24,100.0,16.67,50,3,2,,1
서울시립대학교,한국화학연구원,67.39,93.6,47.24,100.0,16.67,50,3,2,,1
서울시립대학교,울산과학기술원; 광주과학기술원,67.31,100.0,47.24,100.0,20.0,25,5,1,,1
서울시립대학교,한국기계연구원; 재단법인 파동에너지 극한제어 연구단,67.26,93.6,47.24,100.0,15.79,50,3,2,,1
서울시립대학교,한국지질자원연구원,66.81,100.0,47.24,100.0,16.67,25,5,1,,1
서울시립대학교,재단법인대구경북과학기술원;캠시스,66.14,93.6,47.24,100.0,25.0,25,3,1,,1
서울시립대학교,한국하수도기술; 유한회사 한스; 한국건설기술연구원,64.06,93.6,47.24,100.0,11.11,25,3,1,,1
서울시립대학교,광주과학기술원; 오션스바이오,55.84,62.4,47.24,100.0,18.75,25,2,1,,1
서울시립대학교,한국전자통신연구원; 한국과학기술원,54.9,62.4,47.24,100.0,12.5,25,2,1,,1
서울시립대학교,광주과학기술원;위멤스,53.03,62.4,47.24,100.0,0.0,25,2,1,,1
서울시립대학교,아미크; 한국과학기술원,53.03,62.4,47.24,100.0,0.0,25,2,1,,1
서울시립대학교,한국표준과학연구원,45.54,31.2,47.24,100.0,12.5,25,1,1,,1
서울시립대학교,한국기계연구원;아이캡틴,44.92,31.2,47.24,100.0,8.33,25,1,1,,1
서울시립대학교,이엠텍; 울산과학기술원,44.74,31.2,47.24,100.0,7.14,25,1,1,,1
서울시립대학교,삼성디스플레이; 울산과학기술원,43.67,31.2,47.24,100.0,0.0,25,1,1,,1
서울시립대학교,한국식품연구원,43.67,31.2,47.24,100.0,0.0,25,1,1,,1
서울시립대학교,한국타이어앤테크놀로지; 한국과학기술원,43.67,31.2,47.24,100.0,0.0,25,1,1,,1
서울여자대학교,한국전자통신연구원,74.31,100.0,47.24,100.0,16.67,100,8,5,,1
서울여자대학교,한국과학기술원,73.75,100.0,47.24,100.0,29.63,75,5,3,,1
서울여자대학교,한국원자력연구원,71.9,100.0,47.24,100.0,17.24,75,5,3,,1
서울여자대학교,한국생명공학연구원,68.17,100.0,47.24,100.0,9.09,50,7,2,,1
서울여자대학교,한국화학연구원,67.39,93.6,47.24,100.0,33.33,25,3,1,,1
서울여자대학교,한국식품연구원,65.39,93.6,47.24,100.0,20.0,25,3,1,,1
서울여자대학교,학교법인 일송학원,63.39,93.6,47.24,100.0,6.67,25,3,1,,1
서울여자대학교,재단법인대구경북과학기술원,59.46,62.4,47.24,100.0,42.86,25,2,1,,1
서울여자대학교,광주과학기술원,56.03,62.4,47.24,100.0,20.0,25,2,1,,1
서울여자대학교,한국생명공학연구원; 대한민국(농촌진흥청장),46.17,31.2,47.24,100.0,16.67,25,1,1,,1
서울여자대학교,울산과학기술원,43.67,31.2,47.24,100.0,0.0,25,1,1,,1
서원대학교,한국식품연구원,75.49,100.0,47.24,100.0,24.53,100,15,6,,1
서원대학교,한국식품연구원; 김민경,67.39,93.6,47.24,100.0,33.33,25,3,1,,1
서원대학교,한국해양과학기술원,52.24,31.2,47.24,100.0,57.14,25,1,1,,1
서원대학교,한국생명공학연구원,45.81,31.2,47.24,100.0,14.29,25,1,1,,1
서일대학교,한국전자통신연구원,68.85,100.0,47.24,100.0,13.64,50,5,2,,1
서일대학교,한국과학기술원,68.31,100.0,47.24,100.0,10.0,50,5,2,,1
서일대학교,한국식품연구원,58.03,62.4,47.24,100.0,33.33,25,2,1,,1
서정대학교,한국건설기술연구원,64.89,93.6,47.24,100.0,16.67,25,3,1,,1
서흥인테크(주); 수원대학교,한국지질자원연구원,62.39,93.6,47.24,100.0,0.0,25,3,1,,1
서희창; 삼육대학교,한국건설기술연구원,48.41,31.2,47.24,100.0,31.58,25,1,1,,1
선문대학교,한국전자통신연구원,75.63,100.0,47.24,100.0,25.49,100,11,7,,1
선문대학교,재단법인대구경북과학기술원,75.56,100.0,47.24,100.0,25.0,100,7,4,,1
선문대학교,한국기계연구원,73.95,100.0,47.24,100.0,14.29,100,9,7,,1
선문대학교,한국전기연구원,73.84,100.0,47.24,100.0,13.51,100,5,4,,1
선문대학교,한국건설기술연구원,71.92,100.0,47.24,100.0,17.39,75,10,3,,1
선문대학교,한국원자력연구원,67.81,100.0,47.24,100.0,6.67,50,7,2,,1
선문대학교,한국표준과학연구원,67.64,100.0,47.24,100.0,22.22,25,4,1,,1
선문대학교,한국과학기술연구원,59.06,62.4,47.24,100.0,23.53,50,2,2,,1
선문대학교,성림첨단산업; 한국기계연구원,58.03,62.4,47.24,100.0,33.33,25,2,1,,1
선문대학교,한국생명공학연구원; 대한민국(산림청 국립산림과학원장),57.4,62.4,47.24,100.0,12.5,50,2,2,,1
선문대학교,울산과학기술원,57.14,62.4,47.24,100.0,10.71,50,2,2,,1
선문대학교,한국에너지기술연구원,55.53,62.4,47.24,100.0,16.67,25,2,1,,1
선문대학교,한국해양과학기술원,54.9,62.4,47.24,100.0,12.5,25,2,1,,1
선문대학교,한국식품연구원,53.03,62.4,47.24,100.0,0.0,25,2,1,,1
선문대학교,울산과학기술원;리노디바이스;오토모션,47.95,31.2,47.24,100.0,28.57,25,1,1,,1
선문대학교,한국기계연구원; 한국지질자원연구원,47.0,31.2,47.24,100.0,22.22,25,1,1,,1
선문대학교,한국과학기술원,45.34,31.2,47.24,100.0,11.11,25,1,1,,1
선문대학교,한국화학연구원,44.82,31.2,47.24,100.0,7.69,25,1,1,,1
선문대학교,기초과학연구원; 울산과학기술원,44.61,31.2,47.24,100.0,6.25,25,1,1,,1
성결대학교,한국과학기술원,69.62,100.0,47.24,100.0,18.75,50,5,2,,1
성균관대학교,제이마이크로; 한국과학기술원,77.39,93.6,47.24,100.0,100.0,25,3,1,,1
성균관대학교,한국과학기술원,75.64,100.0,47.24,100.0,25.55,100,315,159,,1
성균관대학교,한국전자통신연구원,75.45,100.0,47.24,100.0,24.25,100,160,90,,1
성균관대학교,한국전기연구원,75.44,100.0,47.24,100.0,24.22,100,30,18,,1
성균관대학교,한국과학기술연구원,75.39,100.0,47.24,100.0,23.86,100,206,103,,1
성균관대학교,한국건설기술연구원,75.35,100.0,47.24,100.0,23.62,100,94,44,,1
성균관대학교,한국기계연구원,75.18,100.0,47.24,100.0,22.48,100,97,41,,1
성균관대학교,재단법인대구경북과학기술원,75.08,100.0,47.24,100.0,21.83,100,92,48,,1
성균관대학교,울산과학기술원,75.01,100.0,47.24,100.0,21.32,100,141,71,,1
성균관대학교,한국에너지기술연구원,74.76,100.0,47.24,100.0,19.67,100,112,40,,1
성균관대학교,한국식품연구원,74.67,100.0,47.24,100.0,19.05,100,9,6,,1
성균관대학교,한국표준과학연구원,74.64,100.0,47.24,100.0,18.88,100,69,38,,1
성균관대학교,한국해양과학기술원,74.46,100.0,47.24,100.0,17.69,100,38,16,,1
성균관대학교,한국원자력연구원,74.41,100.0,47.24,100.0,17.36,100,23,16,,1
성균관대학교,한국화학연구원,74.3,100.0,47.24,100.0,16.57,100,105,44,,1
성균관대학교,광주과학기술원,74.29,100.0,47.24,100.0,16.55,100,64,37,,1
성균관대학교,국방과학연구소; 한국과학기술원,73.68,100.0,47.24,100.0,12.5,100,9,5,,1
성균관대학교,한국생명공학연구원,73.52,100.0,47.24,100.0,11.43,100,17,9,,1
성균관대학교,한국지질자원연구원,73.35,100.0,47.24,100.0,10.29,100,15,7,,1
성균관대학교,한화솔루션; 한국과학기술원,71.42,100.0,47.24,100.0,30.77,50,7,2,,1
성균관대학교,센서위드유; 울산과학기술원,70.9,100.0,47.24,100.0,27.27,50,4,2,,1
성균관대학교,삼성전자; 한국과학기술원,70.38,100.0,47.24,100.0,7.14,75,4,3,,1
성균관대학교,한국동물대체실험,69.39,93.6,47.24,100.0,30.0,50,3,2,,1
성균관대학교,오스템임플란트; 한국과학기술원,68.82,93.6,47.24,100.0,42.86,25,3,1,,1
성균관대학교,한국과학기술원; 대한민국(국립재활원장),68.81,100.0,47.24,100.0,30.0,25,7,1,,1
성균관대학교,한국전력공사; 한국과학기술원,66.89,93.6,47.24,100.0,13.33,50,3,2,,1
성균관대학교,한국과학기술원; 한국과학기술연구원,66.81,100.0,47.24,100.0,0.0,50,6,2,,1
성균관대학교,한국화학연구원; 한국기계연구원,66.14,93.6,47.24,100.0,25.0,25,3,1,,1
성균관대학교,기초과학연구원; 울산과학기술원,65.54,93.6,47.24,100.0,4.35,50,3,2,,1
성균관대학교,울산과학기술원; 한국과학기술원,65.39,93.6,47.24,100.0,20.0,25,3,1,,1
성균관대학교,한국과학기술원;파이랩테크놀로지,65.39,93.6,47.24,100.0,20.0,25,3,1,,1
성균관대학교,한국과학기술원; 한국기계연구원,64.31,100.0,47.24,100.0,0.0,25,4,1,,1
성균관대학교,창성; 한국과학기술연구원,63.89,93.6,47.24,100.0,10.0,25,3,1,,1
성균관대학교,기초과학연구원; 한국과학기술원,62.39,93.6,47.24,100.0,0.0,25,3,1,,1
성균관대학교,도원엔지니어링건축사사무소; 한국과학기술원,62.39,93.6,47.24,100.0,0.0,25,3,1,,1
성균관대학교,울산과학기술원; 대한민국(국립재활원장),62.39,93.6,47.24,100.0,0.0,25,3,1,,1
성균관대학교,한국과학기술연구원; 재단법인 실감교류인체감응솔루션연구단,60.89,62.4,47.24,100.0,35.71,50,2,2,,1
성균관대학교,한국과학기술연구원; 한국표준과학연구원,58.26,62.4,47.24,100.0,18.18,50,2,2,,1
성균관대학교,한국과학기술원; 한국전자통신연구원,57.31,62.4,47.24,100.0,28.57,25,2,1,,1
성균관대학교,한국전자통신연구원; 한국과학기술원,57.31,62.4,47.24,100.0,28.57,25,2,1,,1
성균관대학교,나우로보틱스; 재단법인대구경북과학기술원,57.12,62.4,47.24,100.0,27.27,25,2,1,,1
성균관대학교,재단법인 부산테크노파크; 한국해양과학기술원; 텔레픽스,57.03,62.4,47.24,100.0,10.0,50,2,2,,1
성균관대학교,피에스디엘; 재단법인대구경북과학기술원,57.03,62.4,47.24,100.0,10.0,50,2,2,,1
성균관대학교,에스케이하이닉스; 한국과학기술원,56.03,62.4,47.24,100.0,20.0,25,2,1,,1
성균관대학교,한국과학기술원; 삼성중공업,55.53,62.4,47.24,100.0,16.67,25,2,1,,1
성균관대학교,국방과학연구소; 한국생명공학연구원,54.9,62.4,47.24,100.0,12.5,25,2,1,,1
성균관대학교,한국화학연구원; 재단법인 포항산업과학연구원,54.9,62.4,47.24,100.0,12.5,25,2,1,,1
성균관대학교,한국과학기술원; 재단법인 하이브리드 인터페이스기반 미래소재 연구단,54.53,62.4,47.24,100.0,10.0,25,2,1,,1
성균관대학교,우리소프트; 재단법인대구경북과학기술원,54.1,62.4,47.24,100.0,7.14,25,2,1,,1
성균관대학교,아미크; 한국과학기술원,53.03,62.4,47.24,100.0,0.0,25,2,1,,1
성균관대학교,한국과학기술원;제네시스랩,53.03,62.4,47.24,100.0,0.0,25,2,1,,1
성균관대학교,한화비전; 광주과학기술원,53.03,62.4,47.24,100.0,0.0,25,2,1,,1
성균관대학교,동일기술공사; 한국건설기술연구원; 에스비엔지니어링,49.67,31.2,47.24,100.0,40.0,25,1,1,,1
성균관대학교,바이오에프디엔씨; 한국해양과학기술원,49.67,31.2,47.24,100.0,40.0,25,1,1,,1
성균관대학교,학교법인 원광학원,49.67,31.2,47.24,100.0,40.0,25,1,1,,1
성균관대학교,광주과학기술원; 재단법인대구경북과학기술원,49.29,31.2,47.24,100.0,37.5,25,1,1,,1
성균관대학교,현대자동차; 기아; 한국화학연구원,48.67,31.2,47.24,100.0,33.33,25,1,1,,1
성균관대학교,로엔서지컬; 한국과학기술원,48.17,31.2,47.24,100.0,30.0,25,1,1,,1
성균관대학교,삼성전자; 울산과학기술원,47.76,31.2,47.24,100.0,27.27,25,1,1,,1
성균관대학교,한국전자통신연구원; 더 트러스티즈 오브 인디애나 유니버시티,47.76,31.2,47.24,100.0,27.27,25,1,1,,1
성균관대학교,현대자동차; 기아; 한국과학기술원,47.76,31.2,47.24,100.0,27.27,25,1,1,,1
성균관대학교,에스투더블유; 한국과학기술원,47.42,31.2,47.24,100.0,25.0,25,1,1,,1
성균관대학교,울산과학기술원; 재단법인 멀티스케일 에너지시스템 연구단,47.0,31.2,47.24,100.0,22.22,25,1,1,,1
성균관대학교,광주과학기술원;크리에이티브마인드,46.67,31.2,47.24,100.0,20.0,25,1,1,,1
성균관대학교,삼성디스플레이; 한국과학기술원,46.67,31.2,47.24,100.0,20.0,25,1,1,,1
성균관대학교,엘지이노텍; 한국과학기술원,46.17,31.2,47.24,100.0,16.67,25,1,1,,1
성균관대학교,엘지화학; 한국과학기술원,46.17,31.2,47.24,100.0,16.67,25,1,1,,1
성균관대학교,한국원자력연구원;비엠아이,46.17,31.2,47.24,100.0,16.67,25,1,1,,1
성균관대학교,한국과학기술연구원 유럽연구소; 한국표준과학연구원,45.67,31.2,47.24,100.0,13.33,25,1,1,,1
성균관대학교,엘아이지넥스원; 한국과학기술원,45.54,31.2,47.24,100.0,12.5,25,1,1,,1
성균관대학교,에스케이텔레콤; 재단법인대구경북과학기술원,45.34,31.2,47.24,100.0,11.11,25,1,1,,1
성균관대학교,포엘; 광주과학기술원,45.34,31.2,47.24,100.0,11.11,25,1,1,,1
성균관대학교,한국기계연구원; 재단법인 파동에너지 극한제어 연구단,44.92,31.2,47.24,100.0,8.33,25,1,1,,1
성균관대학교,에쓰대시오일; 울산과학기술원,43.67,31.2,47.24,100.0,0.0,25,1,1,,1
성균관대학교,울산과학기술원; 한국과학기술연구원,43.67,31.2,47.24,100.0,0.0,25,1,1,,1
성균관대학교,재단법인 파동에너지 극한제어 연구단; 한국기계연구원,43.67,31.2,47.24,100.0,0.0,25,1,1,,1
성균관대학교,재단법인대구경북과학기술원; 재단법인 대구경북첨단의료산업진흥재단,43.67,31.2,47.24,100.0,0.0,25,1,1,,1
성균관대학교,한국건설기술연구원; 김용,43.67,31.2,47.24,100.0,0.0,25,1,1,,1
성균관대학교,한국과학기술원; 기초과학연구원,43.67,31.2,47.24,100.0,0.0,25,1,1,,1
성균관대학교,한국과학기술원; 드렉셀유니버시티,43.67,31.2,47.24,100.0,0.0,25,1,1,,1
성균관대학교,한국과학기술원; 한국조폐공사,43.67,31.2,47.24,100.0,0.0,25,1,1,,1
성균관대학교,한국기계연구원; 한국과학기술연구원; 재단법인 파동에너지 극한제어 연구단,43.67,31.2,47.24,100.0,0.0,25,1,1,,1
성균관대학교,한국기초과학지원연구원; 한국생명공학연구원,43.67,31.2,47.24,100.0,0.0,25,1,1,,1
성균관대학교,한국표준과학연구원; 퍼듀 리서치 파운데이션,43.67,31.2,47.24,100.0,0.0,25,1,1,,1
성균관대학교,한국표준과학연구원; 한국철도공사;엘라켐,43.67,31.2,47.24,100.0,0.0,25,1,1,,1
성균관대학교,현대자동차; 기아; 한국과학기술연구원,43.67,31.2,47.24,100.0,0.0,25,1,1,,1
성균관대학교,현대자동차; 한국화학연구원,43.67,31.2,47.24,100.0,0.0,25,1,1,,1
성삼섭; 한국국제대학교,한국식품연구원,46.67,31.2,47.24,100.0,20.0,25,1,1,,1
성신양회 주식회사; 한양대학교 에리카,한국건설기술연구원,54.7,62.4,47.24,100.0,11.11,25,2,1,,1
성신여자대학교 연구,한국과학기술원,66.76,93.6,47.24,100.0,12.5,50,3,2,,1
성신여자대학교 연구,한국전자통신연구원,66.25,93.6,47.24,100.0,9.09,50,3,2,,1
성신여자대학교 연구,한국식품연구원,56.64,62.4,47.24,100.0,7.41,50,2,2,,1
성신여자대학교 연구,한국생명공학연구원,55.53,62.4,47.24,100.0,16.67,25,2,1,,1
성신여자대학교 연구,학교법인혜화학원,48.67,31.2,47.24,100.0,33.33,25,1,1,,1
성신여자대학교 연구,한국과학기술연구원,43.67,31.2,47.24,100.0,0.0,25,1,1,,1
성일하이메탈(주); 대진대학교,한국지질자원연구원,66.96,100.0,47.24,100.0,17.65,25,5,1,,1
성한 주식회사; 충남대학교,한국에너지기술연구원,53.03,62.4,47.24,100.0,0.0,25,2,1,,1
성한 주식회사; 충남대학교,한국과학기술연구원,43.67,31.2,47.24,100.0,0.0,25,1,1,,1
세메스 주식회사; 부산대학교,울산과학기술원,54.7,62.4,47.24,100.0,11.11,25,2,1,,1
세명대학교,한국과학기술원,70.67,100.0,47.24,100.0,9.09,75,4,3,,1
세명대학교,한국건설기술연구원,70.43,100.0,47.24,100.0,24.14,50,4,2,,1
세명대학교,한국과학기술연구원,69.06,100.0,47.24,100.0,15.0,50,4,2,,1
세명대학교,한국전기연구원,54.53,62.4,47.24,100.0,10.0,25,2,1,,1
세명대학교,재단법인대구경북과학기술원,53.03,62.4,47.24,100.0,0.0,25,2,1,,1
세명대학교,한국전자통신연구원,49.67,31.2,47.24,100.0,40.0,25,1,1,,1
세명대학교,한국원자력연구원,46.67,31.2,47.24,100.0,20.0,25,1,1,,1
세원텔레텍 주식회사; 전북대학교,한국과학기술원,45.34,31.2,47.24,100.0,11.11,25,1,1,,1
세원텔레텍 주식회사; 전북대학교,한국전자통신연구원,45.17,31.2,47.24,100.0,10.0,25,1,1,,1
세종대학교,한국건설기술연구원,75.91,100.0,47.24,100.0,27.35,100,18,14,,1
세종대학교,한국과학기술원,75.02,100.0,47.24,100.0,21.38,100,75,41,,1
세종대학교,한국과학기술연구원,74.89,100.0,47.24,100.0,20.51,100,39,20,,1
세종대학교,한국원자력연구원,74.62,100.0,47.24,100.0,18.75,100,19,10,,1
세종대학교,재단법인대구경북과학기술원,74.48,100.0,47.24,100.0,17.8,100,37,14,,1
세종대학교,한국전자통신연구원,74.42,100.0,47.24,100.0,17.38,100,71,46,,1
세종대학교,한국전기연구원,74.09,100.0,47.24,100.0,15.19,100,13,7,,1
세종대학교,울산과학기술원,73.99,100.0,47.24,100.0,14.55,100,36,17,,1
세종대학교,한국에너지기술연구원,73.98,100.0,47.24,100.0,14.46,100,13,8,,1
세종대학교,한국화학연구원,73.91,100.0,47.24,100.0,13.98,100,14,8,,1
세종대학교,광주과학기술원,73.85,100.0,47.24,100.0,13.64,100,8,5,,1
세종대학교,한국표준과학연구원,73.75,100.0,47.24,100.0,12.96,100,13,6,,1
세종대학교,한국지질자원연구원,73.65,100.0,47.24,100.0,12.28,100,8,5,,1
세종대학교,한국기계연구원,73.59,100.0,47.24,100.0,11.86,100,10,7,,1
세종대학교,한국해양과학기술원,73.22,100.0,47.24,100.0,26.09,75,4,3,,1
세종대학교,국방과학연구소; 한국과학기술원,64.7,93.6,47.24,100.0,15.38,25,3,1,,1
세종대학교,기초과학연구원; 한국과학기술원,64.39,93.6,47.24,100.0,13.33,25,3,1,,1
세종대학교,한국과학기술연구원;아이엠,62.39,93.6,47.24,100.0,0.0,25,3,1,,1
세종대학교,한국식품연구원; 코스맥스엔에스,58.03,62.4,47.24,100.0,33.33,25,2,1,,1
세종대학교,한국식품연구원,56.78,62.4,47.24,100.0,25.0,25,2,1,,1
세종대학교,현대자동차; 기아; 한국과학기술연구원,55.53,62.4,47.24,100.0,16.67,25,2,1,,1
세종대학교,한국건설기술연구원;노바코스,55.17,62.4,47.24,100.0,14.29,25,2,1,,1
세종대학교,한국과학기술연구원; 재단법인 실감교류인체감응솔루션연구단,54.53,62.4,47.24,100.0,10.0,25,2,1,,1
세종대학교,한솔제지; 한국과학기술원,54.1,62.4,47.24,100.0,7.14,25,2,1,,1
세종대학교,한국과학기술원;엘센,53.03,62.4,47.24,100.0,0.0,25,2,1,,1
세종대학교,"한국지질자원연구원; 하이드로 테크놀로지 인스티튜트 씨오., 엘티디.",53.03,62.4,47.24,100.0,0.0,25,2,1,,1
세종대학교,엔에이치케미칼; 한국화학연구원,48.67,31.2,47.24,100.0,33.33,25,1,1,,1
세종대학교,에스케이텔레콤; 울산과학기술원,46.67,31.2,47.24,100.0,20.0,25,1,1,,1
세종대학교,엘지에너지솔루션; 한국과학기술원,45.54,31.2,47.24,100.0,12.5,25,1,1,,1
세종대학교,학교법인 동의학원,45.54,31.2,47.24,100.0,12.5,25,1,1,,1
세종대학교,도원엔지니어링건축사사무소; 한국과학기술원,44.74,31.2,47.24,100.0,7.14,25,1,1,,1
세종대학교,엔비에스티; 한국화학연구원,43.67,31.2,47.24,100.0,0.0,25,1,1,,1
세종대학교,풍산에프앤에스; 한국과학기술원,43.67,31.2,47.24,100.0,0.0,25,1,1,,1
세종대학교,한국과학기술연구원;상보,43.67,31.2,47.24,100.0,0.0,25,1,1,,1
세종대학교,한국과학기술원; (재)씨젠의료재단,43.67,31.2,47.24,100.0,0.0,25,1,1,,1
세종대학교,한국전자통신연구원; 샌 디에고 스테이트 유니버시티 리써치 파운데이션,43.67,31.2,47.24,100.0,0.0,25,1,1,,1
세종대학교,한국표준과학연구원; ㈜넥센서,43.67,31.2,47.24,100.0,0.0,25,1,1,,1
송원대학교,한국과학기술원,43.67,31.2,47.24,100.0,0.0,25,1,1,,1
수원과학대학교,한국식품연구원,62.39,93.6,47.24,100.0,0.0,25,3,1,,1
수원대학교,한국생명공학연구원,76.81,100.0,47.24,100.0,50.0,75,7,3,,1
수원대학교,한국전자통신연구원,73.89,100.0,47.24,100.0,13.89,100,7,4,,1
수원대학교,한국과학기술원,73.2,100.0,47.24,100.0,25.93,75,5,3,,1
수원대학교,재단법인대구경북과학기술원,58.67,31.2,47.24,100.0,100.0,25,1,1,,1
수원대학교,한국원자력연구원,56.78,62.4,47.24,100.0,25.0,25,2,1,,1
수원대학교,삼성전자; 한국과학기술원,47.67,31.2,47.24,100.0,26.67,25,1,1,,1
수원대학교,한국과학기술연구원,44.82,31.2,47.24,100.0,7.69,25,1,1,,1
수원대학교,한화세미텍; 한국과학기술원,43.67,31.2,47.24,100.0,0.0,25,1,1,,1
수원여자대학,한국해양과학기술원,62.39,93.6,47.24,100.0,0.0,25,3,1,,1
숙명여자대학교,한국식품연구원,77.43,100.0,47.24,100.0,37.5,100,8,4,,1
숙명여자대학교,한국과학기술연구원,73.85,100.0,47.24,100.0,13.64,100,12,5,,1
숙명여자대학교,한국전자통신연구원,73.4,100.0,47.24,100.0,10.64,100,12,6,,1
숙명여자대학교,울산과학기술원,72.74,100.0,47.24,100.0,22.86,75,7,3,,1
숙명여자대학교,한국과학기술원,72.43,100.0,47.24,100.0,4.11,100,10,6,,1
숙명여자대학교,한국화학연구원,70.43,100.0,47.24,100.0,7.5,75,5,3,,1
숙명여자대학교,한국과학기술원; 사우디 아라비안 오일 컴퍼니,69.89,93.6,47.24,100.0,50.0,25,3,1,,1
숙명여자대학교,재단법인대구경북과학기술원,67.03,93.6,47.24,100.0,14.29,50,3,2,,1
숙명여자대학교,에코바이오홀딩스; 한국화학연구원,64.7,93.6,47.24,100.0,15.38,25,3,1,,1
숙명여자대학교,한국해양과학기술원,63.1,93.6,47.24,100.0,4.76,25,3,1,,1
숙명여자대학교,한국기계연구원,56.56,62.4,47.24,100.0,6.9,50,2,2,,1
숙명여자대학교,한국생명공학연구원,55.17,62.4,47.24,100.0,14.29,25,2,1,,1
순천향대학교,재단법인대구경북과학기술원,75.14,100.0,47.24,100.0,22.22,100,13,5,,1
순천향대학교,한국원자력연구원,74.38,100.0,47.24,100.0,17.14,100,7,4,,1
순천향대학교,한국과학기술원,74.26,100.0,47.24,100.0,16.36,100,14,6,,1
순천향대학교,한국과학기술연구원,74.23,100.0,47.24,100.0,16.13,100,11,7,,1
순천향대학교,울산과학기술원,74.13,100.0,47.24,100.0,32.14,75,5,3,,1
순천향대학교,한국전자통신연구원,73.61,100.0,47.24,100.0,12.0,100,23,15,,1
순천향대학교,한국기계연구원,73.2,100.0,47.24,100.0,25.93,75,6,3,,1
순천향대학교,광주과학기술원,71.93,100.0,47.24,100.0,17.5,75,6,3,,1
순천향대학교,한국에너지기술연구원,69.31,100.0,47.24,100.0,16.67,50,4,2,,1
순천향대학교,한국표준과학연구원,68.46,93.6,47.24,100.0,7.14,75,3,3,,1
순천향대학교,한국화학연구원,67.39,93.6,47.24,100.0,33.33,25,3,1,,1
순천향대학교,테라젠바이오; 한국과학기술연구원,63.64,93.6,47.24,100.0,8.33,25,3,1,,1
순천향대학교,한국생명공학연구원,57.57,62.4,47.24,100.0,13.64,50,2,2,,1
순천향대학교,한국식품연구원,56.78,62.4,47.24,100.0,25.0,25,2,1,,1
순천향대학교,에스투더블유; 한국과학기술원,55.53,62.4,47.24,100.0,16.67,25,2,1,,1
순천향대학교,한국건설기술연구원,47.13,31.2,47.24,100.0,23.08,25,1,1,,1
순천향대학교,한국과학기술원; 국방과학연구소,46.4,31.2,47.24,100.0,18.18,25,1,1,,1
순천향대학교,울산과학기술원;리노디바이스;오토모션,45.81,31.2,47.24,100.0,14.29,25,1,1,,1
순천향대학교,한국해양과학기술원,45.81,31.2,47.24,100.0,14.29,25,1,1,,1
순천향대학교,한국건설기술연구원;메이사,43.67,31.2,47.24,100.0,0.0,25,1,1,,1
숭실대학교,한국건설기술연구원,75.45,100.0,47.24,100.0,24.24,100,20,6,,1
숭실대학교,한국과학기술원,75.11,100.0,47.24,100.0,22.02,100,114,54,,1
숭실대학교,한국기계연구원,74.62,100.0,47.24,100.0,18.75,100,6,4,,1
숭실대학교,한국표준과학연구원,74.54,100.0,47.24,100.0,18.18,100,7,4,,1
숭실대학교,한국전자통신연구원,74.32,100.0,47.24,100.0,16.76,100,126,62,,1
숭실대학교,한국화학연구원,74.16,100.0,47.24,100.0,15.66,100,6,6,,1
숭실대학교,울산과학기술원,74.11,100.0,47.24,100.0,15.33,100,31,19,,1
숭실대학교,한국식품연구원,74.06,100.0,47.24,100.0,15.0,100,6,4,,1
숭실대학교,한국과학기술연구원,73.94,100.0,47.24,100.0,14.22,100,48,25,,1
숭실대학교,한국에너지기술연구원,73.88,100.0,47.24,100.0,13.83,100,16,8,,1
숭실대학교,광주과학기술원,73.65,100.0,47.24,100.0,12.24,100,13,5,,1
숭실대학교,재단법인대구경북과학기술원,73.62,100.0,47.24,100.0,12.07,100,23,12,,1
숭실대학교,한국해양과학기술원,73.51,100.0,47.24,100.0,11.32,100,13,5,,1
숭실대학교,한국전기연구원,72.91,100.0,47.24,100.0,7.32,100,15,4,,1
숭실대학교,삼성전자; 한국과학기술원,72.88,100.0,47.24,100.0,7.14,100,7,4,,1
숭실대학교,한국과학기술원;에스투더블유,66.14,93.6,47.24,100.0,25.0,25,3,1,,1
숭실대학교,한국건설기술연구원;엠테이크;재난안전기술,65.6,93.6,47.24,100.0,21.43,25,3,1,,1
숭실대학교,한국지질자원연구원,64.26,93.6,47.24,100.0,12.5,25,3,1,,1
숭실대학교,한국건설기술연구원;넥스지오,63.54,93.6,47.24,100.0,7.69,25,3,1,,1
숭실대학교,엘지전자; 한국과학기술원,58.48,62.4,47.24,100.0,36.36,25,2,1,,1
숭실대학교,씨엠월드; 한국건설기술연구원,57.53,62.4,47.24,100.0,30.0,25,2,1,,1
숭실대학교,대한민국(국립재활원장); 에이치엠에이치; 한국과학기술원,57.4,62.4,47.24,100.0,12.5,50,2,2,,1
숭실대학교,엔사이드; 재단법인대구경북과학기술원,57.31,62.4,47.24,100.0,28.57,25,2,1,,1
숭실대학교,울산과학기술원;지엔오션;지엔테크놀로지스,57.31,62.4,47.24,100.0,28.57,25,2,1,,1
숭실대학교,한국과학기술원;아스토,54.9,62.4,47.24,100.0,12.5,25,2,1,,1
숭실대학교,유진엠에스; 재단법인대구경북과학기술원,54.53,62.4,47.24,100.0,10.0,25,2,1,,1
숭실대학교,한국과학기술원;프로닉스,53.03,62.4,47.24,100.0,0.0,25,2,1,,1
숭실대학교,한화솔루션; 한국과학기술원,48.67,31.2,47.24,100.0,33.33,25,1,1,,1
숭실대학교,한국전자통신연구원;씽크풀,48.17,31.2,47.24,100.0,30.0,25,1,1,,1
숭실대학교,한국원자력연구원,47.42,31.2,47.24,100.0,25.0,25,1,1,,1
숭실대학교,국방과학연구소; 한국과학기술원,45.81,31.2,47.24,100.0,14.29,25,1,1,,1
숭실대학교,삼성전기; 한국과학기술원,45.54,31.2,47.24,100.0,12.5,25,1,1,,1
숭실대학교,유미테크; 한국과학기술원,45.17,31.2,47.24,100.0,10.0,25,1,1,,1
숭실대학교,광주과학기술원; 한국과학기술원,45.03,31.2,47.24,100.0,9.09,25,1,1,,1
숭실대학교,울산과학기술원;포투원,44.92,31.2,47.24,100.0,8.33,25,1,1,,1
숭실대학교,엘아이지넥스원; 한국과학기술원,44.67,31.2,47.24,100.0,6.67,25,1,1,,1
숭실대학교,무진; 다이텍연구원; 한국과학기술연구원,43.67,31.2,47.24,100.0,0.0,25,1,1,,1
시게이트 테크놀로지 엘엘씨; 성균관대학교,한국과학기술원,43.67,31.2,47.24,100.0,0.0,25,1,1,,1
신도산업 주식회사; 한국폴리텍특성화대학,한국식품연구원,57.53,62.4,47.24,100.0,30.0,25,2,1,,1
신도산업 주식회사; 한국폴리텍특성화대학,한국과학기술연구원;제이트로닉스,54.9,62.4,47.24,100.0,12.5,25,2,1,,1
신라대학교,한국식품연구원,74.7,100.0,47.24,100.0,19.3,100,11,7,,1
신라대학교,울산과학기술원,68.17,100.0,47.24,100.0,9.09,50,4,2,,1
신라대학교,한국과학기술원; 국방과학연구소,56.78,62.4,47.24,100.0,25.0,25,2,1,,1
신라대학교,한국과학기술연구원,56.03,62.4,47.24,100.0,20.0,25,2,1,,1
신라대학교,한국에너지기술연구원,54.39,62.4,47.24,100.0,9.09,25,2,1,,1
신라대학교,한국원자력연구원,54.39,62.4,47.24,100.0,9.09,25,2,1,,1
신라대학교,한국생명공학연구원,46.4,31.2,47.24,100.0,18.18,25,1,1,,1
신라대학교,한국기계연구원,45.81,31.2,47.24,100.0,14.29,25,1,1,,1
신성대학교,한국표준과학연구원; 한국전자통신연구원,53.03,62.4,47.24,100.0,0.0,25,2,1,,1
신안산대학교,한국화학연구원,45.63,31.2,47.24,100.0,13.04,25,1,1,,1
신안산대학교,한국식품연구원,43.67,31.2,47.24,100.0,0.0,25,1,1,,1
신안산대학교,한국원자력연구원,43.67,31.2,47.24,100.0,0.0,25,1,1,,1
신한대학교,알고리즘랩스; 한국과학기술원,55.53,62.4,47.24,100.0,0.0,50,2,2,,1
신한대학교,한국에너지기술연구원,43.67,31.2,47.24,100.0,0.0,25,1,1,,1
심혁훈,한국전자통신연구원,62.39,93.6,47.24,100.0,0.0,25,3,1,,1
싱가포르국립대학교,한국화학연구원,53.03,62.4,47.24,100.0,0.0,25,2,1,,1
쑤저우 레킨 세미컨덕터 컴퍼니 리미티드; 고려대학교,한국지질자원연구원,53.03,62.4,47.24,100.0,0.0,25,2,1,,1
씨에스케이(주); 세종대학교,한국에너지기술연구원,54.7,62.4,47.24,100.0,11.11,25,2,1,,1
씨제이제일제당 (주),한국식품연구원,70.31,100.0,47.24,100.0,40.0,25,5,1,,1
씨제이제일제당 (주),한국과학기술원,53.03,62.4,47.24,100.0,0.0,25,2,1,,1
씨티씨 주식회사; 국립한국해양대학교,한국건설기술연구원,55.84,62.4,47.24,100.0,18.75,25,2,1,,1
아름다운 환경건설(주),한국지질자원연구원,67.04,100.0,47.24,100.0,18.18,25,6,1,,1
아이씨티케이 주식회사; 한양대학교,한국전자통신연구원,78.73,100.0,47.24,100.0,46.15,100,8,4,,1
아이에스에코솔루션 주식회사,한국지질자원연구원,56.78,62.4,47.24,100.0,25.0,25,2,1,,1
아이에스테크놀로지 주식회사; 서울시립대학교,한국건설기술연구원,75.22,100.0,47.24,100.0,22.73,100,8,4,,1
아주대학교,한국건설기술연구원,75.27,100.0,47.24,100.0,23.08,100,22,9,,1
아주대학교,재단법인대구경북과학기술원,75.14,100.0,47.24,100.0,22.22,100,31,19,,1
아주대학교,한국화학연구원,75.09,100.0,47.24,100.0,21.88,100,22,10,,1
아주대학교,한국전자통신연구원,74.79,100.0,47.24,100.0,19.86,100,107,49,,1
아주대학교,한국과학기술원,74.74,100.0,47.24,100.0,19.54,100,80,44,,1
아주대학교,광주과학기술원,74.43,100.0,47.24,100.0,17.46,100,9,7,,1
아주대학교,한국과학기술연구원,74.19,100.0,47.24,100.0,15.88,100,38,22,,1
아주대학교,한국해양과학기술원,74.02,100.0,47.24,100.0,14.71,100,6,4,,1
아주대학교,한국생명공학연구원,73.89,100.0,47.24,100.0,13.89,100,7,5,,1
아주대학교,한국식품연구원,73.18,100.0,47.24,100.0,25.81,75,4,3,,1
아주대학교,울산과학기술원,73.17,100.0,47.24,100.0,9.09,100,18,9,,1
아주대학교,한국기계연구원,72.84,100.0,47.24,100.0,23.53,75,5,3,,1
아주대학교,한국전기연구원,72.84,100.0,47.24,100.0,6.9,100,6,4,,1
아주대학교,한국화학연구원;진켐,72.43,100.0,47.24,100.0,37.5,50,6,2,,1
아주대학교,한국에너지기술연구원,71.27,100.0,47.24,100.0,13.04,75,6,3,,1
아주대학교,국방과학연구소; 울산과학기술원,70.39,93.6,47.24,100.0,20.0,75,3,3,,1
아주대학교,한국원자력연구원,69.81,100.0,47.24,100.0,20.0,50,4,2,,1
아주대학교,에스케이하이닉스; 한국과학기술원,68.39,93.6,47.24,100.0,40.0,25,3,1,,1
아주대학교,한국기계연구원; 재단법인 파동에너지 극한제어 연구단,67.64,100.0,47.24,100.0,22.22,25,5,1,,1
아주대학교,한국원자력연구원;메이커스엔솔루션즈,66.89,93.6,47.24,100.0,30.0,25,3,1,,1
아주대학교,엘아이지넥스원; 한국과학기술원,64.89,93.6,47.24,100.0,16.67,25,3,1,,1
아주대학교,한국전자통신연구원; 한국과학기술원,64.53,93.6,47.24,100.0,14.29,25,3,1,,1
아주대학교,한국과학기술연구원;신아티앤씨,64.28,62.4,47.24,100.0,75.0,25,2,1,,1
아주대학교,한국해양과학기술원;지엠티,63.54,93.6,47.24,100.0,7.69,25,3,1,,1
아주대학교,한국과학기술연구원; 재단법인 실감교류인체감응솔루션연구단,62.39,93.6,47.24,100.0,0.0,25,3,1,,1
아주대학교,울산과학기술원; 욱성화학,59.46,62.4,47.24,100.0,42.86,25,2,1,,1
아주대학교,국방과학연구소; 한국과학기술원,58.67,31.2,47.24,100.0,100.0,25,1,1,,1
아주대학교,한국생명공학연구원;안트로젠,58.03,62.4,47.24,100.0,33.33,25,2,1,,1
아주대학교,삼성전자; 한국과학기술원,57.11,62.4,47.24,100.0,10.53,50,2,2,,1
아주대학교,재단법인 전통천연물기반 유전자동의보감 사업단; 한국과학기술원,56.89,62.4,47.24,100.0,9.09,50,2,2,,1
아주대학교,재단법인 파동에너지 극한제어 연구단; 한국기계연구원,53.03,62.4,47.24,100.0,0.0,25,2,1,,1
아주대학교,학교법인 신흥학원,50.59,31.2,47.24,100.0,46.15,25,1,1,,1
아주대학교,에스아이판; 한국표준과학연구원,49.29,31.2,47.24,100.0,37.5,25,1,1,,1
아주대학교,에쓰대시오일; 울산과학기술원,48.67,31.2,47.24,100.0,33.33,25,1,1,,1
아주대학교,울산과학기술원;지엔오션;지엔테크놀로지스,47.95,31.2,47.24,100.0,28.57,25,1,1,,1
아주대학교,삼성디스플레이; 한국과학기술원,47.42,31.2,47.24,100.0,25.0,25,1,1,,1
아주대학교,광주과학기술원;인지바이오,46.67,31.2,47.24,100.0,20.0,25,1,1,,1
아주대학교,울산과학기술원; 한국과학기술연구원,45.81,31.2,47.24,100.0,14.29,25,1,1,,1
아주대학교,한국과학기술원;로엔서지컬,45.54,31.2,47.24,100.0,12.5,25,1,1,,1
아주대학교,한국전력공사; 한국과학기술원,45.17,31.2,47.24,100.0,10.0,25,1,1,,1
아주대학교,한국원자력연구원; 재단법인대구경북과학기술원,44.5,31.2,47.24,100.0,5.56,25,1,1,,1
아주대학교,엘지디스플레이; 울산과학기술원,43.67,31.2,47.24,100.0,0.0,25,1,1,,1
아주대학교,한국과학기술연구원; 재단법인 파동에너지 극한제어 연구단,43.67,31.2,47.24,100.0,0.0,25,1,1,,1
아주대학교,한국표준과학연구원,43.67,31.2,47.24,100.0,0.0,25,1,1,,1
안동과학대학교,한국생명공학연구원,50.34,31.2,47.24,100.0,44.44,25,1,1,,1
안산대학교,한국식품연구원,58.74,62.4,47.24,100.0,21.43,50,2,2,,1
안양대학교,한국전자통신연구원,74.12,100.0,47.24,100.0,15.38,100,7,4,,1
안양대학교,한국건설기술연구원,68.54,100.0,47.24,100.0,11.54,50,7,2,,1
안양대학교,스카이시스; 한국전자통신연구원,65.6,93.6,47.24,100.0,21.43,25,3,1,,1
안양대학교,한국기계연구원,56.47,62.4,47.24,100.0,6.25,50,2,2,,1
안양대학교,한국지질자원연구원,55.17,62.4,47.24,100.0,14.29,25,2,1,,1
안양대학교,한국에너지기술연구원,45.34,31.2,47.24,100.0,11.11,25,1,1,,1
안양대학교,한국과학기술원,45.17,31.2,47.24,100.0,10.0,25,1,1,,1
안양대학교,기초과학연구원; 울산과학기술원,44.82,31.2,47.24,100.0,7.69,25,1,1,,1
안진하이테크(주),한국건설기술연구원; 안진하이테크,56.78,62.4,47.24,100.0,25.0,25,2,1,,1
애니메디솔루션 주식회사; 재단법인 아산사회복지재단; 울산대학교,한국타이어앤테크놀로지; 한국과학기술원,43.67,31.2,47.24,100.0,0.0,25,1,1,,1
액터스네트웍스 주식회사,액터스네트웍스; 한국과학기술원,71.81,100.0,47.24,100.0,50.0,25,4,1,,1
액터스네트웍스 주식회사,한국전자통신연구원,51.17,31.2,47.24,100.0,50.0,25,1,1,,1
야마이아 주식회사; 단국대학교,한국전자통신연구원,47.42,31.2,47.24,100.0,25.0,25,1,1,,1
어보브반도체 주식회사; 충남대학교,울산과학기술원,49.67,31.2,47.24,100.0,40.0,25,1,1,,1
어업회사법인 벌교꼬막 주식회사; 국립목포대학교,한국지질자원연구원; 대성엠디아이,46.88,31.2,47.24,100.0,21.43,25,1,1,,1
에너가이아 주식회사,한국원자력연구원,44.92,31.2,47.24,100.0,8.33,25,1,1,,1
에스 알 씨 주식회사; 성균관대학교,한국표준과학연구원,43.67,31.2,47.24,100.0,0.0,25,1,1,,1
에스지상사 주식회사; 성균관대학교,한국식품연구원,63.75,93.6,47.24,100.0,9.09,25,3,1,,1
에스케이가스 주식회사,에스케이가스; 한국화학연구원,70.67,100.0,47.24,100.0,9.09,75,4,3,,1
에스케이가스 주식회사,한국화학연구원,54.28,62.4,47.24,100.0,8.33,25,2,1,,1
에스케이가스 주식회사; 국립한국교통대학교,에스케이가스; 한국화학연구원,54.53,62.4,47.24,100.0,10.0,25,2,1,,1
에스케이씨 주식회사,롯데케미칼; 한국과학기술원,63.64,93.6,47.24,100.0,8.33,25,3,1,,1
에스케이씨 주식회사,한국표준과학연구원,45.03,31.2,47.24,100.0,9.09,25,1,1,,1
에스케이온 주식회사,에스케이온; 울산과학기술원,69.56,100.0,47.24,100.0,35.0,25,4,1,,1
에스케이이노베이션 주식회사,울산과학기술원,73.45,100.0,47.24,100.0,10.96,100,33,5,,1
에스케이이노베이션 주식회사,한국과학기술원,73.25,100.0,47.24,100.0,9.62,100,6,4,,1
에스케이이노베이션 주식회사,에스케이이노베이션; 한국과학기술원,72.81,100.0,47.24,100.0,40.0,50,4,2,,1
에스케이이노베이션 주식회사,한국화학연구원,71.18,100.0,47.24,100.0,12.5,75,6,3,,1
에스케이이노베이션 주식회사,한국과학기술연구원,65.39,93.6,47.24,100.0,20.0,25,3,1,,1
에스케이이노베이션 주식회사,한국과학기술원; 한화솔루션,54.7,62.4,47.24,100.0,11.11,25,2,1,,1
에스케이이노베이션 주식회사,한국해양과학기술원,47.42,31.2,47.24,100.0,25.0,25,1,1,,1
에스케이이노베이션 주식회사,사우디 아라비안 오일 컴퍼니; 한국과학기술원,46.17,31.2,47.24,100.0,16.67,25,1,1,,1
에스케이이노베이션 주식회사; 에스케이지오센트릭 주식회사; 아주대학교,한국과학기술연구원,65.81,100.0,47.24,100.0,10.0,25,4,1,,1
에스케이이노베이션 주식회사; 울산과학기술원,한국과학기술연구원,62.39,93.6,47.24,100.0,0.0,25,3,1,,1
에스케이이노베이션 주식회사; 울산과학기술원,한국과학기술원,45.03,31.2,47.24,100.0,9.09,25,1,1,,1
에스케이텔레콤 주식회사,에스케이텔레콤; 광주과학기술원,68.03,62.4,47.24,100.0,100.0,25,2,1,,1
에스케이텔레콤 주식회사,삼성전자; 한국과학기술원,62.39,93.6,47.24,100.0,0.0,25,3,1,,1
에스케이텔레콤 주식회사,한국전자통신연구원,56.78,62.4,47.24,100.0,25.0,25,2,1,,1
에스케이텔레콤 주식회사,한국과학기술원,45.34,31.2,47.24,100.0,11.11,25,1,1,,1
에스케이텔레콤 주식회사; 고려대학교,한국전기연구원,54.53,62.4,47.24,100.0,10.0,25,2,1,,1
에스케이텔레콤 주식회사; 고려대학교,한국기계연구원,53.03,62.4,47.24,100.0,0.0,25,2,1,,1
에스케이텔레콤 주식회사; 고려대학교,한국전자통신연구원,46.67,31.2,47.24,100.0,20.0,25,1,1,,1
에스케이텔레콤 주식회사; 고려대학교,한국과학기술원,45.03,31.2,47.24,100.0,9.09,25,1,1,,1
에스케이텔레콤 주식회사; 서울대학교,한국과학기술원,69.12,100.0,47.24,100.0,15.38,50,4,2,,1
에스케이텔레콤 주식회사; 서울대학교,한국원자력연구원,65.67,100.0,47.24,100.0,9.09,25,4,1,,1
에스케이텔레콤 주식회사; 서울대학교,한국에너지기술연구원,44.5,31.2,47.24,100.0,5.56,25,1,1,,1
에스케이텔레콤 주식회사; 세종대학교,한국전자통신연구원,62.39,93.6,47.24,100.0,0.0,25,3,1,,1
에스케이텔레콤 주식회사; 연세대학교,한국전자통신연구원,64.89,93.6,47.24,100.0,16.67,25,3,1,,1
에스케이텔레콤 주식회사; 연세대학교,한국과학기술원,46.67,31.2,47.24,100.0,20.0,25,1,1,,1
에스케이텔레콤 주식회사; 울산과학기술원,한국전자통신연구원,62.39,93.6,47.24,100.0,0.0,25,3,1,,1
에스케이텔레콤 주식회사; 포항공과대학교,울산과학기술원,55.17,62.4,47.24,100.0,14.29,25,2,1,,1
에스케이텔레콤 주식회사; 한양대학교,한국과학기술연구원,63.46,93.6,47.24,100.0,7.14,25,3,1,,1
에스케이텔레콤 주식회사; 한양대학교,한국전자통신연구원,48.17,31.2,47.24,100.0,30.0,25,1,1,,1
에스케이텔레콤 주식회사; 한양대학교,한국과학기술원; (재)씨젠의료재단,45.03,31.2,47.24,100.0,9.09,25,1,1,,1
에스케이플래닛 주식회사,한국전자통신연구원,68.98,93.6,47.24,100.0,27.27,50,3,2,,1
에스케이플래닛 주식회사,한국원자력연구원; 한국수력원자력,68.35,93.6,47.24,100.0,23.08,50,3,2,,1
에스케이플래닛 주식회사; 고려대학교,한국전자통신연구원,73.82,93.6,47.24,100.0,42.86,75,3,3,,1
에스케이플래닛 주식회사; 서강대학교,한국전자통신연구원,49.67,31.2,47.24,100.0,40.0,25,1,1,,1
에스케이플래닛 주식회사; 서강대학교,한국과학기술원,43.67,31.2,47.24,100.0,0.0,25,1,1,,1
에스케이하이닉스 주식회사,에스케이하이닉스; 한국과학기술원,74.91,100.0,47.24,100.0,20.69,100,28,13,,1
에스케이하이닉스 주식회사,한국과학기술원,74.31,100.0,47.24,100.0,16.67,100,13,9,,1
에스케이하이닉스 주식회사,한국전자통신연구원,72.47,100.0,47.24,100.0,21.05,75,5,3,,1
에스케이하이닉스 주식회사; 고려대학교,한국과학기술원,67.64,100.0,47.24,100.0,5.56,50,4,2,,1
에스케이하이닉스 주식회사; 고려대학교,한국전자통신연구원;네온포토닉스,62.39,93.6,47.24,100.0,0.0,25,3,1,,1
에스케이하이닉스 주식회사; 고려대학교,한국화학연구원,56.98,62.4,47.24,100.0,26.32,25,2,1,,1
에스케이하이닉스 주식회사; 광운대학교,한국전자통신연구원,45.54,31.2,47.24,100.0,12.5,25,1,1,,1
에스케이하이닉스 주식회사; 서강대학교,한국과학기술원,46.17,31.2,47.24,100.0,16.67,25,1,1,,1
에스케이하이닉스 주식회사; 서울대학교,에스케이하이닉스; 한국과학기술원,55.53,62.4,47.24,100.0,16.67,25,2,1,,1
에스케이하이닉스 주식회사; 서울대학교,한국전자통신연구원,53.03,62.4,47.24,100.0,0.0,25,2,1,,1
에스케이하이닉스 주식회사; 서울대학교,한국과학기술원,45.67,31.2,47.24,100.0,13.33,25,1,1,,1
에스케이하이닉스 주식회사; 연세대학교,한국과학기술원,68.48,100.0,47.24,100.0,11.11,50,6,2,,1
에스케이하이닉스 주식회사; 연세대학교,광주과학기술원,62.39,93.6,47.24,100.0,0.0,25,3,1,,1
에스케이하이닉스 주식회사; 연세대학교,삼성전자; 광주과학기술원,54.9,62.4,47.24,100.0,12.5,25,2,1,,1
에스케이하이닉스 주식회사; 영남대학교,재단법인대구경북과학기술원,43.67,31.2,47.24,100.0,0.0,25,1,1,,1
에스케이하이닉스 주식회사; 포항공과대학교,파네시아; 한국과학기술원,60.53,62.4,47.24,100.0,50.0,25,2,1,,1
에스케이하이닉스 주식회사; 포항공과대학교,알앤에스랩; 울산과학기술원,49.67,31.2,47.24,100.0,40.0,25,1,1,,1
에스케이하이닉스 주식회사; 포항공과대학교,한국과학기술원,43.67,31.2,47.24,100.0,0.0,25,1,1,,1
에스케이하이닉스 주식회사; 한양대학교,국방과학연구소; 한국과학기술원,54.9,62.4,47.24,100.0,12.5,25,2,1,,1
에스케이하이닉스 주식회사; 한양대학교,울산과학기술원,50.1,31.2,47.24,100.0,42.86,25,1,1,,1
에스케이하이닉스 주식회사; 한양대학교,한국과학기술원,46.17,31.2,47.24,100.0,16.67,25,1,1,,1
에스케이하이닉스 주식회사; 한양대학교,재단법인대구경북과학기술원,45.81,31.2,47.24,100.0,14.29,25,1,1,,1
에스케이하이닉스 주식회사; 한양대학교,광주과학기술원,45.34,31.2,47.24,100.0,11.11,25,1,1,,1
에쓰대시오일 주식회사,한국에너지기술연구원,66.67,93.6,47.24,100.0,28.57,25,3,1,,1
에쓰대시오일 주식회사,울산과학기술원,51.17,31.2,47.24,100.0,50.0,25,1,1,,1
에쓰대시오일 주식회사,에쓰대시오일; 울산과학기술원,47.13,31.2,47.24,100.0,23.08,25,1,1,,1
에쓰대시오일 주식회사; 건국대학교,한화솔루션; 한국과학기술원,55.34,62.4,47.24,100.0,15.38,25,2,1,,1
에쓰대시오일 주식회사; 단국대학교,한국과학기술원,54.39,62.4,47.24,100.0,9.09,25,2,1,,1
에쓰대시오일 주식회사; 동아대학교,한국화학연구원,56.78,62.4,47.24,100.0,25.0,25,2,1,,1
에쓰대시오일 주식회사; 아주대학교,재단법인대구경북과학기술원,43.67,31.2,47.24,100.0,0.0,25,1,1,,1
에쓰대시오일 주식회사; 아주대학교,한국에너지기술연구원,43.67,31.2,47.24,100.0,0.0,25,1,1,,1
에쓰대시오일 주식회사; 포항공과대학교,한국과학기술연구원,45.47,31.2,47.24,100.0,12.0,25,1,1,,1
에쓰이에이치에프코리아 (주),광주과학기술원,43.67,31.2,47.24,100.0,0.0,25,1,1,,1
에이알비전 (주),한국전자통신연구원,43.67,31.2,47.24,100.0,0.0,25,1,1,,1
에이치디한국조선해양 주식회사,에이치디한국조선해양; 에이치디현대중공업; 한국과학기술원,75.41,100.0,47.24,100.0,24.0,100,10,4,,1
에이치디한국조선해양 주식회사,한국해양과학기술원;써니웨이브텍,68.06,100.0,47.24,100.0,8.33,50,4,2,,1
에이치디한국조선해양 주식회사,한국과학기술원,67.43,100.0,47.24,100.0,4.17,50,7,2,,1
에이치디한국조선해양 주식회사,지엔테크놀로지스; 울산과학기술원,54.9,62.4,47.24,100.0,12.5,25,2,1,,1
에이치디한국조선해양 주식회사,한국해양과학기술원,54.53,62.4,47.24,100.0,10.0,25,2,1,,1
에이치디한국조선해양 주식회사,재단법인대구경북과학기술원,45.17,31.2,47.24,100.0,10.0,25,1,1,,1
에이치디한국조선해양 주식회사; 명지대학교,한국과학기술원,46.67,31.2,47.24,100.0,20.0,25,1,1,,1
에이치디한국조선해양 주식회사; 서울대학교,한국화학연구원,47.42,31.2,47.24,100.0,25.0,25,1,1,,1
에이치디한국조선해양 주식회사; 울산과학기술원,한국에너지기술연구원,75.14,100.0,47.24,100.0,55.56,50,4,2,,1
에이치디한국조선해양 주식회사; 울산과학기술원,울산과학기술원,65.98,100.0,47.24,100.0,11.11,25,5,1,,1
에이치디한국조선해양 주식회사; 울산대학교,한국화학연구원,67.17,100.0,47.24,100.0,19.05,25,11,1,,1
에이치디한국조선해양 주식회사; 울산대학교,한국과학기술원; 램 리서치 코퍼레이션,63.27,93.6,47.24,100.0,5.88,25,3,1,,1
에이치디한국조선해양 주식회사; 울산대학교,재단법인대구경북과학기술원,54.28,62.4,47.24,100.0,8.33,25,2,1,,1
에이치디한국조선해양 주식회사; 울산대학교,한국과학기술연구원,45.54,31.2,47.24,100.0,12.5,25,1,1,,1
에이치디한국조선해양 주식회사; 울산대학교,한국표준과학연구원,45.03,31.2,47.24,100.0,9.09,25,1,1,,1
에이치디한국조선해양 주식회사; 포항공과대학교,이노켐텍;시온텍; 한국화학연구원,43.67,31.2,47.24,100.0,0.0,25,1,1,,1
에이치디현대사이트솔루션 주식회사; 한양대학교,한국건설기술연구원,45.54,31.2,47.24,100.0,12.5,25,1,1,,1
에이치디현대중공업 주식회사,에이치디한국조선해양; 한국과학기술원,71.09,100.0,47.24,100.0,28.57,50,4,2,,1
에이치디현대중공업 주식회사,에이치디현대중공업; 에이치디현대삼호; 에이치디한국조선해양; 한국과학기술원,58.67,31.2,47.24,100.0,100.0,25,1,1,,1
에이치디현대중공업 주식회사; 서울대학교,한국화학연구원,54.1,62.4,47.24,100.0,7.14,25,2,1,,1
에이치디현대플라스포 주식회사; 광운대학교,재단법인대구경북과학기술원,54.53,62.4,47.24,100.0,10.0,25,2,1,,1
에이치솔루션 주식회사,한국건설기술연구원,68.06,100.0,47.24,100.0,25.0,25,7,1,,1
에이치엘디앤아이한라 주식회사; 서울대학교,한국해양과학기술원,53.03,62.4,47.24,100.0,0.0,25,2,1,,1
에이치엘디앤아이한라 주식회사; 서울대학교,한국해양과학기술원; 에이치플러스에코,43.67,31.2,47.24,100.0,0.0,25,1,1,,1
에이치엘비제넥스 주식회사; 경상국립대학교,한국생명공학연구원,56.36,62.4,47.24,100.0,22.22,25,2,1,,1
에임시스템 주식회사; 고려대학교,한국전자통신연구원,70.02,100.0,47.24,100.0,21.43,50,6,2,,1
에임시스템 주식회사; 고려대학교,울산과학기술원,53.03,62.4,47.24,100.0,0.0,25,2,1,,1
에코스솔루션(주); 인덕대학교,한국전자통신연구원,71.25,100.0,47.24,100.0,29.63,50,6,2,,1
에코스솔루션(주); 인덕대학교,한국표준과학연구원,64.79,93.6,47.24,100.0,16.0,25,3,1,,1
에코스솔루션(주); 인덕대학교,광주과학기술원,45.28,31.2,47.24,100.0,10.71,25,1,1,,1
엔바로테크 주식회사; 울산대학교,한국과학기술연구원,55.03,62.4,47.24,100.0,13.33,25,2,1,,1
엔시트론 주식회사; 서울대학교,울산과학기술원,46.67,31.2,47.24,100.0,20.0,25,1,1,,1
엔젯 주식회사; 성균관대학교,한국기계연구원,70.95,100.0,47.24,100.0,27.59,50,5,2,,1
엔젯 주식회사; 성균관대학교,한국과학기술연구원,53.03,62.4,47.24,100.0,0.0,25,2,1,,1
엘아이지넥스원 주식회사,한국과학기술원,66.81,100.0,47.24,100.0,0.0,50,5,2,,1
엘아이지넥스원 주식회사,한국해양과학기술원,64.53,93.6,47.24,100.0,14.29,25,3,1,,1
엘아이지넥스원 주식회사,재단법인대구경북과학기술원,55.76,62.4,47.24,100.0,18.18,25,2,1,,1
엘아이지넥스원 주식회사,국방과학연구소; 광주과학기술원,47.95,31.2,47.24,100.0,28.57,25,1,1,,1
엘아이지넥스원 주식회사; 경희대학교,한국해양과학기술원,55.4,62.4,47.24,100.0,15.79,25,2,1,,1
엘아이지넥스원 주식회사; 고려대학교,한국기계연구원,67.39,93.6,47.24,100.0,33.33,25,3,1,,1
엘아이지넥스원 주식회사; 고려대학교,한국과학기술원,53.03,62.4,47.24,100.0,0.0,25,2,1,,1
엘아이지넥스원 주식회사; 아주대학교,한국해양과학기술원,55.17,62.4,47.24,100.0,14.29,25,2,1,,1
엘아이지넥스원 주식회사; 연세대학교,한국전자통신연구원,67.62,93.6,47.24,100.0,18.18,50,3,2,,1
엘아이지넥스원 주식회사; 연세대학교,한국과학기술연구원,63.75,93.6,47.24,100.0,9.09,25,3,1,,1
엘아이지넥스원 주식회사; 연세대학교,한국과학기술원,46.17,31.2,47.24,100.0,16.67,25,1,1,,1
엘아이지넥스원 주식회사; 연세대학교,엘아이지넥스원; 한국과학기술원,43.67,31.2,47.24,100.0,0.0,25,1,1,,1
엘아이지넥스원 주식회사; 충남대학교,한국과학기술원,47.76,31.2,47.24,100.0,27.27,25,1,1,,1
엘에스일렉트릭(주); 국립부경대학교,한국전기연구원,67.75,100.0,47.24,100.0,6.25,50,6,2,,1
엘에스일렉트릭(주); 국민대학교,한국에너지기술연구원,45.54,31.2,47.24,100.0,12.5,25,1,1,,1
엘에스일렉트릭(주); 연세대학교,한국전기연구원,71.32,93.6,47.24,100.0,42.86,50,3,2,,1
엘에스일렉트릭(주); 연세대학교,한국에너지기술연구원,45.54,31.2,47.24,100.0,12.5,25,1,1,,1
엘지디스플레이 주식회사,한국전자통신연구원,71.09,100.0,47.24,100.0,28.57,50,4,2,,1
엘지디스플레이 주식회사,한국과학기술원,68.68,100.0,47.24,100.0,12.5,50,7,2,,1
엘지디스플레이 주식회사,광주과학기술원,55.53,62.4,47.24,100.0,16.67,25,2,1,,1
엘지디스플레이 주식회사; 고려대학교,한국화학연구원,48.17,31.2,47.24,100.0,30.0,25,1,1,,1
엘지디스플레이 주식회사; 국립금오공과대학교,한국과학기술원,56.36,62.4,47.24,100.0,22.22,25,2,1,,1
엘지디스플레이 주식회사; 서울대학교,울산과학기술원,67.39,100.0,47.24,100.0,3.85,50,4,2,,1
엘지디스플레이 주식회사; 서울대학교,한국화학연구원,46.67,31.2,47.24,100.0,20.0,25,1,1,,1
엘지디스플레이 주식회사; 서울대학교,한국과학기술원,43.67,31.2,47.24,100.0,0.0,25,1,1,,1
엘지디스플레이 주식회사; 연세대학교,한국과학기술원,71.04,100.0,47.24,100.0,11.54,75,5,3,,1
엘지디스플레이 주식회사; 연세대학교,울산과학기술원,54.18,62.4,47.24,100.0,7.69,25,2,1,,1
엘지디스플레이 주식회사; 연세대학교,한국과학기술연구원,43.67,31.2,47.24,100.0,0.0,25,1,1,,1
엘지디스플레이 주식회사; 포항공과대학교,재단법인대구경북과학기술원,45.81,31.2,47.24,100.0,14.29,25,1,1,,1
엘지디스플레이 주식회사; 한국기술교육대학교,한국표준과학연구원,65.98,100.0,47.24,100.0,11.11,25,4,1,,1
엘지이노텍 주식회사,삼성전자; 한국과학기술원,68.17,100.0,47.24,100.0,9.09,50,4,2,,1
엘지이노텍 주식회사,엘지이노텍; 광주과학기술원,65.17,62.4,47.24,100.0,64.29,50,2,2,,1
엘지이노텍 주식회사,한국과학기술원,58.67,31.2,47.24,100.0,100.0,25,1,1,,1
엘지이노텍 주식회사,한국전자통신연구원,46.4,31.2,47.24,100.0,18.18,25,1,1,,1
엘지이노텍 주식회사; 서강대학교,한국과학기술연구원,53.67,31.2,47.24,100.0,66.67,25,1,1,,1
엘지이노텍 주식회사; 성균관대학교,한국과학기술연구원,72.39,93.6,47.24,100.0,66.67,25,3,1,,1
엘지이노텍 주식회사; 전남대학교,울산과학기술원,47.42,31.2,47.24,100.0,25.0,25,1,1,,1
엘지이노텍 주식회사; 중앙대학교,한국에너지기술연구원,54.9,62.4,47.24,100.0,12.5,25,2,1,,1
엘지이노텍 주식회사; 중앙대학교,한국전자통신연구원,51.17,31.2,47.24,100.0,50.0,25,1,1,,1
엘지이노텍 주식회사; 중앙대학교,재단법인대구경북과학기술원,46.17,31.2,47.24,100.0,16.67,25,1,1,,1
엘지전자 주식회사,한국과학기술원,78.31,100.0,47.24,100.0,60.0,75,5,3,,1
엘지전자 주식회사,엘지전자; 울산과학기술원,73.63,100.0,47.24,100.0,45.45,50,5,2,,1
엘지전자 주식회사,한국과학기술원; 재단법인 바이오나노헬스가드연구단,65.81,100.0,47.24,100.0,10.0,25,4,1,,1
엘지전자 주식회사,울산과학기술원; 신성델타테크,65.12,93.6,47.24,100.0,18.18,25,3,1,,1
엘지전자 주식회사,광주과학기술원,64.89,93.6,47.24,100.0,16.67,25,3,1,,1
엘지전자 주식회사,엘지전자; 한국과학기술원,58.03,62.4,47.24,100.0,33.33,25,2,1,,1
엘지전자 주식회사,한국과학기술연구원,53.03,62.4,47.24,100.0,0.0,25,2,1,,1
엘지전자 주식회사,한국기계연구원,53.03,62.4,47.24,100.0,0.0,25,2,1,,1
엘지전자 주식회사,위아비; 한국건설기술연구원,45.4,31.2,47.24,100.0,11.54,25,1,1,,1
엘지전자 주식회사,한국표준과학연구원,44.92,31.2,47.24,100.0,8.33,25,1,1,,1
엘지전자 주식회사,한국해양과학기술원,44.92,31.2,47.24,100.0,8.33,25,1,1,,1
엘지전자 주식회사,한국전자통신연구원,43.67,31.2,47.24,100.0,0.0,25,1,1,,1
엘지전자 주식회사; 경희대학교,울산과학기술원,53.03,62.4,47.24,100.0,0.0,25,2,1,,1
엘지전자 주식회사; 경희대학교,한국표준과학연구원,47.95,31.2,47.24,100.0,28.57,25,1,1,,1
엘지전자 주식회사; 고려대학교,한국과학기술원,67.88,100.0,47.24,100.0,7.14,50,4,2,,1
엘지전자 주식회사; 고려대학교,한국전자통신연구원,46.17,31.2,47.24,100.0,16.67,25,1,1,,1
엘지전자 주식회사; 고려대학교,광주과학기술원,43.67,31.2,47.24,100.0,0.0,25,1,1,,1
엘지전자 주식회사; 광운대학교,한국기계연구원; 재단법인 파동에너지 극한제어 연구단,47.0,31.2,47.24,100.0,22.22,25,1,1,,1
엘지전자 주식회사; 광운대학교,한국전자통신연구원,45.34,31.2,47.24,100.0,11.11,25,1,1,,1
엘지전자 주식회사; 국립부경대학교,재단법인대구경북과학기술원,43.67,31.2,47.24,100.0,0.0,25,1,1,,1
엘지전자 주식회사; 서강대학교,삼성전자; 한국과학기술원,46.67,31.2,47.24,100.0,20.0,25,1,1,,1
엘지전자 주식회사; 서강대학교,한국과학기술원,46.67,31.2,47.24,100.0,20.0,25,1,1,,1
엘지전자 주식회사; 서강대학교,한국전자통신연구원,46.4,31.2,47.24,100.0,18.18,25,1,1,,1
엘지전자 주식회사; 서울대학교,한국전자통신연구원,73.36,100.0,47.24,100.0,10.34,100,6,4,,1
엘지전자 주식회사; 서울대학교,한국과학기술원,68.81,100.0,47.24,100.0,13.33,50,4,2,,1
엘지전자 주식회사; 서울대학교,삼성전자; 한국과학기술원,46.17,31.2,47.24,100.0,16.67,25,1,1,,1
엘지전자 주식회사; 성균관대학교,한국과학기술원,68.39,100.0,47.24,100.0,10.53,50,4,2,,1
엘지전자 주식회사; 성균관대학교,한국과학기술연구원,63.75,93.6,47.24,100.0,9.09,25,3,1,,1
엘지전자 주식회사; 성균관대학교,한국전자통신연구원,62.39,93.6,47.24,100.0,0.0,25,3,1,,1
엘지전자 주식회사; 성균관대학교,울산과학기술원,53.03,62.4,47.24,100.0,0.0,25,2,1,,1
엘지전자 주식회사; 성균관대학교,광주과학기술원,43.67,31.2,47.24,100.0,0.0,25,1,1,,1
엘지전자 주식회사; 연세대학교,한국전자통신연구원,74.87,100.0,47.24,100.0,20.41,100,15,7,,1
엘지전자 주식회사; 연세대학교,한국과학기술원,74.04,100.0,47.24,100.0,14.89,100,18,8,,1
엘지전자 주식회사; 연세대학교,재단법인대구경북과학기술원,68.81,100.0,47.24,100.0,13.33,50,4,2,,1
엘지전자 주식회사; 연세대학교,엘지전자; 한국과학기술원,63.75,93.6,47.24,100.0,9.09,25,3,1,,1
엘지전자 주식회사; 연세대학교,한국과학기술연구원,53.91,62.4,47.24,100.0,5.88,25,2,1,,1
엘지전자 주식회사; 연세대학교,한국기계연구원,43.67,31.2,47.24,100.0,0.0,25,1,1,,1
엘지전자 주식회사; 인하대학교,한국해양과학기술원,72.39,93.6,47.24,100.0,66.67,25,3,1,,1
엘지전자 주식회사; 인하대학교,울산과학기술원,53.03,62.4,47.24,100.0,0.0,25,2,1,,1
엘지전자 주식회사; 조선대학교,한국식품연구원,53.67,31.2,47.24,100.0,66.67,25,1,1,,1
엘지전자 주식회사; 중앙대학교,위아비; 한국건설기술연구원,55.07,62.4,47.24,100.0,13.64,25,2,1,,1
엘지전자 주식회사; 중앙대학교,한국해양과학기술원,45.81,31.2,47.24,100.0,14.29,25,1,1,,1
엘지전자 주식회사; 포항공과대학교,한국과학기술원,64.53,93.6,47.24,100.0,14.29,25,3,1,,1
엘지전자 주식회사; 포항공과대학교,한국전자통신연구원,58.67,31.2,47.24,100.0,100.0,25,1,1,,1
엘지전자 주식회사; 포항공과대학교,광주과학기술원,50.1,31.2,47.24,100.0,42.86,25,1,1,,1
엘지전자 주식회사; 포항공과대학교,한국과학기술연구원,45.17,31.2,47.24,100.0,10.0,25,1,1,,1
엘지전자 주식회사; 한국항공대학교,한국전기연구원,56.49,62.4,47.24,100.0,23.08,25,2,1,,1
엘지전자 주식회사; 한양대학교,한국과학기술연구원; 한국과학기술원,58.39,62.4,47.24,100.0,35.71,25,2,1,,1
엘지전자 주식회사; 한양대학교,한국해양과학기술원;지아이,48.28,31.2,47.24,100.0,30.77,25,1,1,,1
엘지전자 주식회사; 한양대학교,한국전자통신연구원,44.82,31.2,47.24,100.0,7.69,25,1,1,,1
엘지전자 주식회사; 한양대학교,한국과학기술원,44.74,31.2,47.24,100.0,7.14,25,1,1,,1
엘지전자 주식회사; 한양대학교 에리카,한국기계연구원,53.91,62.4,47.24,100.0,5.88,25,2,1,,1
엘지전자 주식회사; 홍익대학교,울산과학기술원; 욱성화학,57.31,62.4,47.24,100.0,28.57,25,2,1,,1
엘지전자 주식회사; 홍익대학교,재단법인대구경북과학기술원,57.31,62.4,47.24,100.0,28.57,25,2,1,,1
엘지전자 주식회사; 홍익대학교,한국과학기술원,45.54,31.2,47.24,100.0,12.5,25,1,1,,1
엠케이전자 주식회사; 국립공주대학교,한국전기연구원,50.1,31.2,47.24,100.0,42.86,25,1,1,,1
엠텍비젼 주식회사; 한양대학교,한국전자통신연구원,56.03,62.4,47.24,100.0,20.0,25,2,1,,1
엠티에이치 주식회사,한국전자통신연구원,59.03,62.4,47.24,100.0,40.0,25,2,1,,1
연성대학교,한국식품연구원,55.17,62.4,47.24,100.0,14.29,25,2,1,,1
연세대학교,한국에너지기술연구원,75.63,100.0,47.24,100.0,25.44,100,69,39,,1
연세대학교,한국과학기술연구원,75.59,100.0,47.24,100.0,25.18,100,273,126,,1
연세대학교,한국과학기술원,75.56,100.0,47.24,100.0,24.98,100,409,213,,1
연세대학교,한국지질자원연구원,75.46,100.0,47.24,100.0,24.36,100,27,10,,1
연세대학교,한국기계연구원,75.45,100.0,47.24,100.0,24.29,100,108,56,,1
연세대학교,울산과학기술원,75.39,100.0,47.24,100.0,23.9,100,162,91,,1
연세대학교,한국건설기술연구원,75.39,100.0,47.24,100.0,23.85,100,84,34,,1
연세대학교,광주과학기술원,75.13,100.0,47.24,100.0,22.14,100,70,42,,1
연세대학교,재단법인대구경북과학기술원,75.12,100.0,47.24,100.0,22.08,100,161,76,,1
연세대학교,한국화학연구원,75.08,100.0,47.24,100.0,21.82,100,95,48,,1
연세대학교,한국전자통신연구원,75.06,100.0,47.24,100.0,21.67,100,216,107,,1
연세대학교,한국식품연구원,74.95,100.0,47.24,100.0,20.91,100,26,14,,1
연세대학교,한국생명공학연구원,74.81,100.0,47.24,100.0,20.0,100,15,12,,1
연세대학교,한국해양과학기술원,74.63,100.0,47.24,100.0,18.81,100,27,16,,1
연세대학교,한국표준과학연구원,74.37,100.0,47.24,100.0,17.05,100,55,28,,1
연세대학교,삼성전자; 한국과학기술원,74.11,100.0,47.24,100.0,32.0,75,7,3,,1
연세대학교,한국원자력연구원,74.07,100.0,47.24,100.0,15.08,100,37,22,,1
연세대학교,한국전기연구원,74.07,100.0,47.24,100.0,15.09,100,49,29,,1
연세대학교,한국과학기술연구원; 재단법인 실감교류인체감응솔루션연구단,70.98,100.0,47.24,100.0,11.11,75,9,3,,1
연세대학교,국방과학연구소; 한국과학기술원,69.19,93.6,47.24,100.0,12.0,75,3,3,,1
연세대학교,국방과학연구소; 한국생명공학연구원,68.64,93.6,47.24,100.0,25.0,50,3,2,,1
연세대학교,울산과학기술원; 한국에너지기술연구원,68.01,93.6,47.24,100.0,37.5,25,3,1,,1
연세대학교,한국전력공사; 한국과학기술원,67.56,100.0,47.24,100.0,5.0,50,4,2,,1
연세대학교,이녹스첨단소재; 한국화학연구원,66.45,100.0,47.24,100.0,14.29,25,4,1,,1
연세대학교,한국생명공학연구원; 재단법인 바이오나노헬스가드연구단,66.14,93.6,47.24,100.0,25.0,25,3,1,,1
연세대학교,한국화학연구원; 재단법인 포항산업과학연구원,65.46,100.0,47.24,100.0,7.69,25,4,1,,1
연세대학교,한국건설기술연구원;케이티앤씨,64.7,93.6,47.24,100.0,15.38,25,3,1,,1
연세대학교,한국과학기술원; 재단법인 멀티스케일 에너지시스템 연구단,64.06,93.6,47.24,100.0,11.11,25,3,1,,1
연세대학교,국방과학연구소; 광주과학기술원,63.75,93.6,47.24,100.0,9.09,25,3,1,,1
연세대학교,실리코팜; 재단법인대구경북과학기술원,63.47,62.4,47.24,100.0,52.94,50,2,2,,1
연세대학교,국방과학연구소; 울산과학기술원,62.39,93.6,47.24,100.0,0.0,25,3,1,,1
연세대학교,삼성전자; 울산과학기술원,62.39,93.6,47.24,100.0,0.0,25,3,1,,1
연세대학교,한국과학기술원; 한국표준과학연구원,62.39,93.6,47.24,100.0,0.0,25,3,1,,1
연세대학교,한국전자통신연구원;제이브이엠,62.39,93.6,47.24,100.0,0.0,25,3,1,,1
연세대학교,삼성전기; 한국과학기술원,60.53,62.4,47.24,100.0,50.0,25,2,1,,1
연세대학교,유투메드텍; 울산과학기술원,60.27,62.4,47.24,100.0,31.58,50,2,2,,1
연세대학교,마크로젠; 한국과학기술연구원,59.28,62.4,47.24,100.0,41.67,25,2,1,,1
연세대학교,울산과학기술원;대웅테라퓨틱스,58.03,62.4,47.24,100.0,33.33,25,2,1,,1
연세대학교,에스케이텔레콤; 한국과학기술원,57.9,62.4,47.24,100.0,15.79,50,2,2,,1
연세대학교,에스케이하이닉스; 한국과학기술원,57.4,62.4,47.24,100.0,12.5,50,2,2,,1
연세대학교,현대자동차; 기아; 한국과학기술원,56.98,62.4,47.24,100.0,9.68,50,2,2,,1
연세대학교,에스투더블유; 한국과학기술원,56.78,62.4,47.24,100.0,25.0,25,2,1,,1
연세대학교,한국과학기술원;한국무역정보통신,56.78,62.4,47.24,100.0,25.0,25,2,1,,1
연세대학교,한국과학기술연구원; 사회복지법인 삼성생명공익재단,56.49,62.4,47.24,100.0,23.08,25,2,1,,1
연세대학교,한국건설기술연구원;우성디앤씨,56.36,62.4,47.24,100.0,22.22,25,2,1,,1
연세대학교,기초과학연구원; 울산과학기술원,55.53,62.4,47.24,100.0,0.0,50,2,2,,1
연세대학교,한국과학기술원;에스씨엘사이언스,55.17,62.4,47.24,100.0,14.29,25,2,1,,1
연세대학교,에스제이지세종; 한국과학기술원,54.9,62.4,47.24,100.0,12.5,25,2,1,,1
연세대학교,더웨이브톡; 한국과학기술원,54.39,62.4,47.24,100.0,9.09,25,2,1,,1
연세대학교,한국과학기술원; (재)씨젠의료재단,53.97,62.4,47.24,100.0,6.25,25,2,1,,1
연세대학교,한국기계연구원; 한국과학기술연구원,53.74,62.4,47.24,100.0,4.76,25,2,1,,1
연세대학교,아모레퍼시픽; 한국과학기술원,53.03,62.4,47.24,100.0,0.0,25,2,1,,1
연세대학교,울산과학기술원; 국립생태원,53.03,62.4,47.24,100.0,0.0,25,2,1,,1
연세대학교,재단법인대구경북과학기술원; 박주현,53.03,62.4,47.24,100.0,0.0,25,2,1,,1
연세대학교,한국화학연구원; 한국기초과학지원연구원,53.03,62.4,47.24,100.0,0.0,25,2,1,,1
연세대학교,한국과학기술연구원; 재단법인한택식물원,50.49,31.2,47.24,100.0,45.45,25,1,1,,1
연세대학교,한국생명공학연구원; 한국화학연구원,50.1,31.2,47.24,100.0,42.86,25,1,1,,1
연세대학교,한국전자통신연구원; 더 트러스티즈 오브 인디애나 유니버시티,49.67,31.2,47.24,100.0,40.0,25,1,1,,1
연세대학교,한국조폐공사; 한국과학기술원,49.67,31.2,47.24,100.0,40.0,25,1,1,,1
연세대학교,한국과학기술연구원;새론테크놀로지,47.42,31.2,47.24,100.0,25.0,25,1,1,,1
연세대학교,사회복지법인 삼성생명공익재단; 한국과학기술연구원,46.67,31.2,47.24,100.0,20.0,25,1,1,,1
연세대학교,피에스디엘; 재단법인대구경북과학기술원,46.67,31.2,47.24,100.0,20.0,25,1,1,,1
연세대학교,한국해양과학기술원;답스,46.67,31.2,47.24,100.0,20.0,25,1,1,,1
연세대학교,울산과학기술원; 에스케이이노베이션,46.17,31.2,47.24,100.0,16.67,25,1,1,,1
연세대학교,센서위드유; 울산과학기술원,45.81,31.2,47.24,100.0,14.29,25,1,1,,1
연세대학교,셀레스트라; 울산과학기술원,45.54,31.2,47.24,100.0,12.5,25,1,1,,1
연세대학교,재단법인 전통천연물기반 유전자동의보감 사업단; 한국과학기술원,44.92,31.2,47.24,100.0,8.33,25,1,1,,1
연세대학교,재단법인대구경북과학기술원; 국립암센터,44.82,31.2,47.24,100.0,7.69,25,1,1,,1
연세대학교,이엠텍; 울산과학기술원,44.74,31.2,47.24,100.0,7.14,25,1,1,,1
연세대학교,한국과학기술원; 에이치디한국조선해양,44.55,31.2,47.24,100.0,5.88,25,1,1,,1
연세대학교,광주과학기술원;더심플,43.67,31.2,47.24,100.0,0.0,25,1,1,,1
연세대학교,더마젝; 한국기계연구원,43.67,31.2,47.24,100.0,0.0,25,1,1,,1
연세대학교,에버코트; 한국화학연구원,43.67,31.2,47.24,100.0,0.0,25,1,1,,1
연세대학교,에스케이텔레콤; 울산과학기술원,43.67,31.2,47.24,100.0,0.0,25,1,1,,1
연세대학교,한국에너지기술연구원; 재단법인 파동에너지 극한제어 연구단; 한국과학기술원,43.67,31.2,47.24,100.0,0.0,25,1,1,,1
연세대학교,한국표준과학연구원; 한국과학기술연구원,43.67,31.2,47.24,100.0,0.0,25,1,1,,1
연세대학교 미래,한국기계연구원,76.09,100.0,47.24,100.0,28.57,100,6,5,,1
연세대학교 미래,한국원자력연구원,75.79,100.0,47.24,100.0,26.53,100,14,5,,1
연세대학교 미래,한국과학기술연구원,75.34,100.0,47.24,100.0,23.53,100,31,17,,1
연세대학교 미래,재단법인대구경북과학기술원,74.77,100.0,47.24,100.0,19.72,100,17,7,,1
연세대학교 미래,한국전자통신연구원,74.77,100.0,47.24,100.0,19.72,100,18,9,,1
연세대학교 미래,한국과학기술원,74.61,100.0,47.24,100.0,18.68,100,16,11,,1
연세대학교 미래,한국화학연구원,74.56,100.0,47.24,100.0,18.33,100,11,7,,1
연세대학교 미래,한국에너지기술연구원,73.95,100.0,47.24,100.0,14.29,100,17,5,,1
연세대학교 미래,울산과학기술원,73.85,100.0,47.24,100.0,13.64,100,8,5,,1
연세대학교 미래,한국전기연구원,72.91,100.0,47.24,100.0,24.0,75,7,3,,1
연세대학교 미래,한국표준과학연구원,72.83,100.0,47.24,100.0,6.82,100,10,5,,1
연세대학교 미래,한화솔루션; 한국과학기술원,69.89,93.6,47.24,100.0,33.33,50,3,2,,1
연세대학교 미래,한국해양과학기술원,69.31,100.0,47.24,100.0,16.67,50,4,2,,1
연세대학교 미래,한국과학기술원; 대한민국(국립재활원장),66.56,93.6,47.24,100.0,11.11,50,3,2,,1
연세대학교 미래,리센스메디컬; 울산과학기술원,65.85,93.6,47.24,100.0,23.08,25,3,1,,1
연세대학교 미래,한국과학기술연구원;제이트로닉스,64.06,93.6,47.24,100.0,11.11,25,3,1,,1
연세대학교 미래,엘아이지넥스원; 한국과학기술원,58.03,62.4,47.24,100.0,33.33,25,2,1,,1
연세대학교 미래,삼성전자; 한국과학기술원,56.03,62.4,47.24,100.0,20.0,25,2,1,,1
연세대학교 미래,한국건설기술연구원,55.53,62.4,47.24,100.0,16.67,25,2,1,,1
연세대학교 미래,한국과학기술연구원; 효성화학,53.03,62.4,47.24,100.0,0.0,25,2,1,,1
연세대학교 미래,한국과학기술연구원; 한국기계연구원,51.17,31.2,47.24,100.0,50.0,25,1,1,,1
연세대학교 미래,한국과학기술연구원;고센바이오텍,47.76,31.2,47.24,100.0,27.27,25,1,1,,1
연세대학교 미래,울산과학기술원;리센스메디컬,47.42,31.2,47.24,100.0,25.0,25,1,1,,1
연세대학교 미래,광주과학기술원,45.81,31.2,47.24,100.0,14.29,25,1,1,,1
연세대학교 미래,울산과학기술원;마린이노베이션,45.17,31.2,47.24,100.0,10.0,25,1,1,,1
연세대학교 미래,삼성전자; 광주과학기술원,45.03,31.2,47.24,100.0,9.09,25,1,1,,1
연세대학교 미래,한국식품연구원,44.74,31.2,47.24,100.0,7.14,25,1,1,,1
영남대학교,한국에너지기술연구원,75.89,100.0,47.24,100.0,27.17,100,26,14,,1
영남대학교,한국기계연구원,75.78,100.0,47.24,100.0,26.47,100,20,9,,1
영남대학교,재단법인대구경북과학기술원,75.13,100.0,47.24,100.0,22.12,100,47,24,,1
영남대학교,한국해양과학기술원,75.07,100.0,47.24,100.0,21.74,100,6,5,,1
영남대학교,한국전자통신연구원,74.95,100.0,47.24,100.0,20.95,100,32,15,,1
영남대학교,한국과학기술연구원,74.69,100.0,47.24,100.0,19.18,100,28,19,,1
영남대학교,한국원자력연구원,74.49,100.0,47.24,100.0,17.86,100,6,5,,1
영남대학교,한국전기연구원,74.31,100.0,47.24,100.0,16.67,100,14,5,,1
영남대학교,광주과학기술원,74.05,100.0,47.24,100.0,14.93,100,8,5,,1
영남대학교,한국과학기술원,73.68,100.0,47.24,100.0,12.5,100,31,22,,1
영남대학교,한국생명공학연구원,73.68,100.0,47.24,100.0,12.5,100,7,5,,1
영남대학교,한국식품연구원,73.64,100.0,47.24,100.0,12.22,100,9,8,,1
영남대학교,울산과학기술원,73.25,100.0,47.24,100.0,9.64,100,17,10,,1
영남대학교,한국화학연구원,72.96,100.0,47.24,100.0,7.69,100,18,7,,1
영남대학교,한국지질자원연구원,72.77,100.0,47.24,100.0,6.41,100,12,7,,1
영남대학교,한국건설기술연구원,71.81,100.0,47.24,100.0,16.67,75,7,3,,1
영남대학교,한국표준과학연구원,64.7,93.6,47.24,100.0,15.38,25,3,1,,1
영남대학교,한국기계연구원; 재단법인 파동에너지 극한제어 연구단,58.48,62.4,47.24,100.0,36.36,25,2,1,,1
영남대학교,한국생명공학연구원; 농업회사법인뜰아채,57.72,62.4,47.24,100.0,31.25,25,2,1,,1
영남대학교,한국생명공학연구원; 이노스킨,57.12,62.4,47.24,100.0,27.27,25,2,1,,1
영남대학교,한국과학기술원;풍산,47.42,31.2,47.24,100.0,25.0,25,1,1,,1
영남대학교,한국전기연구원;아이이에스,46.4,31.2,47.24,100.0,18.18,25,1,1,,1
영남대학교,현대자동차; 기아; 한국과학기술원,46.4,31.2,47.24,100.0,18.18,25,1,1,,1
영남대학교,한국철강; 한국과학기술원,46.17,31.2,47.24,100.0,16.67,25,1,1,,1
영남대학교,한국철도기술연구원; 울산과학기술원,45.54,31.2,47.24,100.0,12.5,25,1,1,,1
영남대학교,한화시스템; 한국과학기술원,45.54,31.2,47.24,100.0,12.5,25,1,1,,1
영남대학교,코렌스이엠; 울산과학기술원,45.17,31.2,47.24,100.0,10.0,25,1,1,,1
영남대학교,삼원액트; 한국기계연구원,43.67,31.2,47.24,100.0,0.0,25,1,1,,1
영남대학교,엘에스과학기술원; 강원특별자치도 고성군,43.67,31.2,47.24,100.0,0.0,25,1,1,,1
영남대학교,엘지전자; 한국과학기술원,43.67,31.2,47.24,100.0,0.0,25,1,1,,1
영남대학교,하이리움산업; 한국과학기술원,43.67,31.2,47.24,100.0,0.0,25,1,1,,1
영남이공대학교,한국건설기술연구원,47.42,31.2,47.24,100.0,25.0,25,1,1,,1
영남이공대학교,한국기계연구원,45.17,31.2,47.24,100.0,10.0,25,1,1,,1
영농조합법인 오름주가; 경남과학기술대학교,한국식품연구원,70.25,100.0,47.24,100.0,6.25,75,4,3,,1
영산대학교,한국과학기술원,70.34,93.6,47.24,100.0,36.36,50,3,2,,1
영산대학교,한국건설기술연구원,57.4,62.4,47.24,100.0,12.5,50,2,2,,1
영산대학교,울산과학기술원; 대한민국(국립재활원장),47.95,31.2,47.24,100.0,28.57,25,1,1,,1
영산대학교,한국과학기술연구원,47.76,31.2,47.24,100.0,27.27,25,1,1,,1
영산대학교,울산과학기술원,43.67,31.2,47.24,100.0,0.0,25,1,1,,1
영진약품 주식회사,영진약품; 한국생명공학연구원,75.74,100.0,47.24,100.0,42.86,75,4,3,,1
영진약품 주식회사,한국생명공학연구원; 울산과학기술원,49.92,31.2,47.24,100.0,41.67,25,1,1,,1
영진전문대학,재단법인대구경북과학기술원,47.42,31.2,47.24,100.0,25.0,25,1,1,,1
영진전문대학,한국전자통신연구원,47.42,31.2,47.24,100.0,25.0,25,1,1,,1
오산대학교,국방과학연구소; 한국과학기술원,55.17,62.4,47.24,100.0,14.29,25,2,1,,1
용인예술과학대학교,한국과학기술원,69.5,93.6,47.24,100.0,30.77,50,3,2,,1
용인예술과학대학교,한국식품연구원,45.81,31.2,47.24,100.0,14.29,25,1,1,,1
용인예술과학대학교,다바정건설,44.42,31.2,47.24,100.0,5.0,25,1,1,,1
우석대학교,한국식품연구원,75.88,100.0,47.24,100.0,27.14,100,18,12,,1
우석대학교,한국과학기술연구원,73.31,100.0,47.24,100.0,10.0,100,12,4,,1
우석대학교,한국과학기술연구원;제이트로닉스,65.72,93.6,47.24,100.0,22.22,25,3,1,,1
우석대학교,한국표준과학연구원,58.48,62.4,47.24,100.0,36.36,25,2,1,,1
우석대학교,한국건설기술연구원,56.14,62.4,47.24,100.0,4.08,50,2,2,,1
우석대학교,한국원자력연구원,55.17,62.4,47.24,100.0,14.29,25,2,1,,1
우석대학교,한국에너지기술연구원,54.9,62.4,47.24,100.0,12.5,25,2,1,,1
우석대학교,한국과학기술원; 재단법인 멀티스케일 에너지시스템 연구단,50.1,31.2,47.24,100.0,42.86,25,1,1,,1
우석대학교,한국전자통신연구원,48.67,31.2,47.24,100.0,33.33,25,1,1,,1
우석대학교,한국기계연구원,47.87,31.2,47.24,100.0,28.0,25,1,1,,1
우석대학교,한국전기연구원,47.42,31.2,47.24,100.0,25.0,25,1,1,,1
우석대학교,한국과학기술원,46.17,31.2,47.24,100.0,16.67,25,1,1,,1
우석대학교,대륙신소재;보령환경산업; 울산과학기술원,45.43,31.2,47.24,100.0,11.76,25,1,1,,1
우석대학교,광주과학기술원,44.92,31.2,47.24,100.0,8.33,25,1,1,,1
우석대학교,한국지질자원연구원,44.61,31.2,47.24,100.0,6.25,25,1,1,,1
우석대학교,다바정건설,43.67,31.2,47.24,100.0,0.0,25,1,1,,1
우송대학교,재단법인대구경북과학기술원,63.33,93.6,47.24,100.0,6.25,25,3,1,,1
우송대학교,한국건설기술연구원,47.13,31.2,47.24,100.0,23.08,25,1,1,,1
우송대학교,한국과학기술원,45.81,31.2,47.24,100.0,14.29,25,1,1,,1
우송대학교,한국전자통신연구원,43.67,31.2,47.24,100.0,0.0,25,1,1,,1
울산과학기술원,울산과학기술원,78.54,100.0,47.24,100.0,44.85,100,1671,519,,1
울산과학기술원,에스케이온; 울산과학기술원,77.2,100.0,47.24,100.0,52.63,75,7,3,,1
울산과학기술원,울산과학기술원; 한국과학기술연구원,77.17,100.0,47.24,100.0,52.38,75,7,3,,1
울산과학기술원,울산과학기술원; 이엠코어텍,76.81,100.0,47.24,100.0,50.0,75,29,3,,1
울산과학기술원,울산과학기술원;지티,76.81,100.0,47.24,100.0,33.33,100,10,7,,1
울산과학기술원,현대자동차; 기아; 울산과학기술원,76.23,100.0,47.24,100.0,46.15,75,5,3,,1
울산과학기술원,한국전기연구원,76.01,100.0,47.24,100.0,28.0,100,63,30,,1
울산과학기술원,울산과학기술원; 대한민국(국립재활원장),75.85,100.0,47.24,100.0,26.92,100,9,4,,1
울산과학기술원,한국과학기술원,75.51,100.0,47.24,100.0,24.66,100,213,96,,1
울산과학기술원,한국과학기술연구원,75.39,100.0,47.24,100.0,23.84,100,148,87,,1
울산과학기술원,한국화학연구원,75.36,100.0,47.24,100.0,23.66,100,52,30,,1
울산과학기술원,울산과학기술원; 한국과학기술원,75.34,100.0,47.24,100.0,23.53,100,18,6,,1
울산과학기술원,한국전력공사; 울산과학기술원,75.28,100.0,47.24,100.0,23.17,100,24,10,,1
울산과학기술원,울산과학기술원; 재단법인 멀티스케일 에너지시스템 연구단,75.14,100.0,47.24,100.0,22.22,100,8,6,,1
울산과학기술원,울산과학기술원;셀레스트라,75.14,100.0,47.24,100.0,22.22,100,9,4,,1
울산과학기술원,이엠코어텍; 울산과학기술원,75.02,100.0,47.24,100.0,21.43,100,51,7,,1
울산과학기술원,한국에너지기술연구원,74.91,100.0,47.24,100.0,20.65,100,56,32,,1
울산과학기술원,재단법인대구경북과학기술원,74.51,100.0,47.24,100.0,18.01,100,54,31,,1
울산과학기술원,한국건설기술연구원,74.49,100.0,47.24,100.0,17.86,100,8,6,,1
울산과학기술원,한국표준과학연구원,74.42,100.0,47.24,100.0,17.39,100,23,12,,1
울산과학기술원,한국원자력연구원,74.21,100.0,47.24,100.0,16.0,100,29,12,,1
울산과학기술원,한국기계연구원,74.17,100.0,47.24,100.0,15.77,100,45,26,,1
울산과학기술원,광주과학기술원,74.03,100.0,47.24,100.0,14.81,100,30,20,,1
울산과학기술원,한국전자통신연구원,73.85,100.0,47.24,100.0,13.61,100,33,20,,1
울산과학기술원,한국해양과학기술원,73.53,100.0,47.24,100.0,11.49,100,15,7,,1
울산과학기술원,셀레스트라; 울산과학기술원,73.48,100.0,47.24,100.0,11.11,100,8,5,,1
울산과학기술원,울산과학기술원;포투원,73.08,100.0,47.24,100.0,8.47,100,9,4,,1
울산과학기술원,한국전력공사; 한국과학기술원,73.06,100.0,47.24,100.0,25.0,75,5,3,,1
울산과학기술원,엘지화학; 울산과학기술원,72.47,100.0,47.24,100.0,21.05,75,9,3,,1
울산과학기술원,현대자동차; 울산과학기술원,72.47,100.0,47.24,100.0,21.05,75,4,3,,1
울산과학기술원,에쓰대시오일; 울산과학기술원,72.31,100.0,47.24,100.0,20.0,75,6,3,,1
울산과학기술원,울산과학기술원; 대한민국(산림청 국립산림과학원장),71.73,100.0,47.24,100.0,16.13,75,5,3,,1
울산과학기술원,울산과학기술원;유니솔루션,71.71,93.6,47.24,100.0,45.45,50,3,2,,1
울산과학기술원,한국과학기술원; 울산과학기술원,71.42,100.0,47.24,100.0,30.77,50,7,2,,1
울산과학기술원,국방과학연구소; 한국과학기술원,71.38,100.0,47.24,100.0,13.79,75,7,3,,1
울산과학기술원,엘지에너지솔루션; 울산과학기술원,71.18,100.0,47.24,100.0,12.5,75,7,3,,1
울산과학기술원,울산과학기술원; 한국수력원자력; 이엔유,71.09,100.0,47.24,100.0,28.57,50,4,2,,1
울산과학기술원,울산과학기술원; 에스케이이노베이션,70.89,100.0,47.24,100.0,10.53,75,4,3,,1
울산과학기술원,엔비에스티; 울산과학기술원,70.56,100.0,47.24,100.0,25.0,50,8,2,,1
울산과학기술원,기초과학연구원; 울산과학기술원,69.75,100.0,47.24,100.0,2.94,75,4,3,,1
울산과학기술원,리센스메디컬; 울산과학기술원,69.62,100.0,47.24,100.0,18.75,50,13,2,,1
울산과학기술원,울산과학기술원;에스엠랩,69.31,100.0,47.24,100.0,33.33,25,6,1,,1
울산과학기술원,울산과학기술원;퓨전바이오텍,68.68,100.0,47.24,100.0,12.5,50,6,2,,1
울산과학기술원,한국과학기술원; 코오롱인더스트리,68.48,100.0,47.24,100.0,11.11,50,4,2,,1
울산과학기술원,제브; 한국원자력연구원,68.39,93.6,47.24,100.0,40.0,25,3,1,,1
울산과학기술원,울산과학기술원; 한국화학연구원;에스에이티; (재)울산테크노파크,68.31,100.0,47.24,100.0,10.0,50,4,2,,1
울산과학기술원,한국과학기술연구원; 재단법인 실감교류인체감응솔루션연구단,68.22,93.6,47.24,100.0,22.22,50,3,2,,1
울산과학기술원,아모레퍼시픽; 울산과학기술원,68.16,93.6,47.24,100.0,38.46,25,3,1,,1
울산과학기술원,에스케이이노베이션; 울산과학기술원,68.11,100.0,47.24,100.0,8.7,50,5,2,,1
울산과학기술원,울산과학기술원;이노플라즈텍,67.52,100.0,47.24,100.0,21.43,25,6,1,,1
울산과학기술원,솔리드뷰; 울산과학기술원,67.39,93.6,47.24,100.0,33.33,25,3,1,,1
울산과학기술원,이엠코어텍,67.39,93.6,47.24,100.0,16.67,50,3,2,,1
울산과학기술원,한국수력원자력; 울산과학기술원,67.31,100.0,47.24,100.0,3.33,50,5,2,,1
울산과학기술원,다이폴라랩; 울산과학기술원,67.2,93.6,47.24,100.0,15.38,50,3,2,,1
울산과학기술원,한국과학기술연구원; 울산과학기술원,66.81,100.0,47.24,100.0,0.0,50,5,2,,1
울산과학기술원,유뱃; 울산과학기술원,66.45,100.0,47.24,100.0,14.29,25,6,1,,1
울산과학기술원,이노플라즈텍; 울산과학기술원,65.72,93.6,47.24,100.0,22.22,25,3,1,,1
울산과학기술원,필더세임; 울산과학기술원,65.56,100.0,47.24,100.0,8.33,25,6,1,,1
울산과학기술원,선도소프트; 한국건설기술연구원,65.39,93.6,47.24,100.0,20.0,25,3,1,,1
울산과학기술원,울산과학기술원; 한국에너지기술연구원,65.02,100.0,47.24,100.0,4.76,25,9,1,,1
울산과학기술원,국방과학연구소; 울산과학기술원,64.89,93.6,47.24,100.0,16.67,25,3,1,,1
울산과학기술원,울산과학기술원; 재단법인 실감교류인체감응솔루션연구단,64.31,100.0,47.24,100.0,0.0,25,7,1,,1
울산과학기술원,이지마이닝; 울산과학기술원,63.97,93.6,47.24,100.0,10.53,25,3,1,,1
울산과학기술원,센서위드유; 울산과학기술원,63.64,93.6,47.24,100.0,8.33,25,3,1,,1
울산과학기술원,울산과학기술원; 한국동서발전;포투원,63.18,93.6,47.24,100.0,5.26,25,3,1,,1
울산과학기술원,엘지전자; 울산과학기술원,62.39,93.6,47.24,100.0,0.0,25,3,1,,1
울산과학기술원,엔사이드; 재단법인대구경북과학기술원,60.53,62.4,47.24,100.0,50.0,25,2,1,,1
울산과학기술원,엘지화학; 재단법인대구경북과학기술원,60.53,62.4,47.24,100.0,50.0,25,2,1,,1
울산과학기술원,울산과학기술원; 한국동서발전,60.53,62.4,47.24,100.0,33.33,50,2,2,,1
울산과학기술원,엘지에너지솔루션; 한국과학기술원,60.22,62.4,47.24,100.0,31.25,50,2,2,,1
울산과학기술원,울산과학기술원;씨씨텍,58.74,62.4,47.24,100.0,21.43,50,2,2,,1
울산과학기술원,대륙신소재; 울산과학기술원,58.03,62.4,47.24,100.0,16.67,50,2,2,,1
울산과학기술원,한국해양과학기술원;써니웨이브텍,57.4,62.4,47.24,100.0,12.5,50,2,2,,1
울산과학기술원,현대자동차; 기아; 광주과학기술원,57.4,62.4,47.24,100.0,12.5,50,2,2,,1
울산과학기술원,울산과학기술원; 국립생태원,57.31,62.4,47.24,100.0,28.57,25,2,1,,1
울산과학기술원,울산과학기술원;유니크닷,56.78,62.4,47.24,100.0,25.0,25,2,1,,1
울산과학기술원,삼성디스플레이; 울산과학기술원,56.6,62.4,47.24,100.0,7.14,50,2,2,,1
울산과학기술원,에이치디한국조선해양; 에이치디현대중공업; 울산과학기술원,56.03,62.4,47.24,100.0,20.0,25,2,1,,1
울산과학기술원,울산과학기술원; 한국해양과학기술원,56.03,62.4,47.24,100.0,20.0,25,2,1,,1
울산과학기술원,한국화학연구원;유니테스트,56.03,62.4,47.24,100.0,20.0,25,2,1,,1
울산과학기술원,한국수자원공사; 울산과학기술원,55.17,62.4,47.24,100.0,14.29,25,2,1,,1
울산과학기술원,아이센스; 울산과학기술원,54.18,62.4,47.24,100.0,7.69,25,2,1,,1
울산과학기술원,울산과학기술원;솔라라이트,53.91,62.4,47.24,100.0,5.88,25,2,1,,1
울산과학기술원,삼성전자; 한국과학기술원,53.67,31.2,47.24,100.0,66.67,25,1,1,,1
울산과학기술원,엘지전자; 한국과학기술원,53.03,62.4,47.24,100.0,0.0,25,2,1,,1
울산과학기술원,오투메디; 울산과학기술원,53.03,62.4,47.24,100.0,0.0,25,2,1,,1
울산과학기술원,테크로스; 한국과학기술연구원,53.03,62.4,47.24,100.0,0.0,25,2,1,,1
울산과학기술원,한국과학기술원; 에스케이이노베이션,53.03,62.4,47.24,100.0,0.0,25,2,1,,1
울산과학기술원,한국생명공학연구원,53.03,62.4,47.24,100.0,0.0,25,2,1,,1
울산과학기술원,한국에너지기술연구원; 재단법인 파동에너지 극한제어 연구단,53.03,62.4,47.24,100.0,0.0,25,2,1,,1
울산과학기술원,한국지질자원연구원,53.03,62.4,47.24,100.0,0.0,25,2,1,,1
울산과학기술원,벨로넥트 인코퍼레이션; 재단법인대구경북과학기술원,51.17,31.2,47.24,100.0,50.0,25,1,1,,1
울산과학기술원,울산과학기술원; 재단법인대구경북과학기술원,49.29,31.2,47.24,100.0,37.5,25,1,1,,1
울산과학기술원,한국과학기술원;케이씨씨,48.17,31.2,47.24,100.0,30.0,25,1,1,,1
울산과학기술원,유한책임회사 엔에이치네트웍스; 광주과학기술원,46.17,31.2,47.24,100.0,16.67,25,1,1,,1
울산과학기술원,한국화학연구원; 울산과학기술원,45.81,31.2,47.24,100.0,14.29,25,1,1,,1
울산과학기술원,울산과학기술원; 한국화학연구원,45.54,31.2,47.24,100.0,12.5,25,1,1,,1
울산과학기술원,한국과학기술원; 뉴욕 유니버시티 인 아부다비 코포레이션,45.54,31.2,47.24,100.0,12.5,25,1,1,,1
울산과학기술원,재단법인대구경북과학기술원; 울산과학기술원,45.43,31.2,47.24,100.0,11.76,25,1,1,,1
울산과학기술원,코렌스이엠; 울산과학기술원,45.34,31.2,47.24,100.0,11.11,25,1,1,,1
울산과학기술원,울산과학기술원;에스에프테크놀로지,45.17,31.2,47.24,100.0,10.0,25,1,1,,1
울산과학기술원,한국과학기술연구원; 아이티컨버젼스,44.74,31.2,47.24,100.0,7.14,25,1,1,,1
울산과학기술원,와이파인텍; 한국화학연구원,44.67,31.2,47.24,100.0,6.67,25,1,1,,1
울산과학기술원,광주과학기술원; 한국과학기술원; 한국화학연구원,43.67,31.2,47.24,100.0,0.0,25,1,1,,1
울산과학기술원,이엠텍; 울산과학기술원,43.67,31.2,47.24,100.0,0.0,25,1,1,,1
울산과학기술원,한국기계연구원; 재단법인 파동에너지 극한제어 연구단,43.67,31.2,47.24,100.0,0.0,25,1,1,,1
울산과학기술원,한국전자통신연구원;테라리더,43.67,31.2,47.24,100.0,0.0,25,1,1,,1
울산과학기술원,현대자동차; 기아; 한국과학기술원,43.67,31.2,47.24,100.0,0.0,25,1,1,,1
울산과학기술원; 경희대학교,한국화학연구원,44.46,31.2,47.24,100.0,5.26,25,1,1,,1
울산과학기술원; 고려대학교,울산과학기술원; 한국동서발전,65.39,93.6,47.24,100.0,20.0,25,3,1,,1
울산과학기술원; 고려대학교,울산과학기술원,63.89,93.6,47.24,100.0,10.0,25,3,1,,1
울산과학기술원; 고려대학교,한국과학기술원,53.97,62.4,47.24,100.0,6.25,25,2,1,,1
울산과학기술원; 고려대학교,광주과학기술원,47.42,31.2,47.24,100.0,25.0,25,1,1,,1
울산과학기술원; 국립부경대학교,한국화학연구원,58.67,31.2,47.24,100.0,100.0,25,1,1,,1
울산과학기술원; 단국대학교 천안캠퍼스,울산과학기술원,64.53,93.6,47.24,100.0,14.29,25,3,1,,1
울산과학기술원; 단국대학교 천안캠퍼스,한국건설기술연구원,43.67,31.2,47.24,100.0,0.0,25,1,1,,1
울산과학기술원; 동의대학교,울산과학기술원,74.69,100.0,47.24,100.0,19.23,100,25,9,,1
울산과학기술원; 동의대학교,한국에너지기술연구원,71.81,100.0,47.24,100.0,33.33,50,4,2,,1
울산과학기술원; 동의대학교,한국과학기술원,69.54,100.0,47.24,100.0,18.18,50,5,2,,1
울산과학기술원; 동의대학교,한국화학연구원,44.38,31.2,47.24,100.0,4.76,25,1,1,,1
울산과학기술원; 동의대학교,한국과학기술연구원,43.67,31.2,47.24,100.0,0.0,25,1,1,,1
울산과학기술원; 부산대학교,한국과학기술연구원,50.1,31.2,47.24,100.0,42.86,25,1,1,,1
울산과학기술원; 부산대학교,한국전자통신연구원,43.67,31.2,47.24,100.0,0.0,25,1,1,,1
울산과학기술원; 서강대학교,한국기계연구원,68.03,62.4,47.24,100.0,100.0,25,2,1,,1
울산과학기술원; 서강대학교,울산과학기술원,58.03,62.4,47.24,100.0,33.33,25,2,1,,1
울산과학기술원; 서울대학교,한국전자통신연구원,65.72,93.6,47.24,100.0,22.22,25,3,1,,1
울산과학기술원; 서울대학교,울산과학기술원,65.46,100.0,47.24,100.0,7.69,25,4,1,,1
울산과학기술원; 서울대학교,한국과학기술원,49.29,31.2,47.24,100.0,37.5,25,1,1,,1
울산과학기술원; 서울대학교,한국과학기술연구원,43.67,31.2,47.24,100.0,0.0,25,1,1,,1
울산과학기술원; 서울시립대학교,한국과학기술원,63.89,93.6,47.24,100.0,10.0,25,3,1,,1
울산과학기술원; 성균관대학교,한국건설기술연구원;아이클롭스,65.85,93.6,47.24,100.0,23.08,25,3,1,,1
울산과학기술원; 숙명여자대학교,울산과학기술원,75.4,100.0,47.24,100.0,23.94,100,19,5,,1
울산과학기술원; 숙명여자대학교,한국전력공사; 울산과학기술원,64.7,93.6,47.24,100.0,15.38,25,3,1,,1
울산과학기술원; 숙명여자대학교,울산과학기술원;지티,57.29,62.4,47.24,100.0,11.76,50,2,2,,1
울산과학기술원; 숙명여자대학교,한국동서발전; 울산과학기술원,53.03,62.4,47.24,100.0,0.0,25,2,1,,1
울산과학기술원; 숙명여자대학교,한국과학기술원,45.81,31.2,47.24,100.0,14.29,25,1,1,,1
울산과학기술원; 숙명여자대학교,한국에너지기술연구원,45.25,31.2,47.24,100.0,10.53,25,1,1,,1
울산과학기술원; 재단법인 멀티스케일 에너지시스템 연구단; 고려대학교,한국화학연구원;유니테스트,55.76,62.4,47.24,100.0,18.18,25,2,1,,1
울산과학기술원; 재단법인 멀티스케일 에너지시스템 연구단; 고려대학교,한국화학연구원,45.17,31.2,47.24,100.0,10.0,25,1,1,,1
울산과학기술원; 주식회사 진글라이더; 서울대학교,진글라이더; 울산과학기술원,54.92,31.2,47.24,100.0,75.0,25,1,1,,1
울산과학기술원; 한양대학교,한국과학기술원,53.03,62.4,47.24,100.0,0.0,25,2,1,,1
울산과학대학교,한국기계연구원,58.67,31.2,47.24,100.0,100.0,25,1,1,,1
울산과학대학교,한국건설기술연구원,45.34,31.2,47.24,100.0,11.11,25,1,1,,1
울산대학교,한국기계연구원,75.07,100.0,47.24,100.0,21.71,100,32,18,,1
울산대학교,한국건설기술연구원,74.95,100.0,47.24,100.0,20.93,100,6,4,,1
울산대학교,한국전기연구원,74.87,100.0,47.24,100.0,20.41,100,21,12,,1
울산대학교,한국해양과학기술원,74.84,100.0,47.24,100.0,20.24,100,35,13,,1
울산대학교,한국표준과학연구원,74.81,100.0,47.24,100.0,20.0,100,15,8,,1
울산대학교,한국원자력연구원,74.49,100.0,47.24,100.0,17.86,100,11,5,,1
울산대학교,한국과학기술원,74.42,100.0,47.24,100.0,17.39,100,58,30,,1
울산대학교,한국과학기술연구원,74.32,100.0,47.24,100.0,16.77,100,38,20,,1
울산대학교,한국전자통신연구원,74.25,100.0,47.24,100.0,16.24,100,34,17,,1
울산대학교,울산과학기술원,74.1,100.0,47.24,100.0,15.29,100,31,16,,1
울산대학교,한국화학연구원,74.03,100.0,47.24,100.0,14.79,100,28,14,,1
울산대학교,광주과학기술원,73.73,100.0,47.24,100.0,12.82,100,6,4,,1
울산대학교,한국해양과학기술원; 프론트 에너지스 엘엘씨,73.63,100.0,47.24,100.0,45.45,50,4,2,,1
울산대학교,재단법인대구경북과학기술원,73.33,100.0,47.24,100.0,10.14,100,13,7,,1
울산대학교,한국생명공학연구원,68.35,93.6,47.24,100.0,23.08,50,3,2,,1
울산대학교,알란텀; 한국기계연구원,67.77,100.0,47.24,100.0,23.08,25,6,1,,1
울산대학교,한국에너지기술연구원,67.39,93.6,47.24,100.0,16.67,50,3,2,,1
울산대학교,스카이시스; 한국전자통신연구원,64.89,93.6,47.24,100.0,16.67,25,3,1,,1
울산대학교,한국전력공사; 한국과학기술원,64.39,93.6,47.24,100.0,13.33,25,3,1,,1
울산대학교,엘지전자; 광주과학기술원,64.06,93.6,47.24,100.0,11.11,25,3,1,,1
울산대학교,국방과학연구소; 한국과학기술원,58.03,62.4,47.24,100.0,33.33,25,2,1,,1
울산대학교,한국식품연구원,57.31,62.4,47.24,100.0,28.57,25,2,1,,1
울산대학교,한국동물대체실험,55.76,62.4,47.24,100.0,18.18,25,2,1,,1
울산대학교,한국화학연구원; 한국과학기술원,55.76,62.4,47.24,100.0,18.18,25,2,1,,1
울산대학교,휴랜,55.76,62.4,47.24,100.0,18.18,25,2,1,,1
울산대학교,비앤에프테크놀로지; 한국과학기술원,55.17,62.4,47.24,100.0,14.29,25,2,1,,1
울산대학교,재단법인대구경북과학기술원; 재단법인 멀티스케일 에너지시스템 연구단,55.17,62.4,47.24,100.0,14.29,25,2,1,,1
울산대학교,광주과학기술원; 한전케이피에스,53.03,62.4,47.24,100.0,0.0,25,2,1,,1
울산대학교,기초과학연구원; 울산과학기술원,53.03,62.4,47.24,100.0,0.0,25,2,1,,1
울산대학교,사회복지법인 삼성생명공익재단; 한국과학기술원,53.03,62.4,47.24,100.0,0.0,25,2,1,,1
울산대학교,울산과학기술원;엔사이트,47.95,31.2,47.24,100.0,28.57,25,1,1,,1
울산대학교,학교법인 일송학원,47.13,31.2,47.24,100.0,23.08,25,1,1,,1
울산대학교,삼성전자; 한국과학기술원,46.17,31.2,47.24,100.0,16.67,25,1,1,,1
울산대학교,한국원자력연구원; 한국수력원자력,45.81,31.2,47.24,100.0,14.29,25,1,1,,1
울산대학교,한국과학기술원; 한국과학기술연구원,45.25,31.2,47.24,100.0,10.53,25,1,1,,1
울산대학교,엘지에너지솔루션; 한국과학기술원,45.17,31.2,47.24,100.0,10.0,25,1,1,,1
울산대학교,피지오닉스; 한국표준과학연구원,44.82,31.2,47.24,100.0,7.69,25,1,1,,1
울산대학교,한국타이어앤테크놀로지;한국네트웍스; 한국과학기술원,44.82,31.2,47.24,100.0,7.69,25,1,1,,1
울산대학교,한국과학기술원;케이씨씨,44.74,31.2,47.24,100.0,7.14,25,1,1,,1
원광대학교,한국생명공학연구원,75.7,100.0,47.24,100.0,25.93,100,5,4,,1
원광대학교,한국식품연구원,74.99,100.0,47.24,100.0,21.18,100,31,9,,1
원광대학교,한국원자력연구원,74.67,100.0,47.24,100.0,35.71,75,6,3,,1
원광대학교,한국과학기술연구원,74.25,100.0,47.24,100.0,16.28,100,6,4,,1
원광대학교,한국과학기술원,73.98,100.0,47.24,100.0,14.46,100,14,8,,1
원광대학교,한국기계연구원,73.81,100.0,47.24,100.0,30.0,75,4,3,,1
원광대학교,울산과학기술원,73.55,100.0,47.24,100.0,11.59,100,11,5,,1
원광대학교,한국전자통신연구원,73.13,100.0,47.24,100.0,8.82,100,7,4,,1
원광대학교,재단법인대구경북과학기술원,69.93,100.0,47.24,100.0,37.5,25,6,1,,1
원광대학교,한국표준과학연구원,68.64,93.6,47.24,100.0,25.0,50,3,2,,1
원광대학교,한국건설기술연구원,66.14,93.6,47.24,100.0,25.0,25,3,1,,1
원광대학교,대한민국(질병관리청장); 한국생명공학연구원,64.06,93.6,47.24,100.0,11.11,25,3,1,,1
원광대학교,한국화학연구원,64.06,93.6,47.24,100.0,11.11,25,3,1,,1
원광대학교,한국과학기술연구원;강원랜드,58.67,31.2,47.24,100.0,100.0,25,1,1,,1
원광대학교,광주과학기술원,56.41,62.4,47.24,100.0,5.88,50,2,2,,1
원광대학교,한국과학기술연구원; 한약진흥재단,55.17,62.4,47.24,100.0,14.29,25,2,1,,1
원광대학교,한국식품연구원;케이팜스,55.03,62.4,47.24,100.0,13.33,25,2,1,,1
원광대학교,한국식품연구원; 한국과학기술정보연구원,46.4,31.2,47.24,100.0,18.18,25,1,1,,1
원광대학교,기아; 한국과학기술원,46.17,31.2,47.24,100.0,16.67,25,1,1,,1
원광대학교,한국생명공학연구원; 대한민국(산림청 국립산림과학원장),46.17,31.2,47.24,100.0,16.67,25,1,1,,1
원광대학교,학교법인혜화학원,45.17,31.2,47.24,100.0,10.0,25,1,1,,1
원광대학교,한국에너지기술연구원;가솔릭,45.03,31.2,47.24,100.0,9.09,25,1,1,,1
원광대학교,국립암센터; 한국화학연구원,43.67,31.2,47.24,100.0,0.0,25,1,1,,1
원광대학교,유이케미칼; 한국화학연구원,43.67,31.2,47.24,100.0,0.0,25,1,1,,1
원텍 주식회사,재단법인대구경북과학기술원,46.17,31.2,47.24,100.0,16.67,25,1,1,,1
웰빙소프트 주식회사; 대전대학교,울산과학기술원,55.53,62.4,47.24,100.0,16.67,25,2,1,,1
위덕대학교,한국과학기술연구원,66.14,93.6,47.24,100.0,25.0,25,3,1,,1
유정준; 중부대학교,울산과학기술원,45.81,31.2,47.24,100.0,14.29,25,1,1,,1
유한대학교,한국과학기술연구원,66.89,93.6,47.24,100.0,30.0,25,3,1,,1
유한대학교,한국식품연구원,46.4,31.2,47.24,100.0,18.18,25,1,1,,1
유한회사 이잰; 호서대학교,한국기계연구원,53.03,62.4,47.24,100.0,0.0,25,2,1,,1
유호산업개발(주); 주식회사 건화; 연세대학교,한국건설기술연구원,43.67,31.2,47.24,100.0,0.0,25,1,1,,1
을지대학교,한국식품연구원,71.81,100.0,47.24,100.0,16.67,75,9,3,,1
을지대학교,울산과학기술원,68.01,93.6,47.24,100.0,37.5,25,3,1,,1
을지대학교,재단법인대구경북과학기술원,57.64,62.4,47.24,100.0,30.77,25,2,1,,1
을지대학교,한국과학기술연구원,50.1,31.2,47.24,100.0,42.86,25,1,1,,1
을지대학교,한국생명공학연구원,45.54,31.2,47.24,100.0,12.5,25,1,1,,1
을지대학교,한국기계연구원,45.17,31.2,47.24,100.0,10.0,25,1,1,,1
이노디지털 주식회사; 한신대학교,한국건설기술연구원,45.81,31.2,47.24,100.0,14.29,25,1,1,,1
이노디지털 주식회사; 한신대학교,한국전자통신연구원,45.34,31.2,47.24,100.0,11.11,25,1,1,,1
이뮤노바이오텍 주식회사,한국 한의학 연구원; 한국식품연구원,47.13,31.2,47.24,100.0,23.08,25,1,1,,1
이상섭; 해양환경공단; 경기대학교,한국해양과학기술원,53.55,62.4,47.24,100.0,3.45,25,2,1,,1
이상호; 국립금오공과대학교,한국과학기술연구원,46.17,31.2,47.24,100.0,16.67,25,1,1,,1
이엠아이테크 (주); 국립한국해양대학교,한국전자통신연구원,65.72,93.6,47.24,100.0,22.22,25,3,1,,1
이엠코어텍 주식회사,이엠코어텍; 울산과학기술원,65.31,100.0,47.24,100.0,6.67,25,7,1,,1
이엠코어텍 주식회사,이엠코어텍,54.1,62.4,47.24,100.0,7.14,25,2,1,,1
이윤,한국과학기술원,54.46,62.4,47.24,100.0,9.52,25,2,1,,1
이재수; 경동대학교,한국식품연구원,48.67,31.2,47.24,100.0,33.33,25,1,1,,1
이화여자대학교,한국원자력연구원,77.68,100.0,47.24,100.0,39.13,100,11,4,,1
이화여자대학교,한국생명공학연구원,74.9,100.0,47.24,100.0,20.63,100,15,7,,1
이화여자대학교,울산과학기술원,74.87,100.0,47.24,100.0,20.43,100,41,22,,1
이화여자대학교,한국기계연구원,74.85,100.0,47.24,100.0,20.25,100,14,10,,1
이화여자대학교,한국식품연구원,74.64,100.0,47.24,100.0,18.87,100,17,10,,1
이화여자대학교,한국과학기술원,74.57,100.0,47.24,100.0,18.43,100,80,43,,1
이화여자대학교,재단법인대구경북과학기술원,74.46,100.0,47.24,100.0,17.65,100,17,8,,1
이화여자대학교,한국과학기술연구원,74.42,100.0,47.24,100.0,17.41,100,62,30,,1
이화여자대학교,한국건설기술연구원,74.26,100.0,47.24,100.0,16.33,100,17,6,,1
이화여자대학교,한국해양과학기술원,74.26,100.0,47.24,100.0,16.33,100,19,9,,1
이화여자대학교,한국화학연구원,74.1,100.0,47.24,100.0,15.29,100,20,9,,1
이화여자대학교,한국에너지기술연구원,73.93,100.0,47.24,100.0,14.16,100,34,12,,1
이화여자대학교,한국전자통신연구원,73.89,100.0,47.24,100.0,13.87,100,53,26,,1
이화여자대학교,광주과학기술원,73.77,100.0,47.24,100.0,13.1,100,15,9,,1
이화여자대학교,한국지질자원연구원,73.52,100.0,47.24,100.0,11.43,100,6,4,,1
이화여자대학교,엘지화학; 울산과학기술원,70.56,100.0,47.24,100.0,25.0,50,4,2,,1
이화여자대학교,한국에너지기술연구원; 재단법인 파동에너지 극한제어 연구단,69.06,100.0,47.24,100.0,15.0,50,4,2,,1
이화여자대학교,멤레이; 한국과학기술원,68.39,93.6,47.24,100.0,40.0,25,3,1,,1
이화여자대학교,한국표준과학연구원,67.52,100.0,47.24,100.0,4.76,50,8,2,,1
이화여자대학교,삼성전자; 울산과학기술원,66.62,100.0,47.24,100.0,15.38,25,6,1,,1
이화여자대학교,유캐스트,66.14,93.6,47.24,100.0,25.0,25,3,1,,1
이화여자대학교,삼성전자; 한국과학기술원,65.72,93.6,47.24,100.0,22.22,25,3,1,,1
이화여자대학교,재단법인대구경북과학기술원;캠시스,64.06,93.6,47.24,100.0,11.11,25,3,1,,1
이화여자대학교,한국과학기술연구원; 한국과학기술원,63.89,93.6,47.24,100.0,10.0,25,3,1,,1
이화여자대학교,울산과학기술원; 한국전자통신연구원,58.03,62.4,47.24,100.0,33.33,25,2,1,,1
이화여자대학교,국방과학연구소; 한국과학기술원,55.34,62.4,47.24,100.0,15.38,25,2,1,,1
이화여자대학교,한국전기연구원,55.17,62.4,47.24,100.0,14.29,25,2,1,,1
이화여자대학교,한국전력공사; 한국과학기술원,54.53,62.4,47.24,100.0,10.0,25,2,1,,1
이화여자대학교,한국과학기술원; 재단법인 하이브리드 인터페이스기반 미래소재 연구단,53.03,62.4,47.24,100.0,0.0,25,2,1,,1
이화여자대학교,재단법인대구경북과학기술원; 재단법인 멀티스케일 에너지시스템 연구단,48.28,31.2,47.24,100.0,30.77,25,1,1,,1
이화여자대학교,중앙백신연구소; 한국생명공학연구원,46.67,31.2,47.24,100.0,20.0,25,1,1,,1
이화여자대학교,현대자동차; 기아; 한국과학기술원,46.17,31.2,47.24,100.0,16.67,25,1,1,,1
이화여자대학교,학교법인 신흥학원,45.1,31.2,47.24,100.0,9.52,25,1,1,,1
이화여자대학교,울산과학기술원; 국방과학연구소,45.03,31.2,47.24,100.0,9.09,25,1,1,,1
이화여자대학교,한국화학연구원; 재단법인 대구경북첨단의료산업진흥재단,45.03,31.2,47.24,100.0,9.09,25,1,1,,1
이화여자대학교,울산과학기술원; 재단법인대구경북과학기술원,44.46,31.2,47.24,100.0,5.26,25,1,1,,1
이화여자대학교,사회복지법인 삼성생명공익재단; 한국과학기술연구원,43.67,31.2,47.24,100.0,0.0,25,1,1,,1
인덕대학교,한국과학기술원,73.31,100.0,47.24,100.0,60.0,25,5,1,,1
인덕대학교,한국건설기술연구원,63.89,93.6,47.24,100.0,10.0,25,3,1,,1
인덕대학교,한국전자통신연구원,62.39,93.6,47.24,100.0,0.0,25,3,1,,1
인덕대학교,한국과학기술연구원,58.69,62.4,47.24,100.0,21.05,50,2,2,,1
인덕대학교,한국에너지기술연구원,43.67,31.2,47.24,100.0,0.0,25,1,1,,1
인바이츠바이오코아 주식회사; 건국대학교,한국생명공학연구원,48.67,31.2,47.24,100.0,33.33,25,1,1,,1
인제대학교,울산과학기술원,74.96,100.0,47.24,100.0,20.99,100,19,9,,1
인제대학교,광주과학기술원,74.91,100.0,47.24,100.0,20.69,100,8,4,,1
인제대학교,재단법인대구경북과학기술원,74.4,100.0,47.24,100.0,17.28,100,17,8,,1
인제대학교,한국식품연구원,74.19,100.0,47.24,100.0,15.87,100,16,9,,1
인제대학교,한국과학기술원,74.17,100.0,47.24,100.0,15.73,100,22,11,,1
인제대학교,한국과학기술연구원,73.93,100.0,47.24,100.0,14.15,100,17,11,,1
인제대학교,한국표준과학연구원,73.9,100.0,47.24,100.0,13.95,100,11,4,,1
인제대학교,한국전자통신연구원,73.81,100.0,47.24,100.0,13.33,100,24,10,,1
인제대학교,한국전기연구원,73.59,100.0,47.24,100.0,11.86,100,10,5,,1
인제대학교,한국기계연구원,73.25,100.0,47.24,100.0,9.62,100,13,6,,1
인제대학교,한국생명공학연구원,70.39,93.6,47.24,100.0,20.0,75,3,3,,1
인제대학교,한국해양과학기술원,70.28,100.0,47.24,100.0,6.45,75,6,3,,1
인제대학교,한국건설기술연구원,70.17,100.0,47.24,100.0,5.71,75,4,3,,1
인제대학교,한국화학연구원,68.17,100.0,47.24,100.0,9.09,50,6,2,,1
인제대학교,한국에너지기술연구원,68.01,93.6,47.24,100.0,4.17,75,3,3,,1
인제대학교,한국원자력연구원,64.31,100.0,47.24,100.0,0.0,25,6,1,,1
인제대학교,한국과학기술원; 대한민국(국립재활원장),60.53,62.4,47.24,100.0,50.0,25,2,1,,1
인제대학교,에스투더블유; 한국과학기술원,57.72,62.4,47.24,100.0,31.25,25,2,1,,1
인제대학교,셀트리온; 한국과학기술원,54.53,62.4,47.24,100.0,10.0,25,2,1,,1
인제대학교,한국식품연구원;에스앤디,54.1,62.4,47.24,100.0,7.14,25,2,1,,1
인제대학교,재단법인대구경북과학기술원; 대한민국(관리부서: 행정안전부 국립과학수사연구원장),49.67,31.2,47.24,100.0,40.0,25,1,1,,1
인제대학교,한국과학기술연구원; 베트남-코리아 인스티튜트 오브 사이언스 앤드 테크놀로지,49.29,31.2,47.24,100.0,37.5,25,1,1,,1
인제대학교,삼성전자; 한국과학기술원,48.67,31.2,47.24,100.0,33.33,25,1,1,,1
인제대학교,한국건설기술연구원;우노,48.67,31.2,47.24,100.0,33.33,25,1,1,,1
인제대학교,한국과학기술원; 아이빔테크놀로지,48.67,31.2,47.24,100.0,33.33,25,1,1,,1
인제대학교,한국기계연구원; 한국생명공학연구원,46.67,31.2,47.24,100.0,20.0,25,1,1,,1
인제대학교,한국생명공학연구원; 한국기계연구원,46.17,31.2,47.24,100.0,16.67,25,1,1,,1
인제대학교,한국화학연구원; 한국생명공학연구원,46.17,31.2,47.24,100.0,16.67,25,1,1,,1
인제대학교,한국과학기술연구원;강원랜드,45.81,31.2,47.24,100.0,14.29,25,1,1,,1
인제대학교,나무가; 한국과학기술원,43.67,31.2,47.24,100.0,0.0,25,1,1,,1
인제대학교,울산과학기술원;이노플라즈텍,43.67,31.2,47.24,100.0,0.0,25,1,1,,1
인제대학교,이노플라즈텍; 울산과학기술원,43.67,31.2,47.24,100.0,0.0,25,1,1,,1
인천광역시; 인하대학교,한국건설기술연구원;비츠로테크,45.67,31.2,47.24,100.0,13.33,25,1,1,,1
인천대학교,한국전기연구원,77.14,100.0,47.24,100.0,35.56,100,8,5,,1
인천대학교,한국건설기술연구원,74.85,100.0,47.24,100.0,20.27,100,17,7,,1
인천대학교,한국전자통신연구원,74.42,100.0,47.24,100.0,17.39,100,22,11,,1
인천대학교,한국과학기술원,74.26,100.0,47.24,100.0,16.36,100,24,15,,1
인천대학교,한국원자력연구원,73.95,100.0,47.24,100.0,14.29,100,10,4,,1
인천대학교,한국과학기술연구원,73.93,100.0,47.24,100.0,14.13,100,23,14,,1
인천대학교,한국화학연구원,73.88,100.0,47.24,100.0,13.83,100,11,8,,1
인천대학교,한국에너지기술연구원,73.73,100.0,47.24,100.0,12.82,100,6,4,,1
인천대학교,한국해양과학기술원,73.59,100.0,47.24,100.0,11.86,100,12,7,,1
인천대학교,울산과학기술원,73.55,100.0,47.24,100.0,11.63,100,11,6,,1
인천대학교,재단법인대구경북과학기술원,73.28,100.0,47.24,100.0,9.8,100,5,5,,1
인천대학교,한국식품연구원,70.67,100.0,47.24,100.0,9.09,75,5,3,,1
인천대학교,한국기계연구원,66.81,100.0,47.24,100.0,0.0,50,4,2,,1
인천대학교,기초과학연구원; 울산과학기술원,65.49,93.6,47.24,100.0,4.0,50,3,2,,1
인천대학교,광주과학기술원,58.03,62.4,47.24,100.0,16.67,50,2,2,,1
인천대학교,한국에너지기술연구원; 한국과학기술연구원,58.03,62.4,47.24,100.0,33.33,25,2,1,,1
인천대학교,울산과학기술원;지엔오션;지엔테크놀로지스,57.31,62.4,47.24,100.0,28.57,25,2,1,,1
인천대학교,한국건설기술연구원;하이진바이오컴퍼니,54.28,62.4,47.24,100.0,8.33,25,2,1,,1
인천대학교,한국전기연구원; 한전케이피에스; 한국전기공사협회,47.0,31.2,47.24,100.0,22.22,25,1,1,,1
인천대학교,한국생명공학연구원,46.67,31.2,47.24,100.0,20.0,25,1,1,,1
인천대학교,제브; 한국원자력연구원,46.17,31.2,47.24,100.0,16.67,25,1,1,,1
인천대학교,한국과학기술원; 한국기계연구원,44.46,31.2,47.24,100.0,5.26,25,1,1,,1
인천대학교,한국에너지기술연구원; 재단법인 파동에너지 극한제어 연구단; 한국과학기술원,43.67,31.2,47.24,100.0,0.0,25,1,1,,1
인하공업전문대학,한국과학기술연구원,64.81,100.0,47.24,100.0,3.33,25,4,1,,1
인하공업전문대학,한국건설기술연구원,63.39,93.6,47.24,100.0,6.67,25,3,1,,1
인하공업전문대학,한국에너지기술연구원,53.03,62.4,47.24,100.0,0.0,25,2,1,,1
인하공업전문대학,한국표준과학연구원,43.67,31.2,47.24,100.0,0.0,25,1,1,,1
인하대학교,한국과학기술연구원,75.26,100.0,47.24,100.0,22.98,100,101,52,,1
인하대학교,한국기계연구원,75.18,100.0,47.24,100.0,22.44,100,48,27,,1
인하대학교,한국전자통신연구원,75.15,100.0,47.24,100.0,22.3,100,143,71,,1
인하대학교,한국화학연구원,75.15,100.0,47.24,100.0,22.27,100,77,36,,1
인하대학교,한국에너지기술연구원,75.13,100.0,47.24,100.0,22.17,100,67,30,,1
인하대학교,한국해양과학기술원,74.97,100.0,47.24,100.0,21.05,100,57,27,,1
인하대학교,한국과학기술원,74.82,100.0,47.24,100.0,20.07,100,180,97,,1
인하대학교,한국건설기술연구원,74.69,100.0,47.24,100.0,19.2,100,43,26,,1
인하대학교,울산과학기술원,74.68,100.0,47.24,100.0,19.13,100,18,14,,1
인하대학교,재단법인대구경북과학기술원,74.59,100.0,47.24,100.0,18.53,100,57,27,,1
인하대학교,한국생명공학연구원,74.38,100.0,47.24,100.0,17.14,100,9,6,,1
인하대학교,한국원자력연구원,74.33,100.0,47.24,100.0,16.81,100,29,11,,1
인하대학교,광주과학기술원,74.3,100.0,47.24,100.0,16.59,100,52,27,,1
인하대학교,한국지질자원연구원,73.6,100.0,47.24,100.0,11.94,100,13,6,,1
인하대학교,에스케이하이닉스; 한국과학기술원,73.59,100.0,47.24,100.0,28.57,75,4,3,,1
인하대학교,한국표준과학연구원,73.59,100.0,47.24,100.0,11.9,100,18,8,,1
인하대학교,한국전기연구원,73.57,100.0,47.24,100.0,11.76,100,24,15,,1
인하대학교,한국전자통신연구원; 한국과학기술원,70.34,93.6,47.24,100.0,36.36,50,3,2,,1
인하대학교,울산과학기술원; 광주과학기술원,69.31,100.0,47.24,100.0,33.33,25,4,1,,1
인하대학교,한국에너지기술연구원; 재단법인 지능형 바이오 시스템 설계 및 합성 연구단,69.31,100.0,47.24,100.0,16.67,50,4,2,,1
인하대학교,한국전력공사; 한국과학기술원,69.31,100.0,47.24,100.0,16.67,50,4,2,,1
인하대학교,한국화학연구원;제오빌더,68.95,100.0,47.24,100.0,14.29,50,4,2,,1
인하대학교,현대자동차; 기아; 한국과학기술원,66.89,93.6,47.24,100.0,13.33,50,3,2,,1
인하대학교,한화솔루션; 한국과학기술원,64.7,93.6,47.24,100.0,15.38,25,3,1,,1
인하대학교,스카이시스; 한국전자통신연구원,64.19,93.6,47.24,100.0,12.0,25,3,1,,1
인하대학교,한국화학연구원;영창에코,62.39,93.6,47.24,100.0,0.0,25,3,1,,1
인하대학교,삼성전자; 한국과학기술원,59.06,62.4,47.24,100.0,23.53,50,2,2,,1
인하대학교,한국식품연구원,58.14,62.4,47.24,100.0,17.39,50,2,2,,1
인하대학교,와이파인텍; 한국화학연구원,55.17,62.4,47.24,100.0,14.29,25,2,1,,1
인하대학교,오투오에이아이,54.9,62.4,47.24,100.0,12.5,25,2,1,,1
인하대학교,제노테크; 광주과학기술원; 박진영,54.9,62.4,47.24,100.0,12.5,25,2,1,,1
인하대학교,울산과학기술원; 한국과학기술연구원,54.53,62.4,47.24,100.0,10.0,25,2,1,,1
인하대학교,재단법인대구경북과학기술원; 재단법인 멀티스케일 에너지시스템 연구단,54.53,62.4,47.24,100.0,10.0,25,2,1,,1
인하대학교,토모큐브; 한국과학기술원,54.53,62.4,47.24,100.0,10.0,25,2,1,,1
인하대학교,삼성중공업; 한국과학기술원,54.39,62.4,47.24,100.0,9.09,25,2,1,,1
인하대학교,한국에너지기술연구원; 한국전자통신연구원,54.1,62.4,47.24,100.0,7.14,25,2,1,,1
인하대학교,창성; 한국과학기술연구원,53.91,62.4,47.24,100.0,5.88,25,2,1,,1
인하대학교,국방과학연구소; 한국과학기술원,53.03,62.4,47.24,100.0,0.0,25,2,1,,1
인하대학교,아모레퍼시픽; 울산과학기술원,53.03,62.4,47.24,100.0,0.0,25,2,1,,1
인하대학교,한국과학기술원;에스지알테크,53.03,62.4,47.24,100.0,0.0,25,2,1,,1
인하대학교,한국과학기술원; 코오롱인더스트리,52.67,31.2,47.24,100.0,60.0,25,1,1,,1
인하대학교,국방과학연구소; 한국해양과학기술원,48.67,31.2,47.24,100.0,33.33,25,1,1,,1
인하대학교,한국과학기술원; 한국전자통신연구원,48.67,31.2,47.24,100.0,33.33,25,1,1,,1
인하대학교,한국과학기술원; 한국재료연구원,47.13,31.2,47.24,100.0,23.08,25,1,1,,1
인하대학교,한국과학기술원; 대한민국(국립재활원장),47.0,31.2,47.24,100.0,22.22,25,1,1,,1
인하대학교,한국과학기술원;네오피스; 한국남동발전,46.67,31.2,47.24,100.0,20.0,25,1,1,,1
인하대학교,플라시클,46.4,31.2,47.24,100.0,18.18,25,1,1,,1
인하대학교,기초과학연구원; 한국과학기술원,46.17,31.2,47.24,100.0,16.67,25,1,1,,1
인하대학교,한국과학기술원; 재단법인 바이오나노헬스가드연구단,46.17,31.2,47.24,100.0,16.67,25,1,1,,1
인하대학교,유한책임회사 엔에이치네트웍스; 광주과학기술원,45.54,31.2,47.24,100.0,12.5,25,1,1,,1
인하대학교,한국과학기술연구원; 일진건설,45.54,31.2,47.24,100.0,12.5,25,1,1,,1
인하대학교,한국표준과학연구원; ㈜넥센서,45.54,31.2,47.24,100.0,12.5,25,1,1,,1
인하대학교,한국과학기술연구원; 한국기초과학지원연구원,44.92,31.2,47.24,100.0,8.33,25,1,1,,1
인하대학교,한국생명공학연구원;마이크로바이옴,44.74,31.2,47.24,100.0,7.14,25,1,1,,1
인하대학교,학교법인 일송학원,44.61,31.2,47.24,100.0,6.25,25,1,1,,1
인하대학교,울산과학기술원;인이지,43.67,31.2,47.24,100.0,0.0,25,1,1,,1
인하대학교,한국건설기술연구원;엔에스브이,43.67,31.2,47.24,100.0,0.0,25,1,1,,1
인하대학교,한국과학기술원; 사우디 아라비안 오일 컴퍼니,43.67,31.2,47.24,100.0,0.0,25,1,1,,1
인하대학교,한국과학기술원;풍산,43.67,31.2,47.24,100.0,0.0,25,1,1,,1
일양약품주식회사; 숙명여자대학교,재단법인대구경북과학기술원,47.42,31.2,47.24,100.0,25.0,25,1,1,,1
일진에프앤피 주식회사,한국식품연구원; 일진에프앤피,67.31,100.0,47.24,100.0,20.0,25,4,1,,1
일진전기 주식회사; 서울대학교,한국기계연구원,56.03,62.4,47.24,100.0,20.0,25,2,1,,1
장암칼스 주식회사; 인하대학교,한국기계연구원,65.39,93.6,47.24,100.0,20.0,25,3,1,,1
재능대학교,한국식품연구원,55.53,62.4,47.24,100.0,16.67,25,2,1,,1
재단법인 경북바이오산업연구원; 국립경국대학교,한국식품연구원,54.18,62.4,47.24,100.0,7.69,25,2,1,,1
재단법인 나노기반소프트일렉트로닉스연구단; 건국대학교,울산과학기술원,45.81,31.2,47.24,100.0,14.29,25,1,1,,1
재단법인 나노기반소프트일렉트로닉스연구단; 포항공과대학교,한국기계연구원; 재단법인 파동에너지 극한제어 연구단,66.67,93.6,47.24,100.0,28.57,25,3,1,,1
재단법인 나노기반소프트일렉트로닉스연구단; 포항공과대학교,한국화학연구원,45.54,31.2,47.24,100.0,12.5,25,1,1,,1
재단법인 나노기반소프트일렉트로닉스연구단; 포항공과대학교,이엠텍; 울산과학기술원,44.74,31.2,47.24,100.0,7.14,25,1,1,,1
재단법인 나노기반소프트일렉트로닉스연구단; 포항공과대학교,울산과학기술원,43.67,31.2,47.24,100.0,0.0,25,1,1,,1
재단법인 나노기반소프트일렉트로닉스연구단; 포항공과대학교,한국과학기술연구원,43.67,31.2,47.24,100.0,0.0,25,1,1,,1
재단법인 나노기반소프트일렉트로닉스연구단; 포항공과대학교,한국기계연구원,43.67,31.2,47.24,100.0,0.0,25,1,1,,1
재단법인 다차원 스마트 아이티 융합시스템 연구단; 연세대학교,광주과학기술원,72.49,100.0,47.24,100.0,54.55,25,6,1,,1
재단법인 다차원 스마트 아이티 융합시스템 연구단; 연세대학교,국방과학연구소; 울산과학기술원,65.39,93.6,47.24,100.0,20.0,25,3,1,,1
재단법인 다차원 스마트 아이티 융합시스템 연구단; 한동대학교,한국과학기술연구원,46.67,31.2,47.24,100.0,20.0,25,1,1,,1
재단법인 다차원 스마트 아이티 융합시스템 연구단; 한동대학교,한국전자통신연구원,43.67,31.2,47.24,100.0,0.0,25,1,1,,1
재단법인 멀티스케일 에너지시스템 연구단; 서울대학교,한국과학기술원,73.17,100.0,47.24,100.0,9.09,100,6,4,,1
재단법인 멀티스케일 에너지시스템 연구단; 서울대학교,한국화학연구원,71.99,100.0,47.24,100.0,17.86,75,7,3,,1
재단법인 멀티스케일 에너지시스템 연구단; 서울대학교,울산과학기술원,70.46,100.0,47.24,100.0,7.69,75,6,3,,1
재단법인 멀티스케일 에너지시스템 연구단; 서울대학교,재단법인 멀티스케일 에너지시스템 연구단; 한국화학연구원; 한국과학기술원,63.75,93.6,47.24,100.0,9.09,25,3,1,,1
재단법인 멀티스케일 에너지시스템 연구단; 서울대학교,한국과학기술연구원,58.65,62.4,47.24,100.0,37.5,25,2,1,,1
재단법인 멀티스케일 에너지시스템 연구단; 서울대학교,재단법인대구경북과학기술원,57.84,62.4,47.24,100.0,15.38,50,2,2,,1
재단법인 멀티스케일 에너지시스템 연구단; 서울대학교,광주과학기술원,56.36,62.4,47.24,100.0,22.22,25,2,1,,1
재단법인 멀티스케일 에너지시스템 연구단; 서울대학교,울산과학기술원; 유니버시티 오브 피츠버그 - 오브 더 커먼웰쓰 시스템 오브 하이어 에듀케이션,53.97,62.4,47.24,100.0,6.25,25,2,1,,1
재단법인 멀티스케일 에너지시스템 연구단; 서울대학교,울산과학기술원; 재단법인 멀티스케일 에너지시스템 연구단,43.67,31.2,47.24,100.0,0.0,25,1,1,,1
재단법인 멀티스케일 에너지시스템 연구단; 서울대학교,한국기계연구원,43.67,31.2,47.24,100.0,0.0,25,1,1,,1
재단법인 멀티스케일 에너지시스템 연구단; 성균관대학교,한국과학기술원,64.53,93.6,47.24,100.0,14.29,25,3,1,,1
재단법인 실감교류인체감응솔루션연구단; 한국과학기술연구원; 가톨릭대학교,한국과학기술연구원; 재단법인 실감교류인체감응솔루션연구단,43.67,31.2,47.24,100.0,0.0,25,1,1,,1
재단법인 실감교류인체감응솔루션연구단; 한양대학교,한국과학기술연구원,45.43,31.2,47.24,100.0,11.76,25,1,1,,1
재단법인 아산사회복지재단,재단법인대구경북과학기술원,56.03,62.4,47.24,100.0,20.0,25,2,1,,1
재단법인 아산사회복지재단; 울산대학교,재단법인대구경북과학기술원,74.81,100.0,47.24,100.0,36.67,75,9,3,,1
재단법인 아산사회복지재단; 울산대학교,한국과학기술원,69.58,93.6,47.24,100.0,31.25,50,3,2,,1
재단법인 아산사회복지재단; 울산대학교,울산과학기술원,68.92,100.0,47.24,100.0,30.77,25,4,1,,1
재단법인 아산사회복지재단; 울산대학교,한국전자통신연구원;제이브이엠,64.7,93.6,47.24,100.0,15.38,25,3,1,,1
재단법인 아산사회복지재단; 울산대학교,로엔서지컬; 한국과학기술원,60.53,62.4,47.24,100.0,50.0,25,2,1,,1
재단법인 아산사회복지재단; 울산대학교,한국식품연구원,56.44,62.4,47.24,100.0,22.73,25,2,1,,1
재단법인 아산사회복지재단; 울산대학교,한국화학연구원,53.03,62.4,47.24,100.0,0.0,25,2,1,,1
재단법인 아산사회복지재단; 울산대학교,한국전기연구원,46.67,31.2,47.24,100.0,20.0,25,1,1,,1
재단법인 아산사회복지재단; 울산대학교,광주과학기술원,45.34,31.2,47.24,100.0,11.11,25,1,1,,1
재단법인 아산사회복지재단; 울산대학교,한국기계연구원,43.67,31.2,47.24,100.0,0.0,25,1,1,,1
재단법인 아산사회복지재단; 울산대학교,한국전자통신연구원,43.67,31.2,47.24,100.0,0.0,25,1,1,,1
재단법인 아산사회복지재단; 차의과학대학교,한국과학기술연구원,67.39,93.6,47.24,100.0,33.33,25,3,1,,1
재단법인 유타 인하 디디에스 및 신의료기술개발 공동연구소,한국해양과학기술원,65.39,93.6,47.24,100.0,20.0,25,3,1,,1
재단법인 의약바이오컨버젼스연구단,한국과학기술원,61.6,62.4,47.24,100.0,57.14,25,2,1,,1
재단법인 의약바이오컨버젼스연구단,한국화학연구원,45.54,31.2,47.24,100.0,12.5,25,1,1,,1
재단법인 의약바이오컨버젼스연구단; 고려대학교,한국과학기술연구원,70.08,100.0,47.24,100.0,38.46,25,4,1,,1
재단법인 의약바이오컨버젼스연구단; 연세대학교,한국과학기술원,47.0,31.2,47.24,100.0,22.22,25,1,1,,1
재단법인 의약바이오컨버젼스연구단; 연세대학교,한국과학기술연구원; 재단법인 의약바이오컨버젼스연구단,44.7,31.2,47.24,100.0,6.9,25,1,1,,1
재단법인 전남바이오진흥원; 전남대학교,한국생명공학연구원,51.17,31.2,47.24,100.0,50.0,25,1,1,,1
재단법인 전통천연물기반 유전자동의보감 사업단,한국과학기술원,70.39,93.6,47.24,100.0,20.0,75,3,3,,1
재단법인 전통천연물기반 유전자동의보감 사업단,재단법인 전통천연물기반 유전자동의보감 사업단; 한국과학기술원,59.28,62.4,47.24,100.0,25.0,50,2,2,,1
재단법인 제주테크노파크; 부산가톨릭대학교,한국식품연구원,47.67,31.2,47.24,100.0,26.67,25,1,1,,1
재단법인 파동에너지 극한제어 연구단,한국과학기술원,64.7,93.6,47.24,100.0,15.38,25,3,1,,1
재단법인 파동에너지 극한제어 연구단,한국과학기술연구원,48.67,31.2,47.24,100.0,33.33,25,1,1,,1
재단법인 파동에너지 극한제어 연구단,재단법인 파동에너지 극한제어 연구단; 한국기계연구원,47.0,31.2,47.24,100.0,22.22,25,1,1,,1
재단법인 파동에너지 극한제어 연구단; 부산대학교,한국과학기술원,46.17,31.2,47.24,100.0,16.67,25,1,1,,1
재단법인 파동에너지 극한제어 연구단; 한국기계연구원; 한국표준과학연구원; 세종대학교,울산과학기술원,63.54,93.6,47.24,100.0,7.69,25,3,1,,1
재단법인 파동에너지 극한제어 연구단; 한국기계연구원; 한국표준과학연구원; 세종대학교,울산과학기술원; 재단법인대구경북과학기술원,43.67,31.2,47.24,100.0,0.0,25,1,1,,1
재단법인 포항산업과학연구원,한국화학연구원,65.81,100.0,47.24,100.0,10.0,25,5,1,,1
재단법인 포항산업과학연구원,한국해양과학기술원,60.53,62.4,47.24,100.0,50.0,25,2,1,,1
재단법인 포항산업과학연구원,한화솔루션; 한국과학기술원,46.48,31.2,47.24,100.0,18.75,25,1,1,,1
재단법인 포항산업과학연구원,한국에너지기술연구원,46.17,31.2,47.24,100.0,16.67,25,1,1,,1
재단법인 포항산업과학연구원; 계명대학교,한국과학기술연구원,72.04,100.0,47.24,100.0,18.18,75,5,3,,1
재단법인 포항산업과학연구원; 영남대학교,한국에너지기술연구원,56.36,62.4,47.24,100.0,22.22,25,2,1,,1
재단법인 포항산업과학연구원; 포항공과대학교,한국과학기술연구원,67.39,93.6,47.24,100.0,33.33,25,3,1,,1
재단법인 포항테크노파크; 한동대학교,한국식품연구원,45.81,31.2,47.24,100.0,14.29,25,1,1,,1
재단법인 하동차앤바이오진흥원; 연세대학교,한국식품연구원,57.12,62.4,47.24,100.0,27.27,25,2,1,,1
재단법인 하이브리드 인터페이스기반 미래소재 연구단; 부산대학교,한국화학연구원,43.67,31.2,47.24,100.0,0.0,25,1,1,,1
재단법인 한국기계전기전자시험연구원; (주)디바인테크; 가천대학교,한국건설기술연구원,64.93,100.0,47.24,100.0,4.17,25,4,1,,1
재단법인 한국기계전기전자시험연구원; (주)디바인테크; 가천대학교,한국과학기술연구원,62.39,93.6,47.24,100.0,0.0,25,3,1,,1
재단법인 환동해산업연구원,재단법인 환동해산업연구원; 한국식품연구원,47.29,31.2,47.24,100.0,24.14,25,1,1,,1
재단법인대구경북과학기술원,재단법인대구경북과학기술원,78.25,100.0,47.24,100.0,42.92,100,1236,488,,1
재단법인대구경북과학기술원,한국화학연구원,75.58,100.0,47.24,100.0,25.17,100,39,21,,1
재단법인대구경북과학기술원,한국에너지기술연구원,75.56,100.0,47.24,100.0,25.0,100,40,19,,1
재단법인대구경북과학기술원,한국과학기술연구원,75.39,100.0,47.24,100.0,23.9,100,118,50,,1
재단법인대구경북과학기술원,한국전기연구원,75.0,100.0,47.24,100.0,21.24,100,24,13,,1
재단법인대구경북과학기술원,울산과학기술원,74.93,100.0,47.24,100.0,20.81,100,35,24,,1
재단법인대구경북과학기술원,한국기계연구원,74.92,100.0,47.24,100.0,20.74,100,39,19,,1
재단법인대구경북과학기술원,한국전자통신연구원,74.79,100.0,47.24,100.0,19.87,100,101,52,,1
재단법인대구경북과학기술원,한국해양과학기술원,74.59,100.0,47.24,100.0,18.56,100,14,8,,1
재단법인대구경북과학기술원,한국과학기술원,74.53,100.0,47.24,100.0,18.12,100,130,65,,1
재단법인대구경북과학기술원,광주과학기술원,74.34,100.0,47.24,100.0,16.84,100,22,12,,1
재단법인대구경북과학기술원,한국원자력연구원,73.98,100.0,47.24,100.0,14.49,100,8,5,,1
재단법인대구경북과학기술원,화신; 재단법인대구경북과학기술원,73.88,100.0,47.24,100.0,13.79,100,14,7,,1
재단법인대구경북과학기술원,한국건설기술연구원,73.72,100.0,47.24,100.0,12.71,100,13,7,,1
재단법인대구경북과학기술원,한국표준과학연구원,73.64,100.0,47.24,100.0,12.2,100,8,4,,1
재단법인대구경북과학기술원,현대자동차; 기아; 재단법인대구경북과학기술원,72.17,100.0,47.24,100.0,19.05,75,5,3,,1
재단법인대구경북과학기술원,한국생명공학연구원,71.27,100.0,47.24,100.0,13.04,75,6,3,,1
재단법인대구경북과학기술원,국방과학연구소; 한국과학기술원,70.76,100.0,47.24,100.0,9.68,75,6,3,,1
재단법인대구경북과학기술원,엘지화학; 재단법인대구경북과학기술원,70.72,93.6,47.24,100.0,38.89,50,3,2,,1
재단법인대구경북과학기술원,한국과학기술원; 김철준,70.72,93.6,47.24,100.0,55.56,25,3,1,,1
재단법인대구경북과학기술원,나우로보틱스; 재단법인대구경북과학기술원,70.02,100.0,47.24,100.0,21.43,50,4,2,,1
재단법인대구경북과학기술원,한국과학기술연구원; 재단법인 멀티스케일 에너지시스템 연구단,67.77,93.6,47.24,100.0,19.23,50,3,2,,1
재단법인대구경북과학기술원,울산과학기술원; 재단법인대구경북과학기술원,64.89,93.6,47.24,100.0,0.0,50,3,2,,1
재단법인대구경북과학기술원,광주과학기술원; 재단법인대구경북과학기술원,64.26,93.6,47.24,100.0,12.5,25,3,1,,1
재단법인대구경북과학기술원,현대자동차; 한국과학기술원,63.64,93.6,47.24,100.0,8.33,25,3,1,,1
재단법인대구경북과학기술원,재단법인대구경북과학기술원; 엠에프알,62.39,93.6,47.24,100.0,0.0,25,3,1,,1
재단법인대구경북과학기술원,한국과학기술연구원; 재단법인 실감교류인체감응솔루션연구단,59.03,62.4,47.24,100.0,40.0,25,2,1,,1
재단법인대구경북과학기술원,덕산네오룩스; 울산과학기술원,58.03,62.4,47.24,100.0,33.33,25,2,1,,1
재단법인대구경북과학기술원,재단법인대구경북과학기술원; 한국기초과학지원연구원,56.03,62.4,47.24,100.0,20.0,25,2,1,,1
재단법인대구경북과학기술원,재단법인대구경북과학기술원; (의료)길의료재단,54.9,62.4,47.24,100.0,12.5,25,2,1,,1
재단법인대구경북과학기술원,한국건설기술연구원; 한국원자력연구원,54.9,62.4,47.24,100.0,12.5,25,2,1,,1
재단법인대구경북과학기술원,엘아이지넥스원; 한국과학기술원,54.7,62.4,47.24,100.0,11.11,25,2,1,,1
재단법인대구경북과학기술원,재단법인대구경북과학기술원;로비텍,54.7,62.4,47.24,100.0,11.11,25,2,1,,1
재단법인대구경북과학기술원,재단법인대구경북과학기술원; 한국원자력연구원; 한국지질자원연구원,53.74,62.4,47.24,100.0,4.76,25,2,1,,1
재단법인대구경북과학기술원,울산과학기술원;현대공업,53.03,62.4,47.24,100.0,0.0,25,2,1,,1
재단법인대구경북과학기술원,한국과학기술원; 한국표준과학연구원,53.03,62.4,47.24,100.0,0.0,25,2,1,,1
재단법인대구경북과학기술원,한국지질자원연구원,53.03,62.4,47.24,100.0,0.0,25,2,1,,1
재단법인대구경북과학기술원,지오로봇; 재단법인대구경북과학기술원,52.24,31.2,47.24,100.0,57.14,25,1,1,,1
재단법인대구경북과학기술원,삼성디스플레이; 한국과학기술원,49.67,31.2,47.24,100.0,40.0,25,1,1,,1
재단법인대구경북과학기술원,한국과학기술원; 에쓰대시오일,48.17,31.2,47.24,100.0,30.0,25,1,1,,1
재단법인대구경북과학기술원,한국과학기술원; 농업회사법인한솔루트원,47.42,31.2,47.24,100.0,25.0,25,1,1,,1
재단법인대구경북과학기술원,와이에스썸텍; 한국과학기술연구원,47.2,31.2,47.24,100.0,23.53,25,1,1,,1
재단법인대구경북과학기술원,재단법인대구경북과학기술원; 한세모빌리티,46.67,31.2,47.24,100.0,20.0,25,1,1,,1
재단법인대구경북과학기술원,알티에스에너지; 재단법인대구경북과학기술원,45.81,31.2,47.24,100.0,14.29,25,1,1,,1
재단법인대구경북과학기술원,이지팜; 한국전자통신연구원,45.54,31.2,47.24,100.0,12.5,25,1,1,,1
재단법인대구경북과학기술원,삼성전자; 한국과학기술원,45.34,31.2,47.24,100.0,11.11,25,1,1,,1
재단법인대구경북과학기술원,퓨처드라이브; 재단법인대구경북과학기술원,44.74,31.2,47.24,100.0,7.14,25,1,1,,1
재단법인대구경북과학기술원,유니크닷; 울산과학기술원,44.61,31.2,47.24,100.0,6.25,25,1,1,,1
재단법인대구경북과학기술원,한국식품연구원,44.38,31.2,47.24,100.0,4.76,25,1,1,,1
재단법인대구경북과학기술원,울산과학기술원; 한국화학연구원,43.67,31.2,47.24,100.0,0.0,25,1,1,,1
재단법인대구경북과학기술원,울산과학기술원;리노디바이스;오토모션,43.67,31.2,47.24,100.0,0.0,25,1,1,,1
재단법인대구경북과학기술원; 건국대학교,한국전자통신연구원,64.64,93.6,47.24,100.0,15.0,25,3,1,,1
재단법인대구경북과학기술원; 경북대학교,한국표준과학연구원,66.18,100.0,47.24,100.0,12.5,25,6,1,,1
재단법인대구경북과학기술원; 경북대학교,재단법인대구경북과학기술원,59.46,62.4,47.24,100.0,42.86,25,2,1,,1
재단법인대구경북과학기술원; 고려대학교,재단법인대구경북과학기술원,43.67,31.2,47.24,100.0,0.0,25,1,1,,1
재단법인대구경북과학기술원; 광주과학기술원; 조선대학교,재단법인대구경북과학기술원,64.26,93.6,47.24,100.0,12.5,25,3,1,,1
재단법인대구경북과학기술원; 기초과학연구원; 포항공과대학교,재단법인대구경북과학기술원,49.67,31.2,47.24,100.0,40.0,25,1,1,,1
재단법인대구경북과학기술원; 부산대학교,한국기계연구원,57.12,62.4,47.24,100.0,27.27,25,2,1,,1
재단법인대구경북과학기술원; 연세대학교,재단법인대구경북과학기술원,43.67,31.2,47.24,100.0,0.0,25,1,1,,1
재단법인대구경북과학기술원; 영남대학교,재단법인대구경북과학기술원,74.91,100.0,47.24,100.0,20.69,100,10,4,,1
재단법인대구경북과학기술원; 재단법인 아산사회복지재단; 울산대학교,재단법인대구경북과학기술원; 재단법인 오송첨단의료산업진흥재단,63.03,62.4,47.24,100.0,66.67,25,2,1,,1
재단법인대구경북과학기술원; 전남대학교,한국식품연구원,48.28,31.2,47.24,100.0,30.77,25,1,1,,1
재단법인대구경북과학기술원; 한국기술교육대학교,재단법인대구경북과학기술원,68.16,93.6,47.24,100.0,38.46,25,3,1,,1
재단법인부산정보산업진흥원; 국립부경대학교,한국해양과학기술원,64.89,93.6,47.24,100.0,16.67,25,3,1,,1
재단법인서울대학교,한국과학기술원,74.74,100.0,47.24,100.0,19.51,100,8,4,,1
재단법인서울대학교,한국지질자원연구원,71.73,100.0,47.24,100.0,16.13,75,9,3,,1
재단법인서울대학교,울산과학기술원,70.76,100.0,47.24,100.0,26.32,50,4,2,,1
재단법인서울대학교,한국생명공학연구원,68.48,100.0,47.24,100.0,11.11,50,4,2,,1
재단법인서울대학교,한국과학기술연구원,65.57,93.6,47.24,100.0,4.55,50,3,2,,1
재단법인서울대학교,한국에너지기술연구원,63.27,93.6,47.24,100.0,5.88,25,3,1,,1
재단법인서울대학교,한국기계연구원,57.4,62.4,47.24,100.0,12.5,50,2,2,,1
재단법인서울대학교,광주과학기술원,53.03,62.4,47.24,100.0,0.0,25,2,1,,1
재단법인서울대학교,한국화학연구원,53.03,62.4,47.24,100.0,0.0,25,2,1,,1
재단법인서울대학교,한국전기연구원,47.76,31.2,47.24,100.0,27.27,25,1,1,,1
재단법인서울대학교,한국과학기술연구원; 현대자동차; 기아,43.67,31.2,47.24,100.0,0.0,25,1,1,,1
재단법인서울대학교,한국해양과학기술원,43.67,31.2,47.24,100.0,0.0,25,1,1,,1
전남과학대학교,한국기계연구원,62.39,93.6,47.24,100.0,0.0,25,3,1,,1
전남과학대학교,한국건설기술연구원,54.7,62.4,47.24,100.0,11.11,25,2,1,,1
전남과학대학교,한국해양과학기술원,46.67,31.2,47.24,100.0,20.0,25,1,1,,1
전남대학교,한국전기연구원,76.14,100.0,47.24,100.0,28.89,100,39,18,,1
전남대학교,재단법인대구경북과학기술원,75.66,100.0,47.24,100.0,25.64,100,135,52,,1
전남대학교,한국원자력연구원,75.4,100.0,47.24,100.0,23.93,100,52,23,,1
전남대학교,한국식품연구원,75.08,100.0,47.24,100.0,21.79,100,23,10,,1
전남대학교,한국과학기술연구원,74.93,100.0,47.24,100.0,20.79,100,98,43,,1
전남대학교,한국전자통신연구원,74.89,100.0,47.24,100.0,20.56,100,46,25,,1
전남대학교,한국에너지기술연구원,74.83,100.0,47.24,100.0,20.17,100,62,27,,1
전남대학교,광주과학기술원,74.79,100.0,47.24,100.0,19.89,100,50,28,,1
전남대학교,한국과학기술원,74.74,100.0,47.24,100.0,19.53,100,104,51,,1
전남대학교,한국생명공학연구원,74.67,100.0,47.24,100.0,19.05,100,26,13,,1
전남대학교,한국해양과학기술원,74.67,100.0,47.24,100.0,19.05,100,13,9,,1
전남대학교,한국표준과학연구원,74.47,100.0,47.24,100.0,17.72,100,13,8,,1
전남대학교,한국기계연구원,74.43,100.0,47.24,100.0,17.49,100,41,18,,1
전남대학교,한국화학연구원,74.23,100.0,47.24,100.0,16.13,100,43,22,,1
전남대학교,한국건설기술연구원,74.04,100.0,47.24,100.0,14.86,100,43,21,,1
전남대학교,한국지질자원연구원,73.45,100.0,47.24,100.0,10.94,100,13,6,,1
전남대학교,울산과학기술원,73.37,100.0,47.24,100.0,10.43,100,36,17,,1
전남대학교,재단법인대구경북과학기술원; 하이젠파워,70.02,100.0,47.24,100.0,21.43,50,4,2,,1
전남대학교,한국건설기술연구원;시그마STI,69.81,100.0,47.24,100.0,20.0,50,4,2,,1
전남대학교,롯데케미칼; 한국과학기술원,68.03,62.4,47.24,100.0,100.0,25,2,1,,1
전남대학교,한국기계연구원; 재단법인 파동에너지 극한제어 연구단,67.14,93.6,47.24,100.0,15.0,50,3,2,,1
전남대학교,한국과학기술연구원; 울산과학기술원,65.51,100.0,47.24,100.0,8.0,25,4,1,,1
전남대학교,한국건설기술연구원;미래시티글로벌,63.82,93.6,47.24,100.0,9.52,25,3,1,,1
전남대학교,한국과학기술연구원; 한국기초과학지원연구원,63.46,93.6,47.24,100.0,7.14,25,3,1,,1
전남대학교,한국식품연구원;네이처바이오,59.95,62.4,47.24,100.0,46.15,25,2,1,,1
전남대학교,한국건설기술연구원;에코탄소,58.65,62.4,47.24,100.0,37.5,25,2,1,,1
전남대학교,대요메디; 한국과학기술원,57.31,62.4,47.24,100.0,28.57,25,2,1,,1
전남대학교,재단법인대구경북과학기술원; 광주과학기술원,56.03,62.4,47.24,100.0,20.0,25,2,1,,1
전남대학교,국방과학연구소; 한국과학기술원,53.03,62.4,47.24,100.0,0.0,25,2,1,,1
전남대학교,재단법인대구경북과학기술원;고영테크놀러지,53.03,62.4,47.24,100.0,0.0,25,2,1,,1
전남대학교,한국과학기술연구원 유럽연구소,53.03,62.4,47.24,100.0,0.0,25,2,1,,1
전남대학교,한국지질자원연구원;희송지오텍,48.67,31.2,47.24,100.0,33.33,25,1,1,,1
전남대학교,재단법인대구경북과학기술원; 재단법인 멀티스케일 에너지시스템 연구단,46.67,31.2,47.24,100.0,20.0,25,1,1,,1
전남대학교,로엔서지컬; 한국과학기술원,46.17,31.2,47.24,100.0,16.67,25,1,1,,1
전남대학교,코오롱인더스트리; 한국과학기술원,45.98,31.2,47.24,100.0,15.38,25,1,1,,1
전남대학교,한국해양과학기술원;코이도,45.81,31.2,47.24,100.0,14.29,25,1,1,,1
전남대학교,한국생명공학연구원; 대한민국(농촌진흥청장),45.54,31.2,47.24,100.0,12.5,25,1,1,,1
전남대학교,한국화학연구원;레몬,45.47,31.2,47.24,100.0,12.0,25,1,1,,1
전남대학교,한국과학기술원; 한국원자력연구원,45.03,31.2,47.24,100.0,9.09,25,1,1,,1
전남대학교,대륙신소재; 울산과학기술원,44.92,31.2,47.24,100.0,8.33,25,1,1,,1
전남대학교,한국과학기술원;어플라이카본텍,44.82,31.2,47.24,100.0,7.69,25,1,1,,1
전남대학교,한국전자통신연구원;씽크풀,44.82,31.2,47.24,100.0,7.69,25,1,1,,1
전남대학교,학교법인 신흥학원,43.67,31.2,47.24,100.0,0.0,25,1,1,,1
전남대학교,한국과학기술연구원;제이트로닉스,43.67,31.2,47.24,100.0,0.0,25,1,1,,1
전남대학교,한국전자통신연구원;구루미,43.67,31.2,47.24,100.0,0.0,25,1,1,,1
전남도립대학교,한국건설기술연구원,73.68,100.0,47.24,100.0,29.17,75,8,3,,1
전남도립대학교,한국전기연구원,56.03,62.4,47.24,100.0,20.0,25,2,1,,1
전남도립대학교,한국기계연구원,53.03,62.4,47.24,100.0,0.0,25,2,1,,1
전남도립대학교,한국과학기술연구원,49.29,31.2,47.24,100.0,37.5,25,1,1,,1
전남도립대학교,울산과학기술원,45.54,31.2,47.24,100.0,12.5,25,1,1,,1
전남도립대학교,한국건설기술연구원;티에프티,45.54,31.2,47.24,100.0,12.5,25,1,1,,1
전남도립대학교,한국지질자원연구원,45.54,31.2,47.24,100.0,12.5,25,1,1,,1
전라남도 해남군; 전남대학교,한국식품연구원;퓨리바이오,65.39,93.6,47.24,100.0,20.0,25,3,1,,1
전라남도 해남군; 전남대학교,한국식품연구원,48.67,31.2,47.24,100.0,33.33,25,1,1,,1
전북대학교,한국식품연구원,76.09,100.0,47.24,100.0,28.57,100,22,15,,1
전북대학교,한국전자통신연구원,75.21,100.0,47.24,100.0,22.66,100,33,16,,1
전북대학교,한국화학연구원,75.18,100.0,47.24,100.0,22.45,100,21,11,,1
전북대학교,한국전기연구원,74.98,100.0,47.24,100.0,21.13,100,20,11,,1
전북대학교,한국에너지기술연구원,74.79,100.0,47.24,100.0,19.86,100,56,21,,1
전북대학교,재단법인대구경북과학기술원,74.65,100.0,47.24,100.0,18.95,100,24,14,,1
전북대학교,울산과학기술원,74.62,100.0,47.24,100.0,18.75,100,32,16,,1
전북대학교,한국지질자원연구원,74.41,100.0,47.24,100.0,17.33,100,13,9,,1
전북대학교,한국과학기술원,74.28,100.0,47.24,100.0,16.48,100,65,36,,1
전북대학교,한국기계연구원,74.21,100.0,47.24,100.0,16.03,100,42,18,,1
전북대학교,한국과학기술연구원,74.19,100.0,47.24,100.0,15.84,100,68,34,,1
전북대학교,한국원자력연구원,73.97,100.0,47.24,100.0,14.38,100,36,16,,1
전북대학교,한국해양과학기술원,73.92,100.0,47.24,100.0,30.77,75,4,3,,1
전북대학교,광주과학기술원,73.81,100.0,47.24,100.0,13.33,100,10,5,,1
전북대학교,한국건설기술연구원,73.81,100.0,47.24,100.0,13.33,100,16,7,,1
전북대학교,한국표준과학연구원,73.79,100.0,47.24,100.0,13.21,100,24,6,,1
전북대학교,한국생명공학연구원,71.88,100.0,47.24,100.0,17.14,75,4,3,,1
전북대학교,한국기계연구원; 재단법인 파동에너지 극한제어 연구단,67.84,100.0,47.24,100.0,6.9,50,4,2,,1
전북대학교,한국과학기술연구원; 재단법인대구경북과학기술원; 한국기계연구원,56.78,62.4,47.24,100.0,25.0,25,2,1,,1
전북대학교,학교법인 화신학원,53.03,62.4,47.24,100.0,0.0,25,2,1,,1
전북대학교,한국과학기술원; 한국기계연구원,53.03,62.4,47.24,100.0,0.0,25,2,1,,1
전북대학교,한국타이어앤테크놀로지; 한국과학기술원,53.03,62.4,47.24,100.0,0.0,25,2,1,,1
전북대학교,재단법인대구경북과학기술원; 한국기초과학지원연구원,51.17,31.2,47.24,100.0,50.0,25,1,1,,1
전북대학교,학교법인 한문화학원,50.1,31.2,47.24,100.0,42.86,25,1,1,,1
전북대학교,닥터제이랩,48.28,31.2,47.24,100.0,30.77,25,1,1,,1
전북대학교,한국원자력연구원;비플럭스파머,47.95,31.2,47.24,100.0,28.57,25,1,1,,1
전북대학교,셀레스트라; 울산과학기술원,47.76,31.2,47.24,100.0,27.27,25,1,1,,1
전북대학교,한국건설기술연구원;에이알티플러스,47.42,31.2,47.24,100.0,25.0,25,1,1,,1
전북대학교,한국화학연구원; 한화솔루션,47.42,31.2,47.24,100.0,25.0,25,1,1,,1
전북대학교,한국전력공사; 광주과학기술원,46.4,31.2,47.24,100.0,18.18,25,1,1,,1
전북대학교,한국전력공사; 울산과학기술원,46.4,31.2,47.24,100.0,18.18,25,1,1,,1
전북대학교,한국식품연구원; 대한민국(농촌진흥청장),45.81,31.2,47.24,100.0,14.29,25,1,1,,1
전북대학교,현대자동차; 기아; 재단법인대구경북과학기술원,45.54,31.2,47.24,100.0,12.5,25,1,1,,1
전북대학교,현대자동차; 기아; 광주과학기술원,45.03,31.2,47.24,100.0,9.09,25,1,1,,1
전북대학교,더멘드바이오시뮬레이터,44.5,31.2,47.24,100.0,5.56,25,1,1,,1
전북대학교,엘지전자; 한국과학기술원,43.67,31.2,47.24,100.0,0.0,25,1,1,,1
전북대학교,한국과학기술원;프로닉스,43.67,31.2,47.24,100.0,0.0,25,1,1,,1
전북특별자치도 정읍시,한국식품연구원; 농업회사법인 원스베리,49.67,31.2,47.24,100.0,40.0,25,1,1,,1
전주기전대학,한국전자통신연구원,55.34,62.4,47.24,100.0,15.38,25,2,1,,1
전주대학교,한국건설기술연구원,75.81,100.0,47.24,100.0,26.67,100,11,5,,1
전주대학교,한국에너지기술연구원,75.09,100.0,47.24,100.0,21.88,100,7,6,,1
전주대학교,한국기계연구원,71.81,100.0,47.24,100.0,16.67,75,5,3,,1
전주대학교,한국식품연구원,69.89,93.6,47.24,100.0,50.0,25,3,1,,1
전주대학교,한국과학기술원,66.14,93.6,47.24,100.0,25.0,25,3,1,,1
전주대학교,한국전기연구원,58.86,62.4,47.24,100.0,22.22,50,2,2,,1
전주대학교,울산과학기술원,56.36,62.4,47.24,100.0,22.22,25,2,1,,1
전주대학교,한국원자력연구원,47.95,31.2,47.24,100.0,28.57,25,1,1,,1
전주대학교,한국전자통신연구원,45.98,31.2,47.24,100.0,15.38,25,1,1,,1
전주대학교,한국과학기술원; 삼성전자,45.54,31.2,47.24,100.0,12.5,25,1,1,,1
전주비전대학교,한국건설기술연구원,70.2,100.0,47.24,100.0,22.58,50,5,2,,1
전주비전대학교,한국지질자원연구원,67.96,100.0,47.24,100.0,7.69,50,5,2,,1
전주비전대학교,한국해양과학기술원,60.53,62.4,47.24,100.0,33.33,50,2,2,,1
전주비전대학교,한국에너지기술연구원,56.03,62.4,47.24,100.0,20.0,25,2,1,,1
제이엠아이 주식회사; 강원대학교,한국화학연구원,43.67,31.2,47.24,100.0,0.0,25,1,1,,1
제일모직주식회사; 고려대학교,한국기계연구원,62.39,93.6,47.24,100.0,0.0,25,3,1,,1
제일모직주식회사; 서울대학교,한국에너지기술연구원,67.75,93.6,47.24,100.0,35.71,25,3,1,,1
제일모직주식회사; 서울대학교,광주과학기술원,45.17,31.2,47.24,100.0,10.0,25,1,1,,1
제일모직주식회사; 성균관대학교,한국과학기술연구원,64.83,100.0,47.24,100.0,3.45,25,4,1,,1
제일모직주식회사; 성균관대학교,한국전자통신연구원,62.39,93.6,47.24,100.0,0.0,25,3,1,,1
제일모직주식회사; 성균관대학교,현대자동차; 광주과학기술원,45.17,31.2,47.24,100.0,10.0,25,1,1,,1
제주국제대학교,한국건설기술연구원;오에이티엠엔씨,64.43,93.6,47.24,100.0,13.64,25,3,1,,1
제주대학교,한국기계연구원,75.27,100.0,47.24,100.0,23.08,100,6,4,,1
제주대학교,한국과학기술원,74.74,100.0,47.24,100.0,19.51,100,16,8,,1
제주대학교,한국식품연구원,74.73,100.0,47.24,100.0,19.44,100,15,11,,1
제주대학교,한국해양과학기술원,74.72,100.0,47.24,100.0,19.42,100,33,14,,1
제주대학교,한국에너지기술연구원,74.62,100.0,47.24,100.0,18.75,100,13,7,,1
제주대학교,한국전자통신연구원,74.56,100.0,47.24,100.0,18.33,100,21,9,,1
제주대학교,한국전기연구원,74.03,100.0,47.24,100.0,14.81,100,8,5,,1
제주대학교,재단법인대구경북과학기술원,73.37,100.0,47.24,100.0,10.39,100,14,6,,1
제주대학교,한국과학기술연구원,73.32,100.0,47.24,100.0,10.1,100,14,9,,1
제주대학교,한국원자력연구원,73.09,100.0,47.24,100.0,8.57,100,13,6,,1
제주대학교,한국생명공학연구원,71.18,100.0,47.24,100.0,12.5,75,7,3,,1
제주대학교,광주과학기술원,70.72,93.6,47.24,100.0,55.56,25,3,1,,1
제주대학교,한국화학연구원,70.67,100.0,47.24,100.0,9.09,75,5,3,,1
제주대학교,한국건설기술연구원,70.53,100.0,47.24,100.0,8.11,75,9,3,,1
제주대학교,울산과학기술원,70.46,100.0,47.24,100.0,7.69,75,6,3,,1
제주대학교,삼성전자; 한국과학기술원,68.11,100.0,47.24,100.0,8.7,50,5,2,,1
제주대학교,한국표준과학연구원; 한국 한의학 연구원,62.39,93.6,47.24,100.0,0.0,25,3,1,,1
제주대학교,삼성디스플레이; 울산과학기술원,55.17,62.4,47.24,100.0,14.29,25,2,1,,1
제주대학교,한국표준과학연구원,54.7,62.4,47.24,100.0,11.11,25,2,1,,1
제주대학교,한국건설기술연구원;시큐어에이,53.91,62.4,47.24,100.0,5.88,25,2,1,,1
제주대학교,에스케이이노베이션; 한국과학기술원,48.67,31.2,47.24,100.0,33.33,25,1,1,,1
제주대학교,한국 한의학 연구원; 한국식품연구원,46.53,31.2,47.24,100.0,19.05,25,1,1,,1
제주대학교,다인소재; 한국화학연구원,45.81,31.2,47.24,100.0,14.29,25,1,1,,1
제주대학교,한국지질자원연구원,44.67,31.2,47.24,100.0,6.67,25,1,1,,1
제주한라대학교,학교법인 덕삼,75.81,100.0,47.24,100.0,60.0,50,6,2,,1
제주한라대학교,한국전자통신연구원,74.42,100.0,47.24,100.0,17.39,100,10,4,,1
제주한라대학교,한국식품연구원,58.65,62.4,47.24,100.0,37.5,25,2,1,,1
제주한라대학교,재단법인대구경북과학기술원,43.67,31.2,47.24,100.0,0.0,25,1,1,,1
제주한라대학교,한국에너지기술연구원,43.67,31.2,47.24,100.0,0.0,25,1,1,,1
조금원,조금원; 김경숙; 조종은; 조은정; 한국건설기술연구원,74.6,100.0,47.24,100.0,35.29,75,6,3,,1
조금원,조금원; 김경숙; 조종은; 조은정; 한국건설기술연구원;대한콘설탄트;케이지엔지니어링종합건축사사무소,54.9,62.4,47.24,100.0,12.5,25,2,1,,1
조남현; 강원대학교,한국식품연구원,43.67,31.2,47.24,100.0,0.0,25,1,1,,1
조선대학교,한국식품연구원,76.21,100.0,47.24,100.0,29.33,100,20,9,,1
조선대학교,한국전자통신연구원,74.74,100.0,47.24,100.0,19.51,100,16,10,,1
조선대학교,한국과학기술연구원,74.69,100.0,47.24,100.0,19.18,100,15,9,,1
조선대학교,한국건설기술연구원,74.34,100.0,47.24,100.0,16.85,100,11,7,,1
조선대학교,재단법인대구경북과학기술원,74.25,100.0,47.24,100.0,16.28,100,10,5,,1
조선대학교,한국기계연구원,74.25,100.0,47.24,100.0,16.3,100,17,11,,1
조선대학교,한국해양과학기술원,74.23,100.0,47.24,100.0,16.16,100,13,8,,1
조선대학교,광주과학기술원,74.21,100.0,47.24,100.0,16.0,100,14,5,,1
조선대학교,한국과학기술원,74.13,100.0,47.24,100.0,15.5,100,44,24,,1
조선대학교,한국원자력연구원,73.78,100.0,47.24,100.0,13.16,100,15,9,,1
조선대학교,한국에너지기술연구원,73.46,100.0,47.24,100.0,10.98,100,25,8,,1
조선대학교,한국생명공학연구원,73.42,100.0,47.24,100.0,10.71,100,5,4,,1
조선대학교,한국전기연구원,73.33,100.0,47.24,100.0,10.14,100,15,9,,1
조선대학교,한국화학연구원,73.33,100.0,47.24,100.0,10.14,100,12,6,,1
조선대학교,울산과학기술원,72.99,100.0,47.24,100.0,7.84,100,23,10,,1
조선대학교,한국표준과학연구원,71.18,100.0,47.24,100.0,12.5,75,4,3,,1
조선대학교,기초과학연구원; 한국과학기술원,70.57,93.6,47.24,100.0,54.55,25,3,1,,1
조선대학교,한국 한의학 연구원; 한국화학연구원; 재단법인 한국파스퇴르연구소,65.85,93.6,47.24,100.0,23.08,25,3,1,,1
조선대학교,토모큐브; 한국과학기술원,54.28,62.4,47.24,100.0,8.33,25,2,1,,1
조선대학교,삼성전자; 광주과학기술원,51.17,31.2,47.24,100.0,50.0,25,1,1,,1
조선대학교,한국생명공학연구원; 한약진흥재단,47.24,31.2,47.24,100.0,23.81,25,1,1,,1
조선대학교,한국과학기술원; 사우디 아라비안 오일 컴퍼니,47.0,31.2,47.24,100.0,22.22,25,1,1,,1
조선대학교,새빗켐; 한국기계연구원,43.67,31.2,47.24,100.0,0.0,25,1,1,,1
조정현; (주)아크로엠; 영남이공대학교,한국과학기술연구원,56.78,62.4,47.24,100.0,25.0,25,2,1,,1
조지아 테크 리서치 코오포레이션,한국과학기술원,64.31,100.0,47.24,100.0,0.0,25,4,1,,1
주성엔지니어링(주),한국전자통신연구원,69.89,93.6,47.24,100.0,50.0,25,3,1,,1
주성엔지니어링(주); 광운대학교,한국에너지기술연구원,66.14,93.6,47.24,100.0,25.0,25,3,1,,1
주식회사 고바이오랩; 서울대학교,위바이옴; 한국식품연구원,60.03,62.4,47.24,100.0,46.67,25,2,1,,1
주식회사 고영테크놀러지,재단법인대구경북과학기술원,53.03,62.4,47.24,100.0,0.0,25,2,1,,1
주식회사 고영테크놀러지; 경북대학교,한국전기연구원,46.17,31.2,47.24,100.0,16.67,25,1,1,,1
주식회사 고영테크놀러지; 경북대학교,한국과학기술원,45.81,31.2,47.24,100.0,14.29,25,1,1,,1
주식회사 고영테크놀러지; 경북대학교,한국전자통신연구원,45.34,31.2,47.24,100.0,11.11,25,1,1,,1
주식회사 고영테크놀러지; 경북대학교,에이치디한국조선해양; 한국과학기술원,44.74,31.2,47.24,100.0,7.14,25,1,1,,1
주식회사 고영테크놀러지; 한양대학교,한국과학기술원,64.89,93.6,47.24,100.0,16.67,25,3,1,,1
주식회사 고영테크놀러지; 한양대학교 에리카,로엔서지컬; 한국과학기술원,65.39,93.6,47.24,100.0,20.0,25,3,1,,1
주식회사 고영테크놀러지; 한양대학교 에리카,한국과학기술원,64.26,93.6,47.24,100.0,12.5,25,3,1,,1
주식회사 고영테크놀러지; 한양대학교 에리카,재단법인대구경북과학기술원,46.67,31.2,47.24,100.0,20.0,25,1,1,,1
주식회사 골프존홀딩스,한국과학기술연구원,65.25,100.0,47.24,100.0,6.25,25,5,1,,1
주식회사 골프존홀딩스,한국전자통신연구원,44.92,31.2,47.24,100.0,8.33,25,1,1,,1
주식회사 그래핀올; 성균관대학교,한국에너지기술연구원,66.53,100.0,47.24,100.0,14.81,25,8,1,,1
주식회사 그래핀올; 성균관대학교,한국과학기술연구원,55.76,62.4,47.24,100.0,18.18,25,2,1,,1
주식회사 기성,한국건설기술연구원,68.48,100.0,47.24,100.0,11.11,50,5,2,,1
주식회사 기성,한국지질자원연구원,43.67,31.2,47.24,100.0,0.0,25,1,1,,1
주식회사 나노스퀘어; 연세대학교,한국에너지기술연구원,53.74,62.4,47.24,100.0,4.76,25,2,1,,1
주식회사 나라삼양감속기; 한양대학교,한국전기연구원,53.67,31.2,47.24,100.0,66.67,25,1,1,,1
주식회사 네오엘에프엔,한국원자력연구원,46.17,31.2,47.24,100.0,16.67,25,1,1,,1
주식회사 네이처바이오; 경희대학교,네이처사이언스,54.9,62.4,47.24,100.0,12.5,25,2,1,,1
주식회사 네이처바이오; 경희대학교,한국식품연구원,47.76,31.2,47.24,100.0,27.27,25,1,1,,1
주식회사 뉴라이브; 고려대학교,한국전기연구원,48.17,31.2,47.24,100.0,30.0,25,1,1,,1
주식회사 뉴로젠; 고려대학교,울산과학기술원,44.92,31.2,47.24,100.0,8.33,25,1,1,,1
주식회사 다산컨설턴트; 국립금오공과대학교,한국과학기술연구원,53.03,62.4,47.24,100.0,0.0,25,2,1,,1
주식회사 다산컨설턴트; 전북대학교,한국과학기술연구원,65.74,100.0,47.24,100.0,9.52,25,6,1,,1
주식회사 다우에프에이,한국과학기술원,68.68,100.0,47.24,100.0,12.5,50,10,2,,1
주식회사 다우에프에이,한국기계연구원,68.59,100.0,47.24,100.0,28.57,25,7,1,,1
주식회사 다우에프에이,한국과학기술연구원,46.67,31.2,47.24,100.0,20.0,25,1,1,,1
주식회사 다우에프에이; 국립경국대학교,한국과학기술원,45.54,31.2,47.24,100.0,12.5,25,1,1,,1
주식회사 다우에프에이; 한국기술교육대학교,한국과학기술연구원,47.95,31.2,47.24,100.0,28.57,25,1,1,,1
주식회사 다인소재,한국화학연구원,67.31,100.0,47.24,100.0,20.0,25,4,1,,1
주식회사 다인소재,다인소재; 한국화학연구원,43.67,31.2,47.24,100.0,0.0,25,1,1,,1
주식회사 단바이오텍; 단국대학교,한국생명공학연구원,57.31,62.4,47.24,100.0,28.57,25,2,1,,1
주식회사 대경에스코,한국기계연구원,64.89,93.6,47.24,100.0,16.67,25,3,1,,1
주식회사 대웅제약; 연세대학교,한국화학연구원,46.67,31.2,47.24,100.0,20.0,25,1,1,,1
주식회사 대흥,한국건설기술연구원,68.39,93.6,47.24,100.0,40.0,25,3,1,,1
주식회사 더웨이브톡,더웨이브톡; 한국과학기술원,62.57,62.4,47.24,100.0,63.64,25,2,1,,1
주식회사 데이타 피씨에스; (주)아이오티솔루션; 부산대학교,한국지질자원연구원,61.21,62.4,47.24,100.0,54.55,25,2,1,,1
주식회사 동우 이앤씨; 국민대학교,한국건설기술연구원,45.34,31.2,47.24,100.0,11.11,25,1,1,,1
주식회사 동진쎄미켐,한국화학연구원,56.17,31.2,47.24,100.0,83.33,25,1,1,,1
주식회사 동진쎄미켐; 부산대학교,한국해양과학기술원,43.67,31.2,47.24,100.0,0.0,25,1,1,,1
주식회사 동희홀딩스; 울산대학교,한국에너지기술연구원,73.1,93.6,47.24,100.0,71.43,25,3,1,,1
주식회사 동희홀딩스; 울산대학교,재단법인대구경북과학기술원,47.42,31.2,47.24,100.0,25.0,25,1,1,,1
주식회사 두산,한국화학연구원,72.34,100.0,47.24,100.0,36.84,50,4,2,,1
주식회사 두원전자;,학교법인 두원학원;두원전자,64.28,62.4,47.24,100.0,75.0,25,2,1,,1
주식회사 디엠이엔지종합건축사사무소; 서울시립대학교,한국건설기술연구원,63.89,93.6,47.24,100.0,10.0,25,3,1,,1
주식회사 디지캡; 상명대학교 천안,한국전자통신연구원,67.39,93.6,47.24,100.0,33.33,25,3,1,,1
주식회사 디플랫; 성균관대학교,한국과학기술원,56.03,62.4,47.24,100.0,20.0,25,2,1,,1
주식회사 딥노이드,한국전자통신연구원,55.03,62.4,47.24,100.0,13.33,25,2,1,,1
주식회사 래도; 서울대학교,한국건설기술연구원;노바코스,45.81,31.2,47.24,100.0,14.29,25,1,1,,1
주식회사 래도; 서울대학교,한국전자통신연구원,45.81,31.2,47.24,100.0,14.29,25,1,1,,1
주식회사 레스코퍼레이션; 충남대학교,한국과학기술연구원,46.4,31.2,47.24,100.0,18.18,25,1,1,,1
주식회사 레스코퍼레이션; 충남대학교,한국과학기술연구원; 광주과학기술원,46.4,31.2,47.24,100.0,18.18,25,1,1,,1
주식회사 레스코퍼레이션; 충남대학교,한국과학기술연구원; 기초과학연구원; 의료법인 성광의료재단,46.17,31.2,47.24,100.0,16.67,25,1,1,,1
주식회사 로드씰; 전북대학교,한국표준과학연구원,45.81,31.2,47.24,100.0,14.29,25,1,1,,1
주식회사 로보비즈코어; 한양대학교,한국해양과학기술원,45.98,31.2,47.24,100.0,15.38,25,1,1,,1
주식회사 로보프린트,한국과학기술원,65.39,93.6,47.24,100.0,20.0,25,3,1,,1
주식회사 로보피아; 대진대학교,한국건설기술연구원,62.39,93.6,47.24,100.0,0.0,25,3,1,,1
주식회사 로보피아; 대진대학교,한국과학기술원,56.78,62.4,47.24,100.0,25.0,25,2,1,,1
주식회사 로봇앤모어; 건양대학교,한국과학기술원,46.67,31.2,47.24,100.0,20.0,25,1,1,,1
주식회사 로엔서지컬,재단법인대구경북과학기술원;로엔서지컬,43.67,31.2,47.24,100.0,0.0,25,1,1,,1
주식회사 리가켐바이오사이언스,한국과학기술원; 한국원자력연구원,65.39,93.6,47.24,100.0,20.0,25,3,1,,1
주식회사 리가켐바이오사이언스,한국과학기술원,65.12,93.6,47.24,100.0,18.18,25,3,1,,1
주식회사 리베스트,리베스트; 광주과학기술원,58.67,31.2,47.24,100.0,100.0,25,1,1,,1
주식회사 마이다스에이치앤티; 연세대학교,한국과학기술원,43.67,31.2,47.24,100.0,0.0,25,1,1,,1
주식회사 마크로젠; 서울대학교,한국과학기술연구원,43.67,31.2,47.24,100.0,0.0,25,1,1,,1
주식회사 마크애니,한국과학기술원,55.76,62.4,47.24,100.0,18.18,25,2,1,,1
주식회사 메가젠임플란트; 대구가톨릭대학교,한국전자통신연구원,55.53,62.4,47.24,100.0,16.67,25,2,1,,1
주식회사 메디벨바이오; 재단법인대구경북과학기술원; 서울대학교,재단법인대구경북과학기술원,55.53,62.4,47.24,100.0,16.67,25,2,1,,1
주식회사 메카시스; 대구가톨릭대학교,한국과학기술원,54.9,62.4,47.24,100.0,12.5,25,2,1,,1
주식회사 메타테크놀로지; 숭실대학교,한국과학기술원,54.7,62.4,47.24,100.0,11.11,25,2,1,,1
주식회사 메타테크놀로지; 숭실대학교,한국전자통신연구원,53.03,62.4,47.24,100.0,0.0,25,2,1,,1
주식회사 멤레이; 연세대학교,멤레이; 한국과학기술원,73.77,100.0,47.24,100.0,13.04,100,7,4,,1
주식회사 멤레이; 연세대학교,한국전자통신연구원,65.89,93.6,47.24,100.0,6.67,50,3,2,,1
주식회사 모아라이프플러스; 국민대학교,한국생명공학연구원,55.76,62.4,47.24,100.0,18.18,25,2,1,,1
주식회사 모아라이프플러스; 국민대학교,한국원자력연구원,54.9,62.4,47.24,100.0,12.5,25,2,1,,1
주식회사 모아라이프플러스; 국민대학교,광주과학기술원,54.03,62.4,47.24,100.0,6.67,25,2,1,,1
주식회사 모아라이프플러스; 충남대학교,한국생명공학연구원,58.03,62.4,47.24,100.0,33.33,25,2,1,,1
주식회사 모아라이프플러스; 한국생명공학연구원; 충북대학교,한국식품연구원,55.68,62.4,47.24,100.0,17.65,25,2,1,,1
주식회사 미뉴타텍; 서울대학교,한국기계연구원,67.92,100.0,47.24,100.0,7.41,50,6,2,,1
주식회사 미뉴타텍; 서울대학교,한국전기연구원,62.39,93.6,47.24,100.0,0.0,25,3,1,,1
주식회사 미뉴타텍; 서울대학교,한국과학기술연구원,58.03,62.4,47.24,100.0,33.33,25,2,1,,1
주식회사 미뉴타텍; 서울대학교,울산과학기술원,53.03,62.4,47.24,100.0,0.0,25,2,1,,1
주식회사 미뉴타텍; 서울대학교,울산과학기술원; 국립생태원,43.67,31.2,47.24,100.0,0.0,25,1,1,,1
주식회사 미뉴타텍; 서울대학교,재단법인 다차원 스마트 아이티 융합시스템 연구단; 한국생명공학연구원,43.67,31.2,47.24,100.0,0.0,25,1,1,,1
주식회사 미래바다; 한서대학교,한국해양과학기술원,43.67,31.2,47.24,100.0,0.0,25,1,1,,1
주식회사 미소테크; 부산대학교,한국과학기술연구원,44.74,31.2,47.24,100.0,7.14,25,1,1,,1
주식회사 바스노바; 가톨릭대학교,광주과학기술원,43.67,31.2,47.24,100.0,0.0,25,1,1,,1
주식회사 바이오티엔에스,한국과학기술원,65.56,100.0,47.24,100.0,8.33,25,4,1,,1
주식회사 보레다바이오텍,한국화학연구원,46.17,31.2,47.24,100.0,16.67,25,1,1,,1
주식회사 뷰노,사회복지법인 삼성생명공익재단; 한국과학기술원,59.59,62.4,47.24,100.0,43.75,25,2,1,,1
주식회사 뷰노,한국과학기술원,49.98,31.2,47.24,100.0,42.11,25,1,1,,1
주식회사 뷰노; 가톨릭대학교,한국생산기술연구원; 한국재료연구원; 한국식품연구원,68.01,93.6,47.24,100.0,37.5,25,3,1,,1
주식회사 블루마운트테크놀러지; 충북도립대학,한국화학연구원,46.17,31.2,47.24,100.0,16.67,25,1,1,,1
주식회사 비솔; 한국공학대학교,한국과학기술연구원,43.67,31.2,47.24,100.0,0.0,25,1,1,,1
주식회사 비에스엘; 대진대학교,한국전자통신연구원,54.39,62.4,47.24,100.0,9.09,25,2,1,,1
주식회사 비엠티; 건국대학교,한국에너지기술연구원,62.2,62.4,47.24,100.0,44.44,50,2,2,,1
주식회사 비케이홀딩스; 경북대학교,한국과학기술원,53.03,62.4,47.24,100.0,0.0,25,2,1,,1
주식회사 빙그레; 건국대학교,울산과학기술원,43.67,31.2,47.24,100.0,0.0,25,1,1,,1
주식회사 삼명이엔씨; 영진전문대학,한국건설기술연구원,70.36,100.0,47.24,100.0,23.68,50,7,2,,1
주식회사 삼안; 건국대학교,한국과학기술원,64.06,93.6,47.24,100.0,11.11,25,3,1,,1
주식회사 삼안; 국립금오공과대학교,한국건설기술연구원,58.53,62.4,47.24,100.0,20.0,50,2,2,,1
주식회사 삼안; 한양대학교,한국건설기술연구원,58.18,62.4,47.24,100.0,17.65,50,2,2,,1
주식회사 상보; 인하대학교,한국전기연구원,65.19,100.0,47.24,100.0,5.88,25,5,1,,1
주식회사 새한티앤아이; 전남대학교,한국에너지기술연구원,64.06,93.6,47.24,100.0,11.11,25,3,1,,1
주식회사 새한티앤아이; 전남대학교,한국과학기술원,62.39,93.6,47.24,100.0,0.0,25,3,1,,1
주식회사 새한티앤아이; 전남대학교,한국전기연구원,44.82,31.2,47.24,100.0,7.69,25,1,1,,1
주식회사 선광티앤에스,한국원자력연구원,49.67,31.2,47.24,100.0,40.0,25,1,1,,1
주식회사 성균바이오텍; 성균관대학교,한국식품연구원,48.28,31.2,47.24,100.0,30.77,25,1,1,,1
주식회사 세스텍; 한양대학교,한국전자통신연구원,56.03,62.4,47.24,100.0,20.0,25,2,1,,1
주식회사 센서위드유,한국과학기술원,68.11,100.0,47.24,100.0,8.7,50,5,2,,1
주식회사 센플러스,한국과학기술원,43.67,31.2,47.24,100.0,0.0,25,1,1,,1
주식회사 셀레스트라,셀레스트라; 울산과학기술원,72.17,100.0,47.24,100.0,35.71,50,4,2,,1
주식회사 셀바스에이아이; 연세대학교,한국과학기술연구원,54.99,62.4,47.24,100.0,13.04,25,2,1,,1
주식회사 셀바스에이아이; 전남대학교,한국과학기술원,53.03,62.4,47.24,100.0,0.0,25,2,1,,1
주식회사 솔루엠,한국과학기술원,56.03,62.4,47.24,100.0,20.0,25,2,1,,1
주식회사 솔루엠,현대자동차; 기아; 한국과학기술원,45.81,31.2,47.24,100.0,14.29,25,1,1,,1
주식회사 슈파인; 원광대학교,한국화학연구원,56.24,62.4,47.24,100.0,21.43,25,2,1,,1
주식회사 스마트에어챔버,스마트에어챔버; 한국건설기술연구원,73.31,100.0,47.24,100.0,26.67,75,7,3,,1
주식회사 스마트에어챔버,한국건설기술연구원,68.03,62.4,47.24,100.0,100.0,25,2,1,,1
주식회사 스카이칩스; 성균관대학교,한국전자통신연구원,43.67,31.2,47.24,100.0,0.0,25,1,1,,1
주식회사 시나몬바이오,한국과학기술연구원,67.39,93.6,47.24,100.0,33.33,25,3,1,,1
주식회사 시나프디자인; 국립금오공과대학교,한국기계연구원,45.17,31.2,47.24,100.0,10.0,25,1,1,,1
주식회사 시너지이노베이션; 서울대학교,삼성전자; 한국과학기술원,65.39,93.6,47.24,100.0,20.0,25,3,1,,1
주식회사 시너지이노베이션; 서울대학교,한국전자통신연구원,64.89,93.6,47.24,100.0,16.67,25,3,1,,1
주식회사 시너지이노베이션; 서울대학교,한국과학기술원,54.9,62.4,47.24,100.0,12.5,25,2,1,,1
주식회사 신진,한국기계연구원,68.85,100.0,47.24,100.0,13.64,50,6,2,,1
주식회사 싸이버메딕; 전북대학교,울산과학기술원,43.67,31.2,47.24,100.0,0.0,25,1,1,,1
주식회사 싸이버메딕; 한양대학교,국방과학연구소; 한국과학기술원,67.39,93.6,47.24,100.0,33.33,25,3,1,,1
주식회사 싸이트로닉; 호서대학교,한국첨단소재; 재단법인대구경북과학기술원,45.17,31.2,47.24,100.0,10.0,25,1,1,,1
주식회사 씨디젠; 성균관대학교,울산과학기술원,53.03,62.4,47.24,100.0,0.0,25,2,1,,1
주식회사 아르고스다인; 포항공과대학교,한국에너지기술연구원,56.78,62.4,47.24,100.0,25.0,25,2,1,,1
주식회사 아모; 국립공주대학교,한국기계연구원,47.42,31.2,47.24,100.0,25.0,25,1,1,,1
주식회사 아모그린텍,한국과학기술연구원,65.25,100.0,47.24,100.0,6.25,25,4,1,,1
주식회사 아모그린텍,한국과학기술원,65.12,93.6,47.24,100.0,18.18,25,3,1,,1
주식회사 아모그린텍,라디안큐바이오; 광주과학기술원,55.17,62.4,47.24,100.0,14.29,25,2,1,,1
주식회사 아모그린텍,한국과학기술원; 동우 화인켐,55.03,62.4,47.24,100.0,13.33,25,2,1,,1
주식회사 아모그린텍,한국화학연구원,49.44,31.2,47.24,100.0,38.46,25,1,1,,1
주식회사 아모그린텍,한국원자력연구원,46.4,31.2,47.24,100.0,18.18,25,1,1,,1
주식회사 아모그린텍,울산과학기술원,43.67,31.2,47.24,100.0,0.0,25,1,1,,1
주식회사 아모라이프사이언스; 부산대학교,울산과학기술원,66.67,93.6,47.24,100.0,28.57,25,3,1,,1
주식회사 아모메디; 조선대학교,티맥; 한국생명공학연구원,43.67,31.2,47.24,100.0,0.0,25,1,1,,1
주식회사 아이디어스; 신안산대학교,한국원자력연구원,53.03,62.4,47.24,100.0,0.0,25,2,1,,1
주식회사 아이지에스피; 경북대학교,새빗켐; 한국기계연구원,45.03,31.2,47.24,100.0,9.09,25,1,1,,1
주식회사 아진엑스텍,한국해양과학기술원,62.39,93.6,47.24,100.0,0.0,25,3,1,,1
주식회사 아토큐앤에이; 원광대학교,한국 한의학 연구원; 한국식품연구원,47.2,31.2,47.24,100.0,23.53,25,1,1,,1
주식회사 아펙스에이아이; 인하대학교,한국화학연구원,44.5,31.2,47.24,100.0,5.56,25,1,1,,1
주식회사 에네스지; 국립공주대학교,오토피디아; 한국과학기술원,47.42,31.2,47.24,100.0,25.0,25,1,1,,1
주식회사 에드오션,한국해양과학기술원,67.19,100.0,47.24,100.0,19.23,25,7,1,,1
주식회사 에스엠텍,한국철도기술연구원; 한국건설기술연구원,65.72,93.6,47.24,100.0,22.22,25,3,1,,1
주식회사 에스원,울산과학기술원,63.89,93.6,47.24,100.0,10.0,25,3,1,,1
주식회사 에스원,한국과학기술연구원; 재단법인 실감교류인체감응솔루션연구단,63.18,93.6,47.24,100.0,5.26,25,3,1,,1
주식회사 에스티아이씨앤디,에스티아이씨앤디; 한국전기연구원,69.54,100.0,47.24,100.0,18.18,50,4,2,,1
주식회사 에이아이트릭스,한국전자통신연구원,46.67,31.2,47.24,100.0,20.0,25,1,1,,1
주식회사 에이엠에이치시스템즈; 광주과학기술원; 국립금오공과대학교,광주과학기술원,65.56,100.0,47.24,100.0,8.33,25,5,1,,1
주식회사 에이치에이치에스; 울산과학대학교,한국전자통신연구원,55.34,62.4,47.24,100.0,15.38,25,2,1,,1
주식회사 에이치엘클레무브; 숭실대학교,한국전자통신연구원,55.53,62.4,47.24,100.0,16.67,25,2,1,,1
주식회사 에이코닉,에이코닉; 광주과학기술원,47.76,31.2,47.24,100.0,27.27,25,1,1,,1
주식회사 에임메드,재단법인대구경북과학기술원,56.03,62.4,47.24,100.0,20.0,25,2,1,,1
주식회사 에코시안; 세종대학교,한국건설기술연구원,71.5,100.0,47.24,100.0,31.25,50,6,2,,1
주식회사 에코프로,한국화학연구원,58.03,62.4,47.24,100.0,33.33,25,2,1,,1
주식회사 엑스에프씨; 서울대학교,한국과학기술연구원,59.03,62.4,47.24,100.0,40.0,25,2,1,,1
주식회사 엔게인; 세종대학교,한국과학기술원,53.03,62.4,47.24,100.0,0.0,25,2,1,,1
주식회사 엔솔바이오사이언스,엔솔바이오사이언스; 한국해양과학기술원,76.81,100.0,47.24,100.0,83.33,25,4,1,,1
주식회사 엔솔바이오사이언스,고등기술연구원연구조합; 한국해양과학기술원,75.56,100.0,47.24,100.0,41.67,75,7,3,,1
주식회사 엔솔바이오사이언스,한국해양과학기술원,65.12,93.6,47.24,100.0,18.18,25,3,1,,1
주식회사 엔솔바이오사이언스,한국에너지기술연구원; 한국해양과학기술원,56.36,62.4,47.24,100.0,22.22,25,2,1,,1
주식회사 엔솔바이오사이언스,한국에너지기술연구원,55.17,62.4,47.24,100.0,14.29,25,2,1,,1
주식회사 엔씨소프트; 강원대학교,한국전자통신연구원,66.14,93.6,47.24,100.0,25.0,25,3,1,,1
주식회사 엔씨소프트; 연세대학교,한국과학기술원,55.17,62.4,47.24,100.0,14.29,25,2,1,,1
주식회사 엔에스텍; 국립부경대학교,정지현; 한국식품연구원,47.95,31.2,47.24,100.0,28.57,25,1,1,,1
주식회사 엔케이; 국립한국해양대학교,한국에너지기술연구원,53.03,62.4,47.24,100.0,0.0,25,2,1,,1
주식회사 엔포텍디에스,한국건설기술연구원,45.54,31.2,47.24,100.0,12.5,25,1,1,,1
주식회사 엘에스과학기술원,엘에스과학기술원,73.39,100.0,47.24,100.0,10.53,100,10,4,,1
주식회사 엘에스과학기술원,엘에스과학기술원; 재단법인 해양심층수산업 고성진흥원,66.81,100.0,47.24,100.0,0.0,50,4,2,,1
주식회사 엘에스과학기술원,엘에스과학기술원; 강원특별자치도 고성군,55.17,62.4,47.24,100.0,14.29,25,2,1,,1
주식회사 엘엑스세미콘,한국과학기술원,53.03,62.4,47.24,100.0,0.0,25,2,1,,1
주식회사 엘엑스세미콘,한국전자통신연구원,43.67,31.2,47.24,100.0,0.0,25,1,1,,1
주식회사 엘지생활건강,한국생명공학연구원; 한국 한의학 연구원,49.92,31.2,47.24,100.0,41.67,25,1,1,,1
주식회사 엘지에너지솔루션,현대자동차; 기아; 한국과학기술원,77.64,100.0,47.24,100.0,55.56,75,5,3,,1
주식회사 엘지에너지솔루션,엘지에너지솔루션; 한국과학기술원,66.89,93.6,47.24,100.0,30.0,25,3,1,,1
주식회사 엘지에너지솔루션,한국과학기술연구원,48.67,31.2,47.24,100.0,33.33,25,1,1,,1
주식회사 엘지에너지솔루션,울산과학기술원,45.34,31.2,47.24,100.0,11.11,25,1,1,,1
주식회사 엘지에너지솔루션; 서울대학교,한국과학기술원,65.53,62.4,47.24,100.0,83.33,25,2,1,,1
주식회사 엘지에너지솔루션; 서울대학교,울산과학기술원,45.81,31.2,47.24,100.0,14.29,25,1,1,,1
주식회사 엘지에너지솔루션; 연세대학교,한국화학연구원,67.64,100.0,47.24,100.0,5.56,50,4,2,,1
주식회사 엘지에너지솔루션; 연세대학교,재단법인대구경북과학기술원,54.18,62.4,47.24,100.0,7.69,25,2,1,,1
주식회사 엘지에너지솔루션; 연세대학교,한국전기연구원,44.82,31.2,47.24,100.0,7.69,25,1,1,,1
주식회사 엘지에너지솔루션; 연세대학교,한국화학연구원; 국방과학연구소,43.67,31.2,47.24,100.0,0.0,25,1,1,,1
주식회사 엘지에너지솔루션; 포항공과대학교,한국화학연구원,66.14,93.6,47.24,100.0,25.0,25,3,1,,1
주식회사 엘지에너지솔루션; 포항공과대학교,한국과학기술원,64.7,93.6,47.24,100.0,15.38,25,3,1,,1
주식회사 엘지에너지솔루션; 포항공과대학교,한국에너지기술연구원,47.42,31.2,47.24,100.0,25.0,25,1,1,,1
주식회사 엘지에너지솔루션; 한양대학교 에리카,한국화학연구원,48.17,31.2,47.24,100.0,30.0,25,1,1,,1
주식회사 엘지유플러스; 서울대학교,한국전자통신연구원,45.54,31.2,47.24,100.0,12.5,25,1,1,,1
주식회사 엘지화학,울산과학기술원,77.29,100.0,47.24,100.0,36.54,100,15,5,,1
주식회사 엘지화학,한국과학기술원,74.67,100.0,47.24,100.0,19.05,100,9,6,,1
주식회사 엘지화학,한국화학연구원,74.67,100.0,47.24,100.0,19.05,100,6,4,,1
주식회사 엘지화학,한국과학기술연구원,74.54,100.0,47.24,100.0,34.88,75,14,3,,1
주식회사 엘지화학,한국에너지기술연구원,73.2,100.0,47.24,100.0,25.93,75,5,3,,1
주식회사 엘지화학,엘지화학; 한국과학기술원,72.1,100.0,47.24,100.0,35.29,50,4,2,,1
주식회사 엘지화학,재단법인대구경북과학기술원,69.67,100.0,47.24,100.0,19.05,50,11,2,,1
주식회사 엘지화학,한국전기연구원,69.67,100.0,47.24,100.0,35.71,25,5,1,,1
주식회사 엘지화학,광주과학기술원,68.52,100.0,47.24,100.0,11.43,50,4,2,,1
주식회사 엘지화학,엘지화학; 재단법인대구경북과학기술원,68.42,100.0,47.24,100.0,10.71,50,5,2,,1
주식회사 엘지화학,엘지화학; 울산과학기술원,65.8,93.6,47.24,100.0,22.73,25,3,1,,1
주식회사 엘지화학,한국전자통신연구원,65.39,93.6,47.24,100.0,20.0,25,3,1,,1
주식회사 엘지화학,엘지에너지솔루션; 재단법인대구경북과학기술원,59.03,62.4,47.24,100.0,40.0,25,2,1,,1
주식회사 엘지화학,현대자동차; 기아; 광주과학기술원,54.1,62.4,47.24,100.0,7.14,25,2,1,,1
주식회사 엘지화학,엘지에너지솔루션; 한국과학기술원,53.91,62.4,47.24,100.0,5.88,25,2,1,,1
주식회사 엘지화학,한국과학기술원; 한국화학연구원,51.17,31.2,47.24,100.0,50.0,25,1,1,,1
주식회사 엘지화학,한국과학기술원;케이씨씨,46.48,31.2,47.24,100.0,18.75,25,1,1,,1
주식회사 엘지화학,케이씨씨; 한국과학기술원,44.74,31.2,47.24,100.0,7.14,25,1,1,,1
주식회사 엘지화학; 강원대학교,한국전기연구원,66.76,93.6,47.24,100.0,12.5,50,3,2,,1
주식회사 엘지화학; 강원대학교,한국과학기술연구원,58.03,62.4,47.24,100.0,33.33,25,2,1,,1
주식회사 엘지화학; 동국대학교,한국과학기술연구원,46.17,31.2,47.24,100.0,16.67,25,1,1,,1
주식회사 엘지화학; 부산대학교,한국화학연구원,69.67,100.0,47.24,100.0,35.71,25,8,1,,1
주식회사 엘지화학; 부산대학교,한국과학기술원,46.67,31.2,47.24,100.0,20.0,25,1,1,,1
주식회사 엘지화학; 서강대학교,한국화학연구원,68.01,93.6,47.24,100.0,37.5,25,3,1,,1
주식회사 엘지화학; 서울대학교,한국과학기술연구원,59.28,62.4,47.24,100.0,25.0,50,2,2,,1
주식회사 엘지화학; 서울대학교,한국화학연구원,52.42,31.2,47.24,100.0,58.33,25,1,1,,1
주식회사 엘지화학; 서울대학교,한국건설기술연구원,43.67,31.2,47.24,100.0,0.0,25,1,1,,1
주식회사 엘지화학; 성균관대학교,한국에너지기술연구원,64.53,93.6,47.24,100.0,14.29,25,3,1,,1
주식회사 엘지화학; 성균관대학교,한국화학연구원,55.03,62.4,47.24,100.0,13.33,25,2,1,,1
주식회사 엘지화학; 연세대학교,엘지화학; 한국과학기술원,58.99,62.4,47.24,100.0,23.08,50,2,2,,1
주식회사 엘지화학; 울산과학기술원,한국전기연구원,64.89,93.6,47.24,100.0,16.67,25,3,1,,1
주식회사 엘지화학; 울산과학기술원,울산과학기술원,47.95,31.2,47.24,100.0,28.57,25,1,1,,1
주식회사 엘지화학; 포항공과대학교,한국과학기술연구원,72.41,100.0,47.24,100.0,20.69,75,6,3,,1
주식회사 엘지화학; 포항공과대학교,한국화학연구원,70.98,100.0,47.24,100.0,27.78,50,5,2,,1
주식회사 엘지화학; 포항공과대학교,엘지에너지솔루션; 한국과학기술원,67.12,100.0,47.24,100.0,18.75,25,4,1,,1
주식회사 엘지화학; 포항공과대학교,엘지화학; 재단법인대구경북과학기술원,66.07,100.0,47.24,100.0,11.76,25,4,1,,1
주식회사 엘지화학; 포항공과대학교,광주과학기술원,59.46,62.4,47.24,100.0,42.86,25,2,1,,1
주식회사 엘지화학; 포항공과대학교,와이파인텍; 한국화학연구원,58.48,62.4,47.24,100.0,36.36,25,2,1,,1
주식회사 엘지화학; 포항공과대학교,한국과학기술원,56.53,62.4,47.24,100.0,6.67,50,2,2,,1
주식회사 엘지화학; 포항공과대학교,엘지에너지솔루션; 울산과학기술원,50.59,31.2,47.24,100.0,46.15,25,1,1,,1
주식회사 엘지화학; 포항공과대학교,울산과학기술원,50.34,31.2,47.24,100.0,44.44,25,1,1,,1
주식회사 엘지화학; 포항공과대학교,재단법인대구경북과학기술원,44.82,31.2,47.24,100.0,7.69,25,1,1,,1
주식회사 엘지화학; 포항공과대학교,울산과학기술원; 한국화학연구원,43.67,31.2,47.24,100.0,0.0,25,1,1,,1
주식회사 엘지화학; 한양대학교,한국에너지기술연구원,69.89,93.6,47.24,100.0,50.0,25,3,1,,1
주식회사 엘지화학; 한양대학교,울산과학기술원,64.31,100.0,47.24,100.0,0.0,25,4,1,,1
주식회사 엘지화학; 한양대학교,한국과학기술원,53.74,62.4,47.24,100.0,4.76,25,2,1,,1
주식회사 엘지화학; 한양대학교,한국기계연구원,49.29,31.2,47.24,100.0,37.5,25,1,1,,1
주식회사 엘지화학; 한양대학교,한국과학기술연구원,43.67,31.2,47.24,100.0,0.0,25,1,1,,1
주식회사 엘지화학; 한양대학교,한국과학기술원; 기초과학연구원,43.67,31.2,47.24,100.0,0.0,25,1,1,,1
주식회사 엘지화학; 한양대학교 에리카,한국과학기술연구원,59.28,62.4,47.24,100.0,41.67,25,2,1,,1
주식회사 엘지화학; 한양대학교 에리카,한국기계연구원,54.39,62.4,47.24,100.0,9.09,25,2,1,,1
주식회사 엘케이웨이; 제주한라대학교,한국해양과학기술원,53.03,62.4,47.24,100.0,0.0,25,2,1,,1
주식회사 엘티전자; (주)디지탈솔루션; 연세대학교,한국과학기술원,43.67,31.2,47.24,100.0,0.0,25,1,1,,1
주식회사 엠아이텍,한국기계연구원,67.52,100.0,47.24,100.0,21.43,25,4,1,,1
주식회사 엠아이텍; 연세대학교,광주과학기술원,59.03,62.4,47.24,100.0,40.0,25,2,1,,1
주식회사 엠에스 오토텍; 울산대학교,한국기계연구원,55.76,62.4,47.24,100.0,18.18,25,2,1,,1
주식회사 엠엘브이,한국전자통신연구원,46.67,31.2,47.24,100.0,20.0,25,1,1,,1
주식회사 엠텍; 주식회사 만금엔지니어링; 경북대학교,한국건설기술연구원,49.29,31.2,47.24,100.0,37.5,25,1,1,,1
주식회사 엠프로스; 전북대학교,재단법인대구경북과학기술원,55.53,62.4,47.24,100.0,16.67,25,2,1,,1
주식회사 엠프로스; 전북대학교,한국전자통신연구원,46.17,31.2,47.24,100.0,16.67,25,1,1,,1
주식회사 엠프로스; 전북대학교,한국과학기술연구원,43.67,31.2,47.24,100.0,0.0,25,1,1,,1
주식회사 오성; 전북대학교,한국과학기술연구원; 한국기초과학지원연구원,45.03,31.2,47.24,100.0,9.09,25,1,1,,1
주식회사 옴니벤트,한국건설기술연구원;옴니벤트,55.17,62.4,47.24,100.0,14.29,25,2,1,,1
주식회사 옴니벤트,한국에너지기술연구원,53.03,62.4,47.24,100.0,0.0,25,2,1,,1
주식회사 우경일렉텍; 인천대학교,한국에너지기술연구원,43.67,31.2,47.24,100.0,0.0,25,1,1,,1
주식회사 우리나노; 전북대학교,한국과학기술원,74.12,100.0,47.24,100.0,15.38,100,9,4,,1
주식회사 우리나노; 전북대학교,한국과학기술연구원,43.67,31.2,47.24,100.0,0.0,25,1,1,,1
주식회사 원바이오젠; 국립금오공과대학교,광주과학기술원,66.96,100.0,47.24,100.0,17.65,25,4,1,,1
주식회사 원바이오젠; 국립금오공과대학교,한국과학기술원,54.7,62.4,47.24,100.0,11.11,25,2,1,,1
주식회사 원바이오젠; 국립금오공과대학교,한국과학기술원; 씨제이제일제당,53.03,62.4,47.24,100.0,0.0,25,2,1,,1
주식회사 원준하이테크; 서울시립대학교,한국건설기술연구원,53.03,62.4,47.24,100.0,0.0,25,2,1,,1
주식회사 월드텍; 상지영서대학교,한국전자통신연구원,44.67,31.2,47.24,100.0,6.67,25,1,1,,1
주식회사 웰나노스; 국립강릉원주대학교,한국과학기술원,62.39,93.6,47.24,100.0,0.0,25,3,1,,1
주식회사 웰닉스; 서울대학교,한국전기연구원,65.38,100.0,47.24,100.0,7.14,25,4,1,,1
주식회사 윌러스표준기술연구소,광주과학기술원,66.14,93.6,47.24,100.0,25.0,25,3,1,,1
주식회사 유뱃,현대자동차; 기아; 울산과학기술원,53.65,62.4,47.24,100.0,4.17,25,2,1,,1
주식회사 유비콤; 충북대학교,한국전기연구원,63.39,93.6,47.24,100.0,6.67,25,3,1,,1
주식회사 유티아,한국건설기술연구원,69.81,100.0,47.24,100.0,20.0,50,7,2,,1
주식회사 유티아,한국해양과학기술원,44.92,31.2,47.24,100.0,8.33,25,1,1,,1
주식회사 이노맥신; 전북대학교,한국지질자원연구원,67.31,100.0,47.24,100.0,20.0,25,6,1,,1
주식회사 이노백; 강원대학교,한국해양과학기술원,44.46,31.2,47.24,100.0,5.26,25,1,1,,1
주식회사 이노켐텍,한국화학연구원;시온텍;이노켐텍,65.12,93.6,47.24,100.0,18.18,25,3,1,,1
주식회사 이바이오젠; 서울과학기술대학교,광주과학기술원,63.39,93.6,47.24,100.0,6.67,25,3,1,,1
주식회사 이바이오젠; 서울과학기술대학교,한국기계연구원,44.61,31.2,47.24,100.0,6.25,25,1,1,,1
주식회사 이비엠리더,이비엠리더; 한국건설기술연구원,76.31,100.0,47.24,100.0,80.0,25,6,1,,1
주식회사 이비엠리더,한국건설기술연구원;이비엠리더; 현대건설,72.31,100.0,47.24,100.0,20.0,75,14,3,,1
주식회사 이비엠리더,한국건설기술연구원,43.67,31.2,47.24,100.0,0.0,25,1,1,,1
주식회사 이앤알솔라; 영남대학교,한국과학기술연구원,46.67,31.2,47.24,100.0,20.0,25,1,1,,1
주식회사 이에스텍; 국립금오공과대학교,한국에너지기술연구원,68.39,93.6,47.24,100.0,40.0,25,3,1,,1
주식회사 이주,한국과학기술원; 씨제이제일제당,62.39,93.6,47.24,100.0,0.0,25,3,1,,1
주식회사 이주,한국세라믹기술원; 울산과학기술원;이주,45.54,31.2,47.24,100.0,12.5,25,1,1,,1
주식회사 이주,한국과학기술원;아이디케이랩,43.67,31.2,47.24,100.0,0.0,25,1,1,,1
주식회사 인바디; 울산대학교,한국과학기술원,60.53,62.4,47.24,100.0,50.0,25,2,1,,1
주식회사 인세리브로; 고려대학교 세종,한국화학연구원,45.67,31.2,47.24,100.0,13.33,25,1,1,,1
주식회사 인투텍,한국건설기술연구원,43.67,31.2,47.24,100.0,0.0,25,1,1,,1
주식회사 인포마인드; 제주대학교,한국전자통신연구원,46.17,31.2,47.24,100.0,16.67,25,1,1,,1
주식회사 제넥신; 포항공과대학교,한국과학기술원,45.03,31.2,47.24,100.0,9.09,25,1,1,,1
주식회사 제드건축사사무소; 명지대학교,한국에너지기술연구원,58.65,62.4,47.24,100.0,37.5,25,2,1,,1
주식회사 제드건축사사무소; 명지대학교,한국과학기술원,56.19,62.4,47.24,100.0,21.05,25,2,1,,1
주식회사 제이마이크로,한국기계연구원,57.4,62.4,47.24,100.0,12.5,50,2,2,,1
주식회사 제이마이크로,한국과학기술원;제이마이크로,46.88,31.2,47.24,100.0,21.43,25,1,1,,1
주식회사 제이마이크로; 한국과학기술원; 동신대학교,한국과학기술원;에이투어스; 한국기계연구원,69.89,93.6,47.24,100.0,50.0,25,3,1,,1
주식회사 제이마이크로; 한국과학기술원; 동신대학교,한국과학기술원;에이투어스,47.13,31.2,47.24,100.0,23.08,25,1,1,,1
주식회사 제이마이크로; 한국과학기술원; 동신대학교,에이투어스; 한국과학기술원,46.88,31.2,47.24,100.0,21.43,25,1,1,,1
주식회사 제이비케이파마슈티컬; 재단법인 전남바이오진흥원; 전남대학교,한국과학기술연구원,54.9,62.4,47.24,100.0,12.5,25,2,1,,1
주식회사 제이비케이파마슈티컬; 전남대학교,한국생명공학연구원,53.67,31.2,47.24,100.0,66.67,25,1,1,,1
주식회사 제이비티; (주)큐버솔루션; 충북대학교,한국전자통신연구원,69.93,100.0,47.24,100.0,37.5,25,6,1,,1
주식회사 제철세라믹,한국건설기술연구원,45.54,31.2,47.24,100.0,12.5,25,1,1,,1
주식회사 중앙백신연구소; 조선대학교,한국생명공학연구원,69.54,100.0,47.24,100.0,18.18,50,12,2,,1
주식회사 지엘머티리얼즈,한국과학기술연구원; 재단법인 멀티스케일 에너지시스템 연구단,66.96,100.0,47.24,100.0,17.65,25,8,1,,1
주식회사 지엘머티리얼즈,현대자동차; 기아; 한국과학기술연구원,56.24,62.4,47.24,100.0,21.43,25,2,1,,1
주식회사 지엘머티리얼즈,한국과학기술연구원,46.17,31.2,47.24,100.0,16.67,25,1,1,,1
주식회사 지오그린21; 고려대학교,한국원자력연구원,54.39,62.4,47.24,100.0,9.09,25,2,1,,1
주식회사 지오뷰,한국지질자원연구원;지오뷰,71.81,100.0,47.24,100.0,16.67,75,4,3,,1
주식회사 지오뷰,한국지질자원연구원,70.56,100.0,47.24,100.0,25.0,50,4,2,,1
주식회사 지오뷰,지오뷰; 한국지질자원연구원,68.06,100.0,47.24,100.0,25.0,25,6,1,,1
주식회사 지오뷰,한국해양과학기술원,47.0,31.2,47.24,100.0,22.22,25,1,1,,1
주식회사 지원이엔지; 주식회사 제일테크노스; 서울시립대학교,한국건설기술연구원,59.46,62.4,47.24,100.0,42.86,25,2,1,,1
주식회사 진상; 동아대학교,한국생명공학연구원,49.67,31.2,47.24,100.0,40.0,25,1,1,,1
주식회사 진생사이언스; 가천대학교,한국과학기술원; 재단법인 지능형 바이오 시스템 설계 및 합성 연구단,57.4,62.4,47.24,100.0,12.5,50,2,2,,1
주식회사 칩스앤미디어,한국전자통신연구원;칩스앤미디어,71.45,93.6,47.24,100.0,43.75,50,3,2,,1
주식회사 칩스앤미디어; 세종대학교,한국전자통신연구원,45.81,31.2,47.24,100.0,14.29,25,1,1,,1
주식회사 카나프테라퓨틱스,카나프테라퓨틱스; 한국화학연구원,58.67,31.2,47.24,100.0,100.0,25,1,1,,1
주식회사 케이디파워; 서울대학교,대영씨엔이; 재단법인강원테크노파크; 한국지질자원연구원; 하이리움산업,54.7,62.4,47.24,100.0,11.11,25,2,1,,1
주식회사 케이벨; 목원대학교,한국전자통신연구원,56.78,62.4,47.24,100.0,25.0,25,2,1,,1
주식회사 케이씨씨,한국과학기술연구원,69.08,100.0,47.24,100.0,31.82,25,7,1,,1
주식회사 케이씨씨,한국과학기술원,66.48,93.6,47.24,100.0,27.27,25,3,1,,1
주식회사 케이씨씨,한국기계연구원,64.89,93.6,47.24,100.0,16.67,25,3,1,,1
주식회사 케이씨씨; 연세대학교 미래,한국원자력연구원,53.03,62.4,47.24,100.0,0.0,25,2,1,,1
주식회사 케이씨이노베이션,한국화학연구원,54.53,62.4,47.24,100.0,10.0,25,2,1,,1
주식회사 케이씨이노베이션,케이씨이노베이션; 한국화학연구원,51.17,31.2,47.24,100.0,50.0,25,1,1,,1
주식회사 케이씨이노베이션,한국에너지기술연구원,47.42,31.2,47.24,100.0,25.0,25,1,1,,1
주식회사 케이티,한국과학기술원,73.06,100.0,47.24,100.0,25.0,75,6,3,,1
주식회사 케이티,한국전자통신연구원,72.49,100.0,47.24,100.0,4.55,100,13,6,,1
주식회사 케이티,울산과학기술원,63.89,93.6,47.24,100.0,10.0,25,3,1,,1
주식회사 케이티,한국과학기술연구원,60.53,62.4,47.24,100.0,50.0,25,2,1,,1
주식회사 케이티,광주과학기술원,53.03,62.4,47.24,100.0,0.0,25,2,1,,1
주식회사 케이티,한국과학기술원;파이버프로,43.67,31.2,47.24,100.0,0.0,25,1,1,,1
주식회사 케이티; 서울대학교,한국전자통신연구원,57.57,62.4,47.24,100.0,13.64,50,2,2,,1
주식회사 케이티; 연세대학교,한국과학기술연구원,65.56,100.0,47.24,100.0,8.33,25,4,1,,1
주식회사 케이티; 연세대학교,한국과학기술원,65.31,100.0,47.24,100.0,6.67,25,4,1,,1
주식회사 케이티; 연세대학교,재단법인대구경북과학기술원,59.7,62.4,47.24,100.0,44.44,25,2,1,,1
주식회사 케이티; 연세대학교,광주과학기술원,56.03,62.4,47.24,100.0,20.0,25,2,1,,1
주식회사 케이티; 인하대학교,한국과학기술연구원,66.89,93.6,47.24,100.0,30.0,25,3,1,,1
주식회사 케이티; 인하대학교,한국건설기술연구원,63.89,93.6,47.24,100.0,10.0,25,3,1,,1
주식회사 케이티; 인하대학교,한국전자통신연구원,60.53,62.4,47.24,100.0,50.0,25,2,1,,1
주식회사 케이티; 포항공과대학교,한국전자통신연구원,67.03,93.6,47.24,100.0,14.29,50,3,2,,1
주식회사 케이티; 포항공과대학교,한국과학기술연구원,46.67,31.2,47.24,100.0,20.0,25,1,1,,1
주식회사 코나솔,코나솔; 한국과학기술원,55.17,62.4,47.24,100.0,14.29,25,2,1,,1
주식회사 코듀크리에이티브; 서울과학기술대학교,한국기계연구원,46.4,31.2,47.24,100.0,18.18,25,1,1,,1
주식회사 코빅푸드; 세종대학교,한국식품연구원,63.75,93.6,47.24,100.0,9.09,25,3,1,,1
주식회사 코윈디에스티,한국과학기술원,55.34,62.4,47.24,100.0,15.38,25,2,1,,1
주식회사 코트라스; 계명대학교,한국전자통신연구원,43.67,31.2,47.24,100.0,0.0,25,1,1,,1
주식회사 콤슨테크놀러지; 을지대학교,한국기계연구원,48.67,31.2,47.24,100.0,33.33,25,1,1,,1
주식회사 퀀타매트릭스; 서울대학교,한국과학기술연구원,53.03,62.4,47.24,100.0,0.0,25,2,1,,1
주식회사 큐버; 한신대학교,한국과학기술원,63.64,93.6,47.24,100.0,8.33,25,3,1,,1
주식회사 큐브인; 경민대학교,한국건설기술연구원,63.22,93.6,47.24,100.0,5.56,25,3,1,,1
주식회사 클라리파이; 서울대학교,한국과학기술원,69.31,93.6,47.24,100.0,46.15,25,3,1,,1
주식회사 클라리파이; 서울대학교,한국과학기술연구원,54.7,62.4,47.24,100.0,11.11,25,2,1,,1
주식회사 테그웨이,한국과학기술연구원,69.31,100.0,47.24,100.0,33.33,25,4,1,,1
주식회사 테그웨이,한국과학기술원,65.72,93.6,47.24,100.0,22.22,25,3,1,,1
주식회사 테그웨이,한국전기연구원,45.54,31.2,47.24,100.0,12.5,25,1,1,,1
주식회사 테크로스홀딩스,테크로스; 한국과학기술연구원,70.08,100.0,47.24,100.0,38.46,25,6,1,,1
주식회사 토닥,토닥; 한국과학기술원,47.95,31.2,47.24,100.0,28.57,25,1,1,,1
주식회사 토리컴; 국립강릉원주대학교,한국화학연구원,64.06,93.6,47.24,100.0,11.11,25,3,1,,1
주식회사 토리컴; 한양대학교,한국지질자원연구원,71.39,93.6,47.24,100.0,60.0,25,3,1,,1
주식회사 토모큐브,토모큐브; 한국과학기술원,73.81,100.0,47.24,100.0,13.33,100,15,5,,1
주식회사 토모큐브,울산과학기술원,72.75,100.0,47.24,100.0,6.25,100,4,4,,1
주식회사 토모큐브,한국전자통신연구원,69.17,93.6,47.24,100.0,28.57,50,3,2,,1
주식회사 토모큐브,한국과학기술연구원,43.67,31.2,47.24,100.0,0.0,25,1,1,,1
주식회사 투그램시스템즈; 주식회사 지마린서비스; 동아대학교,한국과학기술원,46.17,31.2,47.24,100.0,16.67,25,1,1,,1
주식회사 티맥,티맥; 한국생명공학연구원,56.03,62.4,47.24,100.0,20.0,25,2,1,,1
주식회사 티앤알바이오팹; 포항공과대학교,재단법인대구경북과학기술원,49.67,31.2,47.24,100.0,40.0,25,1,1,,1
주식회사 티앤알바이오팹; 한국공학대학교,울산과학기술원,47.42,31.2,47.24,100.0,25.0,25,1,1,,1
주식회사 티앤알바이오팹; 한국공학대학교,재단법인대구경북과학기술원,47.08,31.2,47.24,100.0,22.73,25,1,1,,1
주식회사 티앤알바이오팹; 한국공학대학교,한국기계연구원,44.27,31.2,47.24,100.0,4.0,25,1,1,,1
주식회사 티에스테크,티에스테크; 한국건설기술연구원,47.95,31.2,47.24,100.0,28.57,25,1,1,,1
주식회사 티엔엔터테인먼트; 충남대학교,천보; 재단법인대구경북과학기술원,66.14,93.6,47.24,100.0,25.0,25,3,1,,1
주식회사 티푸스코리아; 청운대학교 인천캠퍼스,한국건설기술연구원;엔비텍이앤씨;엔에스테크닉스,63.03,62.4,47.24,100.0,66.67,25,2,1,,1
주식회사 퍼시스홀딩스; 한경국립대학교,재단법인대구경북과학기술원,55.34,62.4,47.24,100.0,15.38,25,2,1,,1
주식회사 퍼시스홀딩스; 한경국립대학교,한국과학기술연구원,50.1,31.2,47.24,100.0,42.86,25,1,1,,1
주식회사 페스텍,한국과학기술연구원,54.53,62.4,47.24,100.0,10.0,25,2,1,,1
주식회사 페스텍,한국건설기술연구원,47.0,31.2,47.24,100.0,22.22,25,1,1,,1
주식회사 포스코티엠씨,에스티아이씨앤디; 한국전기연구원,53.03,62.4,47.24,100.0,0.0,25,2,1,,1
주식회사 포엘,광주과학기술원,62.39,93.6,47.24,100.0,0.0,25,3,1,,1
주식회사 포이닉스,포이닉스; 한국건설기술연구원,70.76,100.0,47.24,100.0,26.32,50,5,2,,1
주식회사 포이닉스,한국건설기술연구원,48.08,31.2,47.24,100.0,29.41,25,1,1,,1
주식회사 풍산에프앤에스,한국과학기술원,65.02,100.0,47.24,100.0,4.76,25,4,1,,1
주식회사 풍산에프앤에스,한국건설기술연구원; 한국과학기술정보연구원,56.03,62.4,47.24,100.0,20.0,25,2,1,,1
주식회사 풍산에프앤에스,한국건설기술연구원,45.34,31.2,47.24,100.0,11.11,25,1,1,,1
주식회사 플라잉스타; 국립금오공과대학교,한국건설기술연구원;뷰메진,45.81,31.2,47.24,100.0,14.29,25,1,1,,1
주식회사 피앤아이; 세종대학교,한국기계연구원,58.67,31.2,47.24,100.0,100.0,25,1,1,,1
주식회사 피에스글로벌; 강원대학교,한국지질자원연구원,53.03,62.4,47.24,100.0,0.0,25,2,1,,1
주식회사 필더세임,한국과학기술원,55.53,62.4,47.24,100.0,16.67,25,2,1,,1
주식회사 필더세임,한국전기연구원,47.42,31.2,47.24,100.0,25.0,25,1,1,,1
주식회사 한국건우엔지니어링; 동국대학교,한국건설기술연구원;에스디씨컨스트룩;가온건설; 김윤기,43.67,31.2,47.24,100.0,0.0,25,1,1,,1
주식회사 한국교량개발연구소,한국건설기술연구원,67.39,93.6,47.24,100.0,33.33,25,3,1,,1
주식회사 한국도시녹화; 국립공주대학교,한국건설기술연구원,54.03,62.4,47.24,100.0,6.67,25,2,1,,1
주식회사 한국무역정보통신,한국전자통신연구원,72.1,100.0,47.24,100.0,35.29,50,10,2,,1
주식회사 한국무역정보통신,한국과학기술원,67.81,100.0,47.24,100.0,6.67,50,5,2,,1
주식회사 한국무역정보통신,한국과학기술원;브이아이소프트,57.03,62.4,47.24,100.0,10.0,50,2,2,,1
주식회사 한국무역정보통신,한국과학기술연구원,56.03,62.4,47.24,100.0,20.0,25,2,1,,1
주식회사 한국분체; 조선대학교,한국지질자원연구원,65.67,100.0,47.24,100.0,9.09,25,4,1,,1
주식회사 한글과컴퓨터,한글과컴퓨터; 한국과학기술원,49.67,31.2,47.24,100.0,40.0,25,1,1,,1
주식회사 한글과컴퓨터; 서울대학교,한국과학기술원,46.67,31.2,47.24,100.0,20.0,25,1,1,,1
주식회사 한빛향료; 강원대학교,한국과학기술연구원,66.14,93.6,47.24,100.0,25.0,25,3,1,,1
주식회사 한설그린,한국건설기술연구원,66.31,100.0,47.24,100.0,13.33,25,6,1,,1
주식회사 한컴인스페이스,한국전자통신연구원,64.39,93.6,47.24,100.0,13.33,25,3,1,,1
주식회사 한컴인스페이스,한국해양과학기술원;지엠티,44.89,31.2,47.24,100.0,8.11,25,1,1,,1
주식회사 한화,한국해양과학기술원,69.74,100.0,47.24,100.0,19.51,50,12,2,,1
주식회사 한화,유투메드텍; 울산과학기술원,44.67,31.2,47.24,100.0,6.67,25,1,1,,1
주식회사 한화,광주과학기술원,44.61,31.2,47.24,100.0,6.25,25,1,1,,1
주식회사 한화건설,한국기계연구원,65.39,93.6,47.24,100.0,20.0,25,3,1,,1
주식회사 해림후코이단; 국립순천대학교,한국원자력연구원,62.39,93.6,47.24,100.0,0.0,25,3,1,,1
주식회사 햅코리아; 가천대학교,한국해양과학기술원,54.9,62.4,47.24,100.0,12.5,25,2,1,,1
주식회사 허브구조엔지니어링; 숭실대학교,한국건설기술연구원,49.67,31.2,47.24,100.0,40.0,25,1,1,,1
주식회사 혜성정밀; 신라대학교,한국기계연구원,65.39,93.6,47.24,100.0,20.0,25,3,1,,1
주식회사 홀로웍스; 경북대학교,한국전자통신연구원,45.34,31.2,47.24,100.0,11.11,25,1,1,,1
주식회사 효원파워텍; 부산대학교,한국전기연구원,46.17,31.2,47.24,100.0,16.67,25,1,1,,1
주식회사 휴엔스; 울산과학대학교,한국에너지기술연구원,45.17,31.2,47.24,100.0,10.0,25,1,1,,1
주식회사경농,한국화학연구원,68.82,93.6,47.24,100.0,42.86,25,3,1,,1
주식회사경농,경농; 한국화학연구원,68.01,93.6,47.24,100.0,37.5,25,3,1,,1
주식회사고려이엔시; 주식회사 유탑엔지니어링; 국립목포대학교,한국건설기술연구원,53.03,62.4,47.24,100.0,0.0,25,2,1,,1
주식회사동일기술공사,한국건설기술연구원;동일기술공사; 서울특별시,63.39,93.6,47.24,100.0,6.67,25,3,1,,1
주식회사동일기술공사; 경희대학교,한국건설기술연구원,65.46,100.0,47.24,100.0,7.69,25,9,1,,1
주식회사머쉬텍; 가톨릭관동대학교,한국과학기술연구원; 농업법인이안,53.03,62.4,47.24,100.0,0.0,25,2,1,,1
주식회사머쉬텍; 가톨릭관동대학교,정지현; 한국식품연구원,46.17,31.2,47.24,100.0,16.67,25,1,1,,1
주식회사메디아나; 한라대학교,광주과학기술원,46.17,31.2,47.24,100.0,16.67,25,1,1,,1
주식회사씨에스텍; 조선대학교,한국식품연구원,45.81,31.2,47.24,100.0,14.29,25,1,1,,1
주식회사제우테크; 제주국제대학교,한국전기연구원,56.03,62.4,47.24,100.0,20.0,25,2,1,,1
주식회사케이베츠; 고려대학교,지오오션; 한국건설기술연구원,52.24,31.2,47.24,100.0,57.14,25,1,1,,1
주식회사케이베츠; 고려대학교,한국전력공사; 한국기계연구원,45.34,31.2,47.24,100.0,11.11,25,1,1,,1
주식회사화신,재단법인대구경북과학기술원,67.47,100.0,47.24,100.0,21.05,25,8,1,,1
주영철; 연세대학교 미래,한국과학기술원,43.67,31.2,47.24,100.0,0.0,25,1,1,,1
중부대학교,한국식품연구원;에코파낙스,62.39,93.6,47.24,100.0,0.0,25,3,1,,1
중부대학교,한국식품연구원,57.67,62.4,47.24,100.0,14.29,50,2,2,,1
중부대학교,한국건설기술연구원,46.4,31.2,47.24,100.0,18.18,25,1,1,,1
중부대학교,한국과학기술연구원,44.74,31.2,47.24,100.0,7.14,25,1,1,,1
중앙대학교,한국식품연구원,75.74,100.0,47.24,100.0,26.23,100,30,16,,1
중앙대학교,한국생명공학연구원,75.64,100.0,47.24,100.0,25.53,100,12,6,,1
중앙대학교,한국건설기술연구원,75.06,100.0,47.24,100.0,21.65,100,22,12,,1
중앙대학교,한국기계연구원,74.83,100.0,47.24,100.0,20.15,100,30,14,,1
중앙대학교,한국전기연구원,74.81,100.0,47.24,100.0,20.0,100,35,13,,1
중앙대학교,한국과학기술연구원,74.76,100.0,47.24,100.0,19.7,100,41,23,,1
중앙대학교,한국전자통신연구원,74.73,100.0,47.24,100.0,19.5,100,99,39,,1
중앙대학교,한국과학기술원,74.72,100.0,47.24,100.0,19.43,100,87,44,,1
중앙대학교,재단법인대구경북과학기술원,74.69,100.0,47.24,100.0,19.18,100,33,18,,1
중앙대학교,울산과학기술원,74.66,100.0,47.24,100.0,19.02,100,33,22,,1
중앙대학교,한국화학연구원,74.13,100.0,47.24,100.0,15.5,100,25,14,,1
중앙대학교,광주과학기술원,74.12,100.0,47.24,100.0,15.38,100,15,8,,1
중앙대학교,한국에너지기술연구원,74.09,100.0,47.24,100.0,15.19,100,14,8,,1
중앙대학교,한국표준과학연구원,73.84,100.0,47.24,100.0,13.51,100,9,4,,1
중앙대학교,한국원자력연구원,72.8,100.0,47.24,100.0,6.58,100,9,7,,1
중앙대학교,한국지질자원연구원,72.52,100.0,47.24,100.0,21.43,75,5,3,,1
중앙대학교,한국해양과학기술원,71.52,100.0,47.24,100.0,14.71,75,5,3,,1
중앙대학교,국방과학연구소; 한국과학기술원,68.17,100.0,47.24,100.0,9.09,50,4,2,,1
중앙대학교,엔이에스바이오테크놀러지; 한국생명공학연구원,66.85,93.6,47.24,100.0,13.04,50,3,2,,1
중앙대학교,인텍에프에이; 광주과학기술원,66.14,93.6,47.24,100.0,25.0,25,3,1,,1
중앙대학교,아모레퍼시픽; 울산과학기술원,63.54,93.6,47.24,100.0,7.69,25,3,1,,1
중앙대학교,씨티케이; 한국과학기술원,62.39,93.6,47.24,100.0,0.0,25,3,1,,1
중앙대학교,엘지전자; 광주과학기술원,60.53,62.4,47.24,100.0,50.0,25,2,1,,1
중앙대학교,유진엠에스; 재단법인대구경북과학기술원,58.48,62.4,47.24,100.0,36.36,25,2,1,,1
중앙대학교,에스케이하이닉스; 한국과학기술원,58.03,62.4,47.24,100.0,33.33,25,2,1,,1
중앙대학교,삼성전자; 한국과학기술원,57.4,62.4,47.24,100.0,12.5,50,2,2,,1
중앙대학교,한전케이디엔; 광주과학기술원,56.36,62.4,47.24,100.0,22.22,25,2,1,,1
중앙대학교,한국전자통신연구원; 한국과학기술원,54.9,62.4,47.24,100.0,12.5,25,2,1,,1
중앙대학교,한국과학기술원; 카나비스메디칼,54.7,62.4,47.24,100.0,11.11,25,2,1,,1
중앙대학교,한국과학기술연구원;새론테크놀로지,54.53,62.4,47.24,100.0,10.0,25,2,1,,1
중앙대학교,한국과학기술연구원; 대정화금,54.03,62.4,47.24,100.0,6.67,25,2,1,,1
중앙대학교,엘아이지넥스원; 한국과학기술원,53.03,62.4,47.24,100.0,0.0,25,2,1,,1
중앙대학교,한국과학기술원;디지탈이노텍,50.1,31.2,47.24,100.0,42.86,25,1,1,,1
중앙대학교,한국화학연구원; 효성오앤비,50.1,31.2,47.24,100.0,42.86,25,1,1,,1
중앙대학교,한국해양과학기술원;이커넥트,47.95,31.2,47.24,100.0,28.57,25,1,1,,1
중앙대학교,한국건설기술연구원;휴앤텍,47.42,31.2,47.24,100.0,25.0,25,1,1,,1
중앙대학교,쿼드메디슨,47.0,31.2,47.24,100.0,22.22,25,1,1,,1
중앙대학교,기초과학연구원; 울산과학기술원,46.4,31.2,47.24,100.0,18.18,25,1,1,,1
중앙대학교,광주과학기술원; 한국과학기술원,46.17,31.2,47.24,100.0,16.67,25,1,1,,1
중앙대학교,한국건설기술연구원; 토웅이앤씨,45.81,31.2,47.24,100.0,14.29,25,1,1,,1
중앙대학교,멤레이; 한국과학기술원,45.54,31.2,47.24,100.0,12.5,25,1,1,,1
중앙대학교,삼성전기; 한국과학기술원,45.54,31.2,47.24,100.0,12.5,25,1,1,,1
중앙대학교,에스원; 한국과학기술원,45.34,31.2,47.24,100.0,11.11,25,1,1,,1
중앙대학교,센서위드유; 울산과학기술원,45.17,31.2,47.24,100.0,10.0,25,1,1,,1
중앙대학교,대한민국(농촌진흥청장); 한국식품연구원,44.92,31.2,47.24,100.0,8.33,25,1,1,,1
중앙대학교,알피오; 한국과학기술원; 대한민국(국립재활원장),43.67,31.2,47.24,100.0,0.0,25,1,1,,1
중앙대학교,엔사이드; 재단법인대구경북과학기술원,43.67,31.2,47.24,100.0,0.0,25,1,1,,1
중앙대학교,한국기계연구원; 재단법인 파동에너지 극한제어 연구단,43.67,31.2,47.24,100.0,0.0,25,1,1,,1
중앙인삼영농조합; 동양대학교,한국식품연구원;에코파낙스,46.48,31.2,47.24,100.0,18.75,25,1,1,,1
중원대학교,한국지질자원연구원,77.39,93.6,47.24,100.0,100.0,25,3,1,,1
중원대학교,한국과학기술원,70.98,100.0,47.24,100.0,27.78,50,6,2,,1
중원대학교,재단법인대구경북과학기술원,66.14,93.6,47.24,100.0,25.0,25,3,1,,1
중원대학교,한국전자통신연구원,46.17,31.2,47.24,100.0,16.67,25,1,1,,1
지에스건설 주식회사,한국건설기술연구원; 토웅이앤씨,67.64,100.0,47.24,100.0,22.22,25,4,1,,1
지에스건설 주식회사; 연세대학교,한국과학기술원,64.89,93.6,47.24,100.0,16.67,25,3,1,,1
지에스건설 주식회사; 연세대학교,한국건설기술연구원,58.03,62.4,47.24,100.0,33.33,25,2,1,,1
지에스건설 주식회사; 한양대학교,한국과학기술원,67.47,100.0,47.24,100.0,21.05,25,4,1,,1
지에스건설 주식회사; 한양대학교,한국건설기술연구원,64.79,93.6,47.24,100.0,16.0,25,3,1,,1
지에스건설 주식회사; 한양대학교,학교법인 동의학원,45.81,31.2,47.24,100.0,14.29,25,1,1,,1
지에스에너지 주식회사; 연세대학교,한국과학기술연구원,68.24,100.0,47.24,100.0,9.52,50,6,2,,1
지에스에너지 주식회사; 연세대학교,한국전기연구원,66.69,93.6,47.24,100.0,12.0,50,3,2,,1
지에스에너지 주식회사; 연세대학교,재단법인대구경북과학기술원,64.7,93.6,47.24,100.0,15.38,25,3,1,,1
지에스칼텍스 주식회사,울산과학기술원,65.53,62.4,47.24,100.0,83.33,25,2,1,,1
지에스칼텍스 주식회사; 서울대학교,한국화학연구원,47.42,31.2,47.24,100.0,25.0,25,1,1,,1
차의과학대학교,한국과학기술원,75.56,100.0,47.24,100.0,25.0,100,18,7,,1
차의과학대학교,한국과학기술연구원,72.31,100.0,47.24,100.0,20.0,75,6,3,,1
차의과학대학교,한국생명공학연구원,59.81,62.4,47.24,100.0,28.57,50,2,2,,1
차의과학대학교,재단법인대구경북과학기술원,59.28,62.4,47.24,100.0,25.0,50,2,2,,1
차의과학대학교,울산과학기술원,54.9,62.4,47.24,100.0,12.5,25,2,1,,1
차의과학대학교,한국과학기술연구원; 사회복지법인 삼성생명공익재단,44.92,31.2,47.24,100.0,8.33,25,1,1,,1
참엔지니어링(주),한국기계연구원,53.97,62.4,47.24,100.0,6.25,25,2,1,,1
참엔지니어링(주),한국과학기술원,44.67,31.2,47.24,100.0,6.67,25,1,1,,1
참엔지니어링(주); 울산과학기술원,한국기계연구원,43.67,31.2,47.24,100.0,0.0,25,1,1,,1
창명제어기술 (주); 고려대학교,한국과학기술원,53.03,62.4,47.24,100.0,0.0,25,2,1,,1
창명제어기술 (주); 고려대학교,한국기계연구원,47.42,31.2,47.24,100.0,25.0,25,1,1,,1
청강문화산업대학교,한국식품연구원,65.31,100.0,47.24,100.0,6.67,25,5,1,,1
청도농업대학,광주과학기술원,49.12,31.2,47.24,100.0,36.36,25,1,1,,1
청운대학교,한국과학기술원,49.67,31.2,47.24,100.0,40.0,25,1,1,,1
청운대학교,한국원자력연구원,45.17,31.2,47.24,100.0,10.0,25,1,1,,1
청주대학교,한국과학기술원,74.81,100.0,47.24,100.0,20.0,100,9,5,,1
청주대학교,한국에너지기술연구원,74.81,100.0,47.24,100.0,20.0,100,18,6,,1
청주대학교,한국전자통신연구원,71.45,100.0,47.24,100.0,14.29,75,4,3,,1
청주대학교,한국지질자원연구원,69.89,93.6,47.24,100.0,16.67,75,3,3,,1
청주대학교,한국과학기술연구원,69.81,100.0,47.24,100.0,20.0,50,4,2,,1
청주대학교,한국원자력연구원,66.89,93.6,47.24,100.0,13.33,50,3,2,,1
청주대학교,한국기계연구원,66.65,93.6,47.24,100.0,11.76,50,3,2,,1
청주대학교,한국과학기술원; 대한민국(국립재활원장),58.03,62.4,47.24,100.0,33.33,25,2,1,,1
청주대학교,한국과학기술연구원; 유럽 인바이런먼트 앤드 에너지 어소시에이션,56.78,62.4,47.24,100.0,25.0,25,2,1,,1
청주대학교,울산과학기술원,55.17,62.4,47.24,100.0,14.29,25,2,1,,1
청주대학교,한국건설기술연구원,49.67,31.2,47.24,100.0,40.0,25,1,1,,1
청주대학교,한국화학연구원,48.67,31.2,47.24,100.0,33.33,25,1,1,,1
충남대학교,한국건설기술연구원,75.66,100.0,47.24,100.0,25.7,100,33,15,,1
충남대학교,재단법인대구경북과학기술원,75.12,100.0,47.24,100.0,22.1,100,40,20,,1
충남대학교,한국표준과학연구원,74.81,100.0,47.24,100.0,20.0,100,17,4,,1
충남대학교,한국원자력연구원,74.68,100.0,47.24,100.0,19.11,100,37,20,,1
충남대학교,한국과학기술원,74.62,100.0,47.24,100.0,18.77,100,98,54,,1
충남대학교,한국과학기술연구원,74.5,100.0,47.24,100.0,17.95,100,48,26,,1
충남대학교,한국화학연구원,74.46,100.0,47.24,100.0,17.67,100,44,23,,1
충남대학교,한국기계연구원,74.4,100.0,47.24,100.0,17.26,100,50,25,,1
충남대학교,한국전기연구원,74.34,100.0,47.24,100.0,16.84,100,12,9,,1
충남대학교,한국생명공학연구원,74.31,100.0,47.24,100.0,16.67,100,13,8,,1
충남대학교,한국해양과학기술원,74.21,100.0,47.24,100.0,16.0,100,10,5,,1
충남대학교,울산과학기술원,74.12,100.0,47.24,100.0,15.38,100,26,14,,1
충남대학교,한국전자통신연구원,74.09,100.0,47.24,100.0,15.22,100,41,24,,1
충남대학교,한국식품연구원,74.06,100.0,47.24,100.0,15.0,100,35,14,,1
충남대학교,한국에너지기술연구원,73.95,100.0,47.24,100.0,14.29,100,41,19,,1
충남대학교,광주과학기술원,73.68,100.0,47.24,100.0,12.5,100,20,11,,1
충남대학교,한국지질자원연구원,70.81,100.0,47.24,100.0,10.0,75,10,3,,1
충남대학교,삼성전자; 한국과학기술원,66.81,100.0,47.24,100.0,0.0,50,4,2,,1
충남대학교,한국기계연구원; 재단법인대구경북과학기술원,66.81,100.0,47.24,100.0,0.0,50,4,2,,1
충남대학교,한국과학기술연구원; 대정화금,64.89,93.6,47.24,100.0,16.67,25,3,1,,1
충남대학교,아모레퍼시픽; 울산과학기술원,63.27,93.6,47.24,100.0,5.88,25,3,1,,1
충남대학교,한국과학기술원;씽크루트,62.39,93.6,47.24,100.0,0.0,25,3,1,,1
충남대학교,한국과학기술원;제네시스랩,62.39,93.6,47.24,100.0,0.0,25,3,1,,1
충남대학교,한국과학기술연구원; 한국토지주택공사,58.65,62.4,47.24,100.0,37.5,25,2,1,,1
충남대학교,대륙신소재;보령환경산업; 울산과학기술원,56.78,62.4,47.24,100.0,25.0,25,2,1,,1
충남대학교,한국원자력연구원; 한국수력원자력,56.78,62.4,47.24,100.0,25.0,25,2,1,,1
충남대학교,한국과학기술연구원;삼양사,56.03,62.4,47.24,100.0,20.0,25,2,1,,1
충남대학교,한국에너지기술연구원; 한국과학기술연구원,56.03,62.4,47.24,100.0,20.0,25,2,1,,1
충남대학교,한국과학기술원;카스,54.9,62.4,47.24,100.0,12.5,25,2,1,,1
충남대학교,울산과학기술원;마린이노베이션,54.18,62.4,47.24,100.0,7.69,25,2,1,,1
충남대학교,삼성에스디에스; 한국과학기술원,53.67,31.2,47.24,100.0,66.67,25,1,1,,1
충남대학교,광주과학기술원;지엠디바이오텍,49.67,31.2,47.24,100.0,40.0,25,1,1,,1
충남대학교,엠케이바이오텍,49.12,31.2,47.24,100.0,36.36,25,1,1,,1
충남대학교,씽크루트; 한국과학기술원,47.95,31.2,47.24,100.0,28.57,25,1,1,,1
충남대학교,한국과학기술원; 한국재료연구원,47.42,31.2,47.24,100.0,25.0,25,1,1,,1
충남대학교,"한국표준과학연구원; 버지니아 테크 인터렉추얼 프라퍼티스, 인크.",45.98,31.2,47.24,100.0,15.38,25,1,1,,1
충남대학교,한국식품연구원; 대한민국(농촌진흥청장),45.81,31.2,47.24,100.0,14.29,25,1,1,,1
충남대학교,대륙신소재; 울산과학기술원,45.54,31.2,47.24,100.0,12.5,25,1,1,,1
충남대학교,울산과학기술원; 국방과학연구소,45.34,31.2,47.24,100.0,11.11,25,1,1,,1
충남대학교,한국가스공사; 한국화학연구원,44.61,31.2,47.24,100.0,6.25,25,1,1,,1
충북대학교,한국기계연구원,76.45,100.0,47.24,100.0,30.95,100,10,6,,1
충북대학교,한국식품연구원,75.66,100.0,47.24,100.0,25.68,100,27,11,,1
충북대학교,한국해양과학기술원,75.16,100.0,47.24,100.0,22.35,100,19,10,,1
충북대학교,한국전기연구원,75.02,100.0,47.24,100.0,21.43,100,12,6,,1
충북대학교,한국과학기술연구원,74.95,100.0,47.24,100.0,20.95,100,44,26,,1
충북대학교,재단법인대구경북과학기술원,74.91,100.0,47.24,100.0,20.67,100,32,17,,1
충북대학교,한국지질자원연구원,74.73,100.0,47.24,100.0,19.44,100,14,7,,1
충북대학교,한국과학기술원,74.55,100.0,47.24,100.0,18.3,100,38,21,,1
충북대학교,한국전자통신연구원,74.52,100.0,47.24,100.0,18.1,100,64,34,,1
충북대학교,울산과학기술원,74.45,100.0,47.24,100.0,17.59,100,27,12,,1
충북대학교,한국건설기술연구원,74.38,100.0,47.24,100.0,17.14,100,31,9,,1
충북대학교,한국원자력연구원,74.24,100.0,47.24,100.0,16.22,100,8,4,,1
충북대학교,한국에너지기술연구원,74.04,100.0,47.24,100.0,14.86,100,20,13,,1
충북대학교,한국화학연구원,74.01,100.0,47.24,100.0,14.67,100,12,7,,1
충북대학교,한국생명공학연구원,73.88,100.0,47.24,100.0,13.79,100,13,7,,1
충북대학교,광주과학기술원,73.57,100.0,47.24,100.0,11.76,100,12,8,,1
충북대학교,한국표준과학연구원,73.4,100.0,47.24,100.0,27.27,75,9,3,,1
충북대학교,한국건설기술연구원;노바코스,64.43,93.6,47.24,100.0,13.64,25,3,1,,1
충북대학교,고영테크놀러지; 한국과학기술원,63.75,93.6,47.24,100.0,9.09,25,3,1,,1
충북대학교,한국전자통신연구원;엠브이테크,62.39,93.6,47.24,100.0,0.0,25,3,1,,1
충북대학교,위바이옴; 한국식품연구원,59.34,62.4,47.24,100.0,42.11,25,2,1,,1
충북대학교,국방과학연구소; 한국과학기술원,57.29,62.4,47.24,100.0,11.76,50,2,2,,1
충북대학교,퓨처드라이브; 재단법인대구경북과학기술원,57.29,62.4,47.24,100.0,11.76,50,2,2,,1
충북대학교,인트세인; 한국과학기술원,56.11,62.4,47.24,100.0,3.85,50,2,2,,1
충북대학교,아이센스; 울산과학기술원,54.9,62.4,47.24,100.0,12.5,25,2,1,,1
충북대학교,한국생명공학연구원;엔지켐생명과학,48.67,31.2,47.24,100.0,33.33,25,1,1,,1
충북대학교,한국식품연구원; 한국화학연구원,47.42,31.2,47.24,100.0,25.0,25,1,1,,1
충북대학교,국립암센터; 한국화학연구원,46.67,31.2,47.24,100.0,20.0,25,1,1,,1
충북대학교,엘아이지넥스원; 한국과학기술원,46.67,31.2,47.24,100.0,20.0,25,1,1,,1
충북대학교,삼성전자; 한국과학기술원,46.17,31.2,47.24,100.0,16.67,25,1,1,,1
충북대학교,한국전자기술연구원; 한국전자통신연구원,45.81,31.2,47.24,100.0,14.29,25,1,1,,1
충북대학교,한화솔루션; 한국과학기술원,45.43,31.2,47.24,100.0,11.76,25,1,1,,1
충북대학교,삼성에스디에스; 한국과학기술원,45.34,31.2,47.24,100.0,11.11,25,1,1,,1
충북대학교,한국과학기술원; 한국교통연구원,45.34,31.2,47.24,100.0,11.11,25,1,1,,1
충북대학교,켐아이넷; 한국과학기술원,43.67,31.2,47.24,100.0,0.0,25,1,1,,1
충북대학교,한국건설기술연구원; (유)에스와이,43.67,31.2,47.24,100.0,0.0,25,1,1,,1
충북도립대학,셀레스트라; 울산과학기술원,65.39,93.6,47.24,100.0,20.0,25,3,1,,1
충북보건과학대학교,한국기계연구원,68.59,100.0,47.24,100.0,28.57,25,6,1,,1
충북보건과학대학교,한국전기연구원,54.9,62.4,47.24,100.0,12.5,25,2,1,,1
충북보건과학대학교,한국표준과학연구원,44.92,31.2,47.24,100.0,8.33,25,1,1,,1
충청대학교,한국건설기술연구원,43.67,31.2,47.24,100.0,0.0,25,1,1,,1
충청대학교,한국식품연구원,43.67,31.2,47.24,100.0,0.0,25,1,1,,1
충청북도 (관리부서:충청북도 농업기술원); 충북대학교,한국식품연구원,63.1,93.6,47.24,100.0,4.76,25,3,1,,1
충청정보통신(주); 청운대학교,한국전기연구원,46.17,31.2,47.24,100.0,16.67,25,1,1,,1
칠곡군; 경북대학교,한국해양과학기술원,50.34,31.2,47.24,100.0,44.44,25,1,1,,1
칭화대학교,한국전자통신연구원,59.81,62.4,47.24,100.0,28.57,50,2,2,,1
칭화대학교,한국해양과학기술원,56.03,62.4,47.24,100.0,20.0,25,2,1,,1
케이맥(주),한국표준과학연구원,53.03,62.4,47.24,100.0,0.0,25,2,1,,1
코넬 유니버시티; 동국대학교,한국식품연구원,54.39,62.4,47.24,100.0,9.09,25,2,1,,1
코닝 인코포레이티드; 포항공과대학교,한국기계연구원; 재단법인 파동에너지 극한제어 연구단,63.03,62.4,47.24,100.0,66.67,25,2,1,,1
코닝정밀소재 주식회사; 경희대학교,한국과학기술원,54.1,62.4,47.24,100.0,7.14,25,2,1,,1
코스맥스 주식회사; 서울대학교,재단법인대구경북과학기술원,62.39,93.6,47.24,100.0,0.0,25,3,1,,1
코오롱글로벌 주식회사,한국건설기술연구원,45.17,31.2,47.24,100.0,10.0,25,1,1,,1
코오롱글로벌 주식회사; 건국대학교,한국건설기술연구원,67.64,100.0,47.24,100.0,22.22,25,4,1,,1
코오롱글로벌 주식회사; 건국대학교,한국해양과학기술원,66.18,100.0,47.24,100.0,12.5,25,7,1,,1
코오롱인더스트리 주식회사,코오롱인더스트리; 한국과학기술원,70.67,100.0,47.24,100.0,9.09,75,13,3,,1
코오롱인더스트리 주식회사,한국과학기술원,68.59,100.0,47.24,100.0,11.9,50,7,2,,1
코오롱인더스트리 주식회사,삼성전자; 한국과학기술원,55.53,62.4,47.24,100.0,16.67,25,2,1,,1
코오롱인더스트리 주식회사,한국과학기술연구원,47.76,31.2,47.24,100.0,27.27,25,1,1,,1
코오롱인더스트리 주식회사,한국과학기술연구원; 한국과학기술원,46.48,31.2,47.24,100.0,18.75,25,1,1,,1
코오롱인더스트리 주식회사,한국과학기술연구원; 울산과학기술원,46.4,31.2,47.24,100.0,18.18,25,1,1,,1
코오롱인더스트리 주식회사,현대자동차; 기아; 한국과학기술원,43.67,31.2,47.24,100.0,0.0,25,1,1,,1
코웨이 주식회사; 서울대학교,한국에너지기술연구원,66.8,93.6,47.24,100.0,29.41,25,3,1,,1
코웨이 주식회사; 서울대학교,재단법인대구경북과학기술원,49.67,31.2,47.24,100.0,40.0,25,1,1,,1
코웨이 주식회사; 서울대학교,한국과학기술연구원,44.92,31.2,47.24,100.0,8.33,25,1,1,,1
킹 압둘라 시티 포 어토믹 앤드 리뉴어블 에너지,한국원자력연구원,74.46,100.0,47.24,100.0,17.65,100,52,11,,1
킹 압둘라 시티 포 어토믹 앤드 리뉴어블 에너지,한국원자력연구원; 킹 압둘라 시티 포 어토믹 앤드 리뉴어블 에너지,57.78,62.4,47.24,100.0,15.0,50,2,2,,1
킹 압둘라 시티 포 어토믹 앤드 리뉴어블 에너지,한국기계연구원,46.32,31.2,47.24,100.0,17.65,25,1,1,,1
킹 압둘라 시티 포 어토믹 앤드 리뉴어블 에너지,울산과학기술원,45.03,31.2,47.24,100.0,9.09,25,1,1,,1
태성전장주식회사; 호서대학교,한국과학기술연구원,66.45,100.0,47.24,100.0,14.29,25,4,1,,1
태성전장주식회사; 호서대학교,한국전자통신연구원,43.67,31.2,47.24,100.0,0.0,25,1,1,,1
토쿠시마 대학,한국전자통신연구원,54.9,62.4,47.24,100.0,12.5,25,2,1,,1
펀랩 주식회사; 삼육대학교,재단법인대구경북과학기술원,55.17,62.4,47.24,100.0,14.29,25,2,1,,1
평택대학교,한국기계연구원,65.39,93.6,47.24,100.0,20.0,25,3,1,,1
포스코홀딩스 주식회사,울산과학기술원,66.45,100.0,47.24,100.0,14.29,25,4,1,,1
포스코홀딩스 주식회사,포스코홀딩스; 한국과학기술원,66.14,93.6,47.24,100.0,25.0,25,3,1,,1
포스코홀딩스 주식회사,한국전기연구원,45.54,31.2,47.24,100.0,12.5,25,1,1,,1
포스코홀딩스 주식회사; 서울대학교,한국과학기술연구원,45.34,31.2,47.24,100.0,11.11,25,1,1,,1
포스코홀딩스 주식회사; 성균관대학교,한국기계연구원,53.03,62.4,47.24,100.0,0.0,25,2,1,,1
포스코홀딩스 주식회사; 성균관대학교,한국과학기술연구원,43.67,31.2,47.24,100.0,0.0,25,1,1,,1
포스코홀딩스 주식회사; 연세대학교,한국과학기술원,62.39,93.6,47.24,100.0,0.0,25,3,1,,1
포스코홀딩스 주식회사; 재단법인 포항산업과학연구원; 서울대학교,광주과학기술원,45.03,31.2,47.24,100.0,9.09,25,1,1,,1
포스코홀딩스 주식회사; 재단법인 포항산업과학연구원; 연세대학교,한국화학연구원,58.48,62.4,47.24,100.0,36.36,25,2,1,,1
포스코홀딩스 주식회사; 재단법인 포항산업과학연구원; 연세대학교,한국과학기술연구원,47.0,31.2,47.24,100.0,22.22,25,1,1,,1
포스코홀딩스 주식회사; 주식회사 글로우원; 재단법인 포항산업과학연구원; 포항공과대학교,한국건설기술연구원,56.03,62.4,47.24,100.0,20.0,25,2,1,,1
포스코홀딩스 주식회사; 주식회사 포스코디엑스; 친환경소재신기술연구조합; 포항공과대학교,한국전자통신연구원,62.39,93.6,47.24,100.0,0.0,25,3,1,,1
포스코홀딩스 주식회사; 포항공과대학교,한국기계연구원,74.81,100.0,47.24,100.0,20.0,100,11,4,,1
포스코홀딩스 주식회사; 포항공과대학교,한국과학기술연구원,73.9,100.0,47.24,100.0,13.92,100,18,9,,1
포스코홀딩스 주식회사; 포항공과대학교,한국전기연구원,70.98,100.0,47.24,100.0,11.11,75,6,3,,1
포스코홀딩스 주식회사; 포항공과대학교,재단법인대구경북과학기술원,68.48,100.0,47.24,100.0,11.11,50,4,2,,1
포스코홀딩스 주식회사; 포항공과대학교,한국화학연구원,67.39,93.6,47.24,100.0,16.67,50,3,2,,1
포스코홀딩스 주식회사; 포항공과대학교,한국에너지기술연구원,66.14,93.6,47.24,100.0,25.0,25,3,1,,1
포스코홀딩스 주식회사; 포항공과대학교,한국전자통신연구원,63.75,93.6,47.24,100.0,9.09,25,3,1,,1
포스코홀딩스 주식회사; 포항공과대학교,한국해양과학기술원,63.27,93.6,47.24,100.0,5.88,25,3,1,,1
포스코홀딩스 주식회사; 포항공과대학교,한국기계연구원; 재단법인 포항산업과학연구원,56.36,62.4,47.24,100.0,22.22,25,2,1,,1
포스코홀딩스 주식회사; 포항공과대학교,쑤저우 레킨 세미컨덕터 컴퍼니 리미티드; 한국과학기술원,48.67,31.2,47.24,100.0,33.33,25,1,1,,1
포스코홀딩스 주식회사; 포항공과대학교,울산과학기술원,46.4,31.2,47.24,100.0,18.18,25,1,1,,1
포스코홀딩스 주식회사; 포항공과대학교,한국표준과학연구원,45.81,31.2,47.24,100.0,14.29,25,1,1,,1
포텍마이크로시스템(주); 한국공학대학교,한국전자통신연구원,55.53,62.4,47.24,100.0,16.67,25,2,1,,1
포티투닷 주식회사; 고려대학교,한국과학기술원,48.08,31.2,47.24,100.0,29.41,25,1,1,,1
포항공과대학교,울산과학기술원,75.94,100.0,47.24,100.0,27.54,100,119,58,,1
포항공과대학교,한국기계연구원; 한국화학연구원,75.74,100.0,47.24,100.0,42.86,75,7,3,,1
포항공과대학교,한국과학기술원,75.4,100.0,47.24,100.0,23.93,100,255,139,,1
포항공과대학교,한국기계연구원,75.2,100.0,47.24,100.0,22.59,100,69,33,,1
포항공과대학교,한국전자통신연구원,75.18,100.0,47.24,100.0,22.46,100,135,68,,1
포항공과대학교,한국화학연구원,75.09,100.0,47.24,100.0,21.85,100,73,38,,1
포항공과대학교,한국원자력연구원,75.01,100.0,47.24,100.0,21.36,100,26,12,,1
포항공과대학교,한국과학기술연구원,74.98,100.0,47.24,100.0,21.16,100,112,53,,1
포항공과대학교,재단법인대구경북과학기술원,74.96,100.0,47.24,100.0,21.03,100,74,37,,1
포항공과대학교,한국에너지기술연구원,74.76,100.0,47.24,100.0,19.65,100,47,21,,1
포항공과대학교,한국생명공학연구원,74.73,100.0,47.24,100.0,19.44,100,8,4,,1
포항공과대학교,한국표준과학연구원,74.21,100.0,47.24,100.0,16.0,100,16,7,,1
포항공과대학교,한국해양과학기술원,74.17,100.0,47.24,100.0,15.75,100,35,11,,1
포항공과대학교,광주과학기술원,74.16,100.0,47.24,100.0,15.7,100,48,27,,1
포항공과대학교,한국건설기술연구원,73.65,100.0,47.24,100.0,12.24,100,8,4,,1
포항공과대학교,한국전기연구원,73.16,100.0,47.24,100.0,9.02,100,19,13,,1
포항공과대학교,한국식품연구원,72.96,100.0,47.24,100.0,24.32,75,6,3,,1
포항공과대학교,한국지질자원연구원,72.43,100.0,47.24,100.0,20.83,75,5,3,,1
포항공과대학교,삼성디스플레이; 울산과학기술원,71.02,100.0,47.24,100.0,11.43,75,4,3,,1
포항공과대학교,한국과학기술연구원 유럽연구소,70.56,100.0,47.24,100.0,25.0,50,4,2,,1
포항공과대학교,한국기계연구원; 재단법인 파동에너지 극한제어 연구단,68.68,100.0,47.24,100.0,12.5,50,5,2,,1
포항공과대학교,에스케이하이닉스; 한국과학기술원,67.39,93.6,47.24,100.0,33.33,25,3,1,,1
포항공과대학교,한국과학기술원; 재단법인 하이브리드 인터페이스기반 미래소재 연구단,66.32,93.6,47.24,100.0,9.52,50,3,2,,1
포항공과대학교,기초과학연구원; 광주과학기술원,66.14,93.6,47.24,100.0,25.0,25,3,1,,1
포항공과대학교,국방과학연구소; 광주과학기술원,65.77,93.6,47.24,100.0,5.88,50,3,2,,1
포항공과대학교,아이센스; 울산과학기술원,63.89,93.6,47.24,100.0,10.0,25,3,1,,1
포항공과대학교,엘지디스플레이; 한국과학기술원,63.75,93.6,47.24,100.0,9.09,25,3,1,,1
포항공과대학교,국방과학연구소; 한국생명공학연구원,63.64,93.6,47.24,100.0,8.33,25,3,1,,1
포항공과대학교,오투메디; 울산과학기술원,63.64,93.6,47.24,100.0,8.33,25,3,1,,1
포항공과대학교,한국전력공사; 한국과학기술원,63.64,93.6,47.24,100.0,8.33,25,3,1,,1
포항공과대학교,울산과학기술원; 한국과학기술연구원,62.39,93.6,47.24,100.0,0.0,25,3,1,,1
포항공과대학교,한국과학기술연구원;바이오빛,62.39,93.6,47.24,100.0,0.0,25,3,1,,1
포항공과대학교,에쓰대시오일; 울산과학기술원,57.35,62.4,47.24,100.0,12.12,50,2,2,,1
포항공과대학교,현대자동차; 기아; 한국화학연구원,56.96,62.4,47.24,100.0,9.52,50,2,2,,1
포항공과대학교,기초과학연구원; 재단법인대구경북과학기술원,56.03,62.4,47.24,100.0,20.0,25,2,1,,1
포항공과대학교,한국에너지기술연구원; 한국전자통신연구원,55.76,62.4,47.24,100.0,18.18,25,2,1,,1
포항공과대학교,한국전기연구원;코디,55.67,31.2,47.24,100.0,80.0,25,1,1,,1
포항공과대학교,울산과학기술원; 재단법인 멀티스케일 에너지시스템 연구단,55.53,62.4,47.24,100.0,0.0,50,2,2,,1
포항공과대학교,국방과학연구소; 한국과학기술원,55.17,62.4,47.24,100.0,14.29,25,2,1,,1
포항공과대학교,레신저스; 한국과학기술원,54.9,62.4,47.24,100.0,12.5,25,2,1,,1
포항공과대학교,한국과학기술원;키움테크,54.9,62.4,47.24,100.0,12.5,25,2,1,,1
포항공과대학교,코오롱인더스트리; 한국과학기술원,54.28,62.4,47.24,100.0,8.33,25,2,1,,1
포항공과대학교,삼성전자; 한국과학기술원,53.03,62.4,47.24,100.0,0.0,25,2,1,,1
포항공과대학교,울산과학기술원; 한국과학기술원,53.03,62.4,47.24,100.0,0.0,25,2,1,,1
포항공과대학교,한국생산기술연구원; 한국생명공학연구원,53.03,62.4,47.24,100.0,0.0,25,2,1,,1
포항공과대학교,한국과학기술연구원;프로셀테라퓨틱스,47.95,31.2,47.24,100.0,28.57,25,1,1,,1
포항공과대학교,와이파인텍; 한국화학연구원,47.13,31.2,47.24,100.0,23.08,25,1,1,,1
포항공과대학교,"한국표준과학연구원; 버지니아 테크 인터렉추얼 프라퍼티스, 인크.",46.67,31.2,47.24,100.0,20.0,25,1,1,,1
포항공과대학교,한국기계연구원; 한국에너지기술연구원,46.17,31.2,47.24,100.0,16.67,25,1,1,,1
포항공과대학교,현대자동차; 기아; 한국과학기술원,45.81,31.2,47.24,100.0,14.29,25,1,1,,1
포항공과대학교,한국과학기술연구원; 한국생산기술연구원,45.25,31.2,47.24,100.0,10.53,25,1,1,,1
포항공과대학교,한국기계연구원;싸이트로닉,45.17,31.2,47.24,100.0,10.0,25,1,1,,1
포항공과대학교,에이티스; 울산과학기술원,44.74,31.2,47.24,100.0,7.14,25,1,1,,1
포항공과대학교,덕산네오룩스; 울산과학기술원,43.67,31.2,47.24,100.0,0.0,25,1,1,,1
포항공과대학교,메디코스바이오텍; 한국과학기술원,43.67,31.2,47.24,100.0,0.0,25,1,1,,1
포항공과대학교,삼성디스플레이; 한국과학기술원,43.67,31.2,47.24,100.0,0.0,25,1,1,,1
포항공과대학교,한국과학기술원; 한국조폐공사,43.67,31.2,47.24,100.0,0.0,25,1,1,,1
포항공과대학교,현대자동차; 한국화학연구원,43.67,31.2,47.24,100.0,0.0,25,1,1,,1
포항대학교,울산과학기술원,51.17,31.2,47.24,100.0,50.0,25,1,1,,1
프림포주식회사,광주과학기술원,64.26,93.6,47.24,100.0,12.5,25,3,1,,1
프림포주식회사,한국과학기술연구원,63.54,93.6,47.24,100.0,7.69,25,3,1,,1
프림포주식회사,광주과학기술원;글림시스템즈,54.9,62.4,47.24,100.0,12.5,25,2,1,,1
프림포주식회사,제이케이덴스; 한국과학기술원,54.18,62.4,47.24,100.0,7.69,25,2,1,,1
플랜비포유 주식회사,한국과학기술연구원,49.12,31.2,47.24,100.0,36.36,25,1,1,,1
피씨엘 (주); 고려대학교,한국과학기술원,55.07,62.4,47.24,100.0,13.64,25,2,1,,1
피씨엘 (주); 고려대학교,한국기계연구원,53.03,62.4,47.24,100.0,0.0,25,2,1,,1
피씨엘 (주); 고려대학교,한국생명공학연구원,44.92,31.2,47.24,100.0,8.33,25,1,1,,1
피씨엘 (주); 동국대학교,한국식품연구원,66.48,93.6,47.24,100.0,27.27,25,3,1,,1
피씨엘 (주); 동국대학교,울산과학기술원,45.98,31.2,47.24,100.0,15.38,25,1,1,,1
피유코어 주식회사,한국화학연구원,44.92,31.2,47.24,100.0,8.33,25,1,1,,1
하이리움산업(주),한국과학기술원,65.6,93.6,47.24,100.0,21.43,25,3,1,,1
하이리움산업(주),한국해양과학기술원; 하이리움산업,47.95,31.2,47.24,100.0,28.57,25,1,1,,1
하이테콤시스템(주); 한국건설기술연구원; 서울시립대학교,한국건설기술연구원,45.54,31.2,47.24,100.0,12.5,25,1,1,,1
학교법인 건국대학교,한국표준과학연구원,52.67,31.2,47.24,100.0,60.0,25,1,1,,1
학교법인 동의학원,한국과학기술연구원,55.17,62.4,47.24,100.0,14.29,25,2,1,,1
학교법인 동의학원,한국생명공학연구원,54.9,62.4,47.24,100.0,12.5,25,2,1,,1
학교법인 동의학원,한국건설기술연구원,48.67,31.2,47.24,100.0,33.33,25,1,1,,1
학교법인 동의학원,재단법인대구경북과학기술원,45.54,31.2,47.24,100.0,12.5,25,1,1,,1
학교법인 동의학원,한국과학기술원; 대한민국(국립재활원장),45.17,31.2,47.24,100.0,10.0,25,1,1,,1
학교법인 동의학원,한국지질자원연구원,43.67,31.2,47.24,100.0,0.0,25,1,1,,1
학교법인 동의학원,한국화학연구원,43.67,31.2,47.24,100.0,0.0,25,1,1,,1
학교법인 두원학원,학교법인 두원학원;두원전자,78.54,100.0,47.24,100.0,44.9,100,85,36,,1
학교법인 두원학원,두원중공업;두원전자; 학교법인 두원학원,75.33,100.0,47.24,100.0,23.46,100,55,21,,1
학교법인 두원학원,학교법인 두원학원; 두원중공업,69.93,100.0,47.24,100.0,20.83,50,5,2,,1
학교법인 두원학원,한국해양과학기술원,46.17,31.2,47.24,100.0,16.67,25,1,1,,1
학교법인 두원학원,한국기계연구원,43.67,31.2,47.24,100.0,0.0,25,1,1,,1
학교법인 선목학원,한국식품연구원,68.81,100.0,47.24,100.0,30.0,25,4,1,,1
학교법인 선목학원,대한민국(농촌진흥청장); 학교법인 선목학원,57.31,62.4,47.24,100.0,28.57,25,2,1,,1
학교법인 선목학원,한국과학기술연구원,43.67,31.2,47.24,100.0,0.0,25,1,1,,1
학교법인 송원대학교,한국건설기술연구원; 한길토건,66.67,93.6,47.24,100.0,28.57,25,3,1,,1
학교법인 송원대학교,한국기계연구원,46.67,31.2,47.24,100.0,20.0,25,1,1,,1
학교법인 신일학원,재단법인대구경북과학기술원,58.03,62.4,47.24,100.0,33.33,25,2,1,,1
학교법인 울산공업학원,울산과학기술원,43.67,31.2,47.24,100.0,0.0,25,1,1,,1
학교법인 포항공과대학교; 포항공과대학교,한국과학기술원,62.39,93.6,47.24,100.0,0.0,25,3,1,,1
학교법인 한국산업기술대학,한국표준과학연구원,65.67,100.0,47.24,100.0,9.09,25,4,1,,1
학교법인 한국산업기술대학,한국전자통신연구원,43.67,31.2,47.24,100.0,0.0,25,1,1,,1
학교법인연세대학교,한국식품연구원,48.67,31.2,47.24,100.0,33.33,25,1,1,,1
한경국립대학교,한국과학기술연구원,74.03,100.0,47.24,100.0,14.81,100,6,4,,1
한경국립대학교,한국과학기술원,73.95,100.0,47.24,100.0,14.29,100,12,5,,1
한경국립대학교,한국에너지기술연구원,71.48,93.6,47.24,100.0,27.27,75,3,3,,1
한경국립대학교,한국건설기술연구원,71.39,100.0,47.24,100.0,13.89,75,6,3,,1
한경국립대학교,재단법인대구경북과학기술원,70.81,100.0,47.24,100.0,26.67,50,5,2,,1
한경국립대학교,한국기계연구원,70.17,100.0,47.24,100.0,5.71,75,14,3,,1
한경국립대학교,한국식품연구원,69.31,100.0,47.24,100.0,0.0,75,5,3,,1
한경국립대학교,한국해양과학기술원,68.06,100.0,47.24,100.0,8.33,50,8,2,,1
한경국립대학교,한국전자통신연구원,67.96,100.0,47.24,100.0,7.69,50,4,2,,1
한경국립대학교,한국지질자원연구원,67.31,100.0,47.24,100.0,20.0,25,4,1,,1
한경국립대학교,광주과학기술원,62.39,93.6,47.24,100.0,0.0,25,3,1,,1
한경국립대학교,아진엑스텍; 한국전자통신연구원,57.29,62.4,47.24,100.0,11.76,50,2,2,,1
한경국립대학교,용인시; 한국식품연구원,57.2,62.4,47.24,100.0,11.11,50,2,2,,1
한경국립대학교,울산과학기술원,55.17,62.4,47.24,100.0,14.29,25,2,1,,1
한경국립대학교,한국화학연구원,53.03,62.4,47.24,100.0,0.0,25,2,1,,1
한경국립대학교,지오로봇; 재단법인대구경북과학기술원,49.12,31.2,47.24,100.0,36.36,25,1,1,,1
한경국립대학교,한국식품연구원; 의령군,47.95,31.2,47.24,100.0,28.57,25,1,1,,1
한경국립대학교,한국생명공학연구원,45.03,31.2,47.24,100.0,9.09,25,1,1,,1
한국 천문 연구원; 주식회사 네비웨이; 연세대학교,한국해양과학기술원,53.03,62.4,47.24,100.0,0.0,25,2,1,,1
한국 한의학 연구원,한국식품연구원,83.28,100.0,47.24,100.0,76.47,100,20,7,,1
한국 한의학 연구원,한국 한의학 연구원; 한국식품연구원,79.59,100.0,47.24,100.0,51.85,100,15,8,,1
한국 한의학 연구원; 고려대학교,한국식품연구원,48.67,31.2,47.24,100.0,33.33,25,1,1,,1
한국 한의학 연구원; 충남대학교,한국원자력연구원,56.49,62.4,47.24,100.0,23.08,25,2,1,,1
한국가스안전공사; 중앙대학교,한국원자력연구원; 한국수력원자력,45.03,31.2,47.24,100.0,9.09,25,1,1,,1
한국건설기술연구원,한국건설기술연구원,79.71,100.0,47.24,100.0,52.66,100,2689,835,,1
한국건설기술연구원,한국건설기술연구원;자연과환경; 삼표피앤씨; 코오롱이앤씨,77.39,93.6,47.24,100.0,100.0,25,3,1,,1
한국건설기술연구원,한국건설기술연구원;케이에스씨,76.81,100.0,47.24,100.0,50.0,75,6,3,,1
한국건설기술연구원,한국전자통신연구원,75.81,100.0,47.24,100.0,26.67,100,33,17,,1
한국건설기술연구원,한국건설기술연구원; 대신플랜트산업,75.14,100.0,47.24,100.0,55.56,50,6,2,,1
한국건설기술연구원,한국건설기술연구원;실크로드티앤디,75.04,100.0,47.24,100.0,38.24,75,14,3,,1
한국건설기술연구원,광주과학기술원,75.02,100.0,47.24,100.0,21.43,100,24,13,,1
한국건설기술연구원,한국해양과학기술원,74.78,100.0,47.24,100.0,19.81,100,50,23,,1
한국건설기술연구원,한국에너지기술연구원,74.69,100.0,47.24,100.0,19.21,100,35,16,,1
한국건설기술연구원,한국과학기술연구원,74.63,100.0,47.24,100.0,18.8,100,32,16,,1
한국건설기술연구원,한국기계연구원,74.4,100.0,47.24,100.0,17.28,100,19,9,,1
한국건설기술연구원,한국건설기술연구원;휴먼브릿지,74.39,93.6,47.24,100.0,80.0,25,3,1,,1
한국건설기술연구원,준수이앤텍; 한국건설기술연구원;대도엔텍; 동산콘크리트산업,74.31,100.0,47.24,100.0,33.33,75,6,3,,1
한국건설기술연구원,한국건설기술연구원; 인성에이앤티,74.31,100.0,47.24,100.0,16.67,100,8,4,,1
한국건설기술연구원,한국과학기술원,74.3,100.0,47.24,100.0,16.6,100,65,33,,1
한국건설기술연구원,한국건설기술연구원; 금호석유화학,74.15,100.0,47.24,100.0,15.62,100,15,4,,1
한국건설기술연구원,한국건설기술연구원;대광아스콘;케이씨씨;창신이엔씨,74.12,100.0,47.24,100.0,15.38,100,9,4,,1
한국건설기술연구원,울산과학기술원,74.08,100.0,47.24,100.0,31.82,75,5,3,,1
한국건설기술연구원,한국화학연구원,73.84,100.0,47.24,100.0,13.56,100,13,5,,1
한국건설기술연구원,한국지질자원연구원,73.68,100.0,47.24,100.0,12.5,100,20,12,,1
한국건설기술연구원,재단법인대구경북과학기술원,73.34,100.0,47.24,100.0,10.19,100,13,10,,1
한국건설기술연구원,한국건설기술연구원;미래시티글로벌,73.22,100.0,47.24,100.0,9.38,100,5,5,,1
한국건설기술연구원,한국건설기술연구원; 롯데에코월,72.88,100.0,47.24,100.0,7.14,100,7,4,,1
한국건설기술연구원,한국원자력연구원,72.84,100.0,47.24,100.0,6.9,100,15,9,,1
한국건설기술연구원,한국건설기술연구원; 신세계건설; 아이앤티엔지니어링,72.52,100.0,47.24,100.0,21.43,75,8,3,,1
한국건설기술연구원,한국표준과학연구원,72.49,100.0,47.24,100.0,21.21,75,4,3,,1
한국건설기술연구원,한화건설; 광주과학기술원,71.81,100.0,47.24,100.0,33.33,50,5,2,,1
한국건설기술연구원,한국건설기술연구원;엔에스브이,71.13,100.0,47.24,100.0,45.45,25,4,1,,1
한국건설기술연구원,한국건설기술연구원; 이에스지산업,70.74,100.0,47.24,100.0,42.86,25,4,1,,1
한국건설기술연구원,한국건설기술연구원; 성광아스콘,70.56,100.0,47.24,100.0,25.0,50,9,2,,1
한국건설기술연구원,한국건설기술연구원; 신화건설; 레인보우스케이프,70.39,93.6,47.24,100.0,20.0,75,3,3,,1
한국건설기술연구원,한국건설기술연구원;메이사,70.38,100.0,47.24,100.0,23.81,50,5,2,,1
한국건설기술연구원,한국수자원공사; 광주과학기술원,70.25,93.6,47.24,100.0,19.05,75,3,3,,1
한국건설기술연구원,한국건설기술연구원; 롯데건설,70.18,93.6,47.24,100.0,35.29,50,3,2,,1
한국건설기술연구원,한국건설기술연구원; 한국우시오,69.89,93.6,47.24,100.0,33.33,50,3,2,,1
한국건설기술연구원,티에스테크; 한국건설기술연구원,69.81,100.0,47.24,100.0,20.0,50,4,2,,1
한국건설기술연구원,동명기술공단종합건축사사무소; 한국건설기술연구원,69.54,100.0,47.24,100.0,18.18,50,4,2,,1
한국건설기술연구원,한국건설기술연구원;광운기술,69.31,100.0,47.24,100.0,16.67,50,11,2,,1
한국건설기술연구원,한국건설기술연구원;센서피아,69.31,100.0,47.24,100.0,33.33,25,4,1,,1
한국건설기술연구원,한국건설기술연구원;티에스테크,69.31,100.0,47.24,100.0,16.67,50,4,2,,1
한국건설기술연구원,한국건설기술연구원; 신양금속공업,69.12,100.0,47.24,100.0,15.38,50,9,2,,1
한국건설기술연구원,포이닉스; 한국건설기술연구원,69.08,100.0,47.24,100.0,31.82,25,4,1,,1
한국건설기술연구원,한국건설기술연구원;허즈앤티,68.81,100.0,47.24,100.0,30.0,25,7,1,,1
한국건설기술연구원,한국건설기술연구원; 한국광기술원,68.64,93.6,47.24,100.0,25.0,50,3,2,,1
한국건설기술연구원,한국건설기술연구원;신행건설,68.57,100.0,47.24,100.0,11.76,50,5,2,,1
한국건설기술연구원,트리즈;허즈앤티; 한국건설기술연구원,68.39,100.0,47.24,100.0,10.53,50,4,2,,1
한국건설기술연구원,한국철도기술연구원; 한국건설기술연구원; 계룡건설산업;평화엔지니어링;본이앤씨,68.39,93.6,47.24,100.0,40.0,25,3,1,,1
한국건설기술연구원,한국과학기술연구원; 유럽 인바이런먼트 앤드 에너지 어소시에이션,67.39,93.6,47.24,100.0,33.33,25,3,1,,1
한국건설기술연구원,한국건설기술연구원;한림기술,67.16,93.6,47.24,100.0,31.82,25,3,1,,1
한국건설기술연구원,한국건설기술연구원; 김용,66.81,100.0,47.24,100.0,0.0,50,4,2,,1
한국건설기술연구원,한국에너지기술연구원; 한국지역난방공사,66.31,100.0,47.24,100.0,13.33,25,5,1,,1
한국건설기술연구원,한국건설기술연구원; 코오롱글로벌;비룡씨에이치씨,65.39,93.6,47.24,100.0,20.0,25,3,1,,1
한국건설기술연구원,공간정보; 롯데건설; 한국건설기술연구원,64.89,93.6,47.24,100.0,16.67,25,3,1,,1
한국건설기술연구원,한국건설기술연구원; 포엠,64.89,93.6,47.24,100.0,16.67,25,3,1,,1
한국건설기술연구원,한국건설기술연구원;젠텍엔지니어링,64.53,93.6,47.24,100.0,14.29,25,3,1,,1
한국건설기술연구원,한국건설기술연구원;진성이엔지,64.53,93.6,47.24,100.0,14.29,25,3,1,,1
한국건설기술연구원,삼부토건; 한국해양과학기술원,64.06,93.6,47.24,100.0,11.11,25,3,1,,1
한국건설기술연구원,토페스; 한국건설기술연구원,63.75,93.6,47.24,100.0,9.09,25,3,1,,1
한국건설기술연구원,계룡과학; 한국화학연구원,63.54,93.6,47.24,100.0,7.69,25,3,1,,1
한국건설기술연구원,한국건설기술연구원; 유한책임회사 브라이트데이터,63.33,93.6,47.24,100.0,6.25,25,3,1,,1
한국건설기술연구원,한국건설기술연구원; 이정수,62.4,62.4,47.24,100.0,62.5,25,2,1,,1
한국건설기술연구원,아이엘케이; 한국건설기술연구원,62.39,93.6,47.24,100.0,0.0,25,3,1,,1
한국건설기술연구원,한국건설기술연구원; 디엘,62.39,93.6,47.24,100.0,0.0,25,3,1,,1
한국건설기술연구원,한국건설기술연구원; 한국과학기술정보연구원,62.39,93.6,47.24,100.0,0.0,25,3,1,,1
한국건설기술연구원,한전케이디엔; 광주과학기술원,62.39,93.6,47.24,100.0,0.0,25,3,1,,1
한국건설기술연구원,한국건설기술연구원; 수성산업; 우진환경개발; 하나케이; 삼영플랜트,60.53,62.4,47.24,100.0,33.33,50,2,2,,1
한국건설기술연구원,한국건설기술연구원;에이알티플러스,59.53,62.4,47.24,100.0,26.67,50,2,2,,1
한국건설기술연구원,한국건설기술연구원; 티케이지애강,58.67,31.2,47.24,100.0,100.0,25,1,1,,1
한국건설기술연구원,한국건설기술연구원; 한국교통연구원;유신,58.67,31.2,47.24,100.0,100.0,25,1,1,,1
한국건설기술연구원,한국건설기술연구원; 한국과학기술정보연구원; 한국지질자원연구원; 한국철도기술연구원,58.03,62.4,47.24,100.0,33.33,25,2,1,,1
한국건설기술연구원,골든엔지니어링; 한국건설기술연구원,57.31,62.4,47.24,100.0,28.57,25,2,1,,1
한국건설기술연구원,한국건설기술연구원;까뮤이앤씨,57.03,62.4,47.24,100.0,10.0,50,2,2,,1
한국건설기술연구원,스마트에어챔버; 한국건설기술연구원,56.03,62.4,47.24,100.0,20.0,25,2,1,,1
한국건설기술연구원,스페이스인코; 한국건설기술연구원; 어번닉스,56.03,62.4,47.24,100.0,20.0,25,2,1,,1
한국건설기술연구원,한국건설기술연구원;카이센,55.76,62.4,47.24,100.0,18.18,25,2,1,,1
한국건설기술연구원,한국건설기술연구원; 하나케이; 합자회사 금강개발; 동성환경산업,55.34,62.4,47.24,100.0,15.38,25,2,1,,1
한국건설기술연구원,블라인드팩토리; 한국건설기술연구원,55.17,62.4,47.24,100.0,14.29,25,2,1,,1
한국건설기술연구원,한국건설기술연구원; 인성에이앤티; 대신플랜트산업,55.17,62.4,47.24,100.0,14.29,25,2,1,,1
한국건설기술연구원,한국건설기술연구원;아드보,55.17,62.4,47.24,100.0,14.29,25,2,1,,1
한국건설기술연구원,한국건설기술연구원;빔텍,54.9,62.4,47.24,100.0,12.5,25,2,1,,1
한국건설기술연구원,한국건설기술연구원;실크로드티앤디; 두산건설,54.9,62.4,47.24,100.0,12.5,25,2,1,,1
한국건설기술연구원,롯데에코월; 한국건설기술연구원,54.53,62.4,47.24,100.0,10.0,25,2,1,,1
한국건설기술연구원,엘지전자; 광주과학기술원,54.53,62.4,47.24,100.0,10.0,25,2,1,,1
한국건설기술연구원,비케이; 한국화학연구원,53.03,62.4,47.24,100.0,0.0,25,2,1,,1
한국건설기술연구원,한국건설기술연구원; 문화기업; 두제산업개발; 합자회사 금강개발; 동성환경산업,53.03,62.4,47.24,100.0,0.0,25,2,1,,1
한국건설기술연구원,한국건설기술연구원; 현대브릿지,53.03,62.4,47.24,100.0,0.0,25,2,1,,1
한국건설기술연구원,한국건설기술연구원;넥스지오,53.03,62.4,47.24,100.0,0.0,25,2,1,,1
한국건설기술연구원,한국건설기술연구원;엔비텍이앤씨,53.03,62.4,47.24,100.0,0.0,25,2,1,,1
한국건설기술연구원,한국건설기술연구원; 동부건설; 삼부토건; 이정수,52.0,31.2,47.24,100.0,55.56,25,1,1,,1
한국건설기술연구원,한국환경연구원; 한국과학기술연구원,50.1,31.2,47.24,100.0,42.86,25,1,1,,1
한국건설기술연구원,한국건설기술연구원; 어스그린코리아,49.29,31.2,47.24,100.0,37.5,25,1,1,,1
한국건설기술연구원,한국건설기술연구원; 한국화학연구원,48.67,31.2,47.24,100.0,33.33,25,1,1,,1
한국건설기술연구원,한국건설기술연구원;블라인드팩토리,48.67,31.2,47.24,100.0,33.33,25,1,1,,1
한국건설기술연구원,한국건설기술연구원;서원건설산업;영흥산업환경; 우진환경개발,48.17,31.2,47.24,100.0,30.0,25,1,1,,1
한국건설기술연구원,한국건설기술연구원;신명건설기술공사,47.95,31.2,47.24,100.0,28.57,25,1,1,,1
한국건설기술연구원,한국화학연구원; 한국건설기술연구원,47.95,31.2,47.24,100.0,28.57,25,1,1,,1
한국건설기술연구원,한국건설기술연구원;한포스;아이디어스,47.42,31.2,47.24,100.0,25.0,25,1,1,,1
한국건설기술연구원,한국건설기술연구원;한백에이스,46.67,31.2,47.24,100.0,20.0,25,1,1,,1
한국건설기술연구원,한국건설기술연구원; 수성산업; 우진환경개발; 삼영플랜트; 하나케이,46.4,31.2,47.24,100.0,18.18,25,1,1,,1
한국건설기술연구원,한국건설기술연구원;온텍시스템,46.17,31.2,47.24,100.0,16.67,25,1,1,,1
한국건설기술연구원,한국건설기술연구원;콘텍이엔지,45.81,31.2,47.24,100.0,14.29,25,1,1,,1
한국건설기술연구원,한국건설기술연구원;하우빌드,45.67,31.2,47.24,100.0,13.33,25,1,1,,1
한국건설기술연구원,한국표준과학연구원; 비즈웨이브,45.54,31.2,47.24,100.0,12.5,25,1,1,,1
한국건설기술연구원,한국건설기술연구원;옴니벤트;융도엔지니어링,45.25,31.2,47.24,100.0,10.53,25,1,1,,1
한국건설기술연구원,한국건설기술연구원; 한국기초과학지원연구원; 한국생산기술연구원; 한국화학연구원,45.03,31.2,47.24,100.0,9.09,25,1,1,,1
한국건설기술연구원,한국건설기술연구원; (유)에스와이,44.92,31.2,47.24,100.0,8.33,25,1,1,,1
한국건설기술연구원,알루스타; 한국건설기술연구원,44.82,31.2,47.24,100.0,7.69,25,1,1,,1
한국건설기술연구원,이윤; 한국과학기술원;플랜올이엔씨;세니츠코퍼레이션,44.61,31.2,47.24,100.0,6.25,25,1,1,,1
한국건설기술연구원,사단법인 한국건설사회환경학회; 한국과학기술원,43.67,31.2,47.24,100.0,0.0,25,1,1,,1
한국건설기술연구원,우노; 한국건설기술연구원,43.67,31.2,47.24,100.0,0.0,25,1,1,,1
한국건설기술연구원,한국건설기술연구원;에코탄소,43.67,31.2,47.24,100.0,0.0,25,1,1,,1
한국건설기술연구원,한국건설기술연구원;제로하우스,43.67,31.2,47.24,100.0,0.0,25,1,1,,1
한국건설기술연구원; (주)베이시스소프트; 대전대학교,한국건설기술연구원,55.53,62.4,47.24,100.0,16.67,25,2,1,,1
한국건설기술연구원; 강원대학교,한국건설기술연구원,68.98,93.6,47.24,100.0,27.27,50,3,2,,1
한국건설기술연구원; 고려대학교,한국건설기술연구원,53.04,31.2,47.24,100.0,62.5,25,1,1,,1
한국건설기술연구원; 고려대학교,광주과학기술원,47.42,31.2,47.24,100.0,25.0,25,1,1,,1
한국건설기술연구원; 국립공주대학교,한국건설기술연구원,72.31,100.0,47.24,100.0,20.0,75,6,3,,1
한국건설기술연구원; 단국대학교,한국건설기술연구원,70.41,100.0,47.24,100.0,24.0,50,7,2,,1
한국건설기술연구원; 서울과학기술대학교,한국화학연구원,77.72,100.0,47.24,100.0,72.73,50,6,2,,1
한국건설기술연구원; 서울과학기술대학교,한국건설기술연구원,74.67,100.0,47.24,100.0,35.71,75,7,3,,1
한국건설기술연구원; 서울과학기술대학교,한국건설기술연구원; 금호석유화학,67.31,100.0,47.24,100.0,20.0,25,5,1,,1
한국건설기술연구원; 서울과학기술대학교,재단법인대구경북과학기술원,53.21,31.2,47.24,100.0,63.64,25,1,1,,1
한국건설기술연구원; 세종대학교,한국건설기술연구원,53.68,62.4,47.24,100.0,4.35,25,2,1,,1
한국건설기술연구원; 숭실대학교,한국표준과학연구원,68.06,100.0,47.24,100.0,25.0,25,4,1,,1
한국건설기술연구원; 숭실대학교,한국건설기술연구원,54.9,62.4,47.24,100.0,12.5,25,2,1,,1
한국건설기술연구원; 전북대학교,한국건설기술연구원,56.24,62.4,47.24,100.0,21.43,25,2,1,,1
한국건설기술연구원; 한국기술교육대학교,한국건설기술연구원,47.13,31.2,47.24,100.0,23.08,25,1,1,,1
한국건설기술연구원; 한국기초과학지원연구원; 한국원자력연구원; 국립금오공과대학교,한국건설기술연구원,55.53,62.4,47.24,100.0,0.0,50,2,2,,1
한국건설기술연구원; 한국기초과학지원연구원; 한국원자력연구원; 국립금오공과대학교,한국과학기술원;에스지알테크,49.67,31.2,47.24,100.0,40.0,25,1,1,,1
한국건설기술연구원; 한국토지주택공사; 이화여자대학교,한국건설기술연구원;포스코이앤씨,46.67,31.2,47.24,100.0,20.0,25,1,1,,1
한국건설기술연구원; 한양대학교,한국전자통신연구원,62.39,93.6,47.24,100.0,0.0,25,3,1,,1
한국건설생활환경시험연구원; 한양대학교,한국과학기술원,45.81,31.2,47.24,100.0,14.29,25,1,1,,1
한국공학대학교,재단법인대구경북과학기술원,76.69,100.0,47.24,100.0,32.56,100,20,7,,1
한국공학대학교,한국과학기술원,75.09,100.0,47.24,100.0,21.88,100,23,11,,1
한국공학대학교,한국기계연구원,74.65,100.0,47.24,100.0,18.92,100,18,9,,1
한국공학대학교,한국건설기술연구원,74.04,100.0,47.24,100.0,14.89,100,13,5,,1
한국공학대학교,한국전자통신연구원,74.03,100.0,47.24,100.0,14.77,100,24,11,,1
한국공학대학교,씨티케이; 한국과학기술원,73.24,100.0,47.24,100.0,42.86,50,5,2,,1
한국공학대학교,광주과학기술원,73.22,100.0,47.24,100.0,9.38,100,10,5,,1
한국공학대학교,울산과학기술원,72.72,100.0,47.24,100.0,22.73,75,7,3,,1
한국공학대학교,한국에너지기술연구원,72.28,100.0,47.24,100.0,3.12,100,6,4,,1
한국공학대학교,한국전기연구원,71.45,100.0,47.24,100.0,14.29,75,7,3,,1
한국공학대학교,한국과학기술연구원,69.31,100.0,47.24,100.0,0.0,75,4,3,,1
한국공학대학교,한국식품연구원,69.06,100.0,47.24,100.0,15.0,50,4,2,,1
한국공학대학교,한국해양과학기술원,68.81,100.0,47.24,100.0,13.33,50,5,2,,1
한국공학대학교,한국화학연구원,68.64,93.6,47.24,100.0,25.0,50,3,2,,1
한국공학대학교,한국원자력연구원,62.39,93.6,47.24,100.0,0.0,25,3,1,,1
한국공학대학교,한국지질자원연구원,55.34,62.4,47.24,100.0,15.38,25,2,1,,1
한국공학대학교,광주과학기술원;디에이치글로벌,53.03,62.4,47.24,100.0,0.0,25,2,1,,1
한국공학대학교,울산과학기술원; 광주과학기술원,44.82,31.2,47.24,100.0,7.69,25,1,1,,1
한국공학대학교,한국과학기술연구원; 재단법인 실감교류인체감응솔루션연구단,43.67,31.2,47.24,100.0,0.0,25,1,1,,1
한국과학기술연구원,한국과학기술연구원,79.64,100.0,47.24,100.0,52.23,100,4312,1427,,1
한국과학기술연구원,한국과학기술연구원; 사회복지법인 삼성생명공익재단,76.9,100.0,47.24,100.0,33.96,100,15,8,,1
한국과학기술연구원,한국에너지기술연구원,76.35,100.0,47.24,100.0,30.26,100,233,112,,1
한국과학기술연구원,한국과학기술연구원; 율촌화학,76.15,100.0,47.24,100.0,28.95,100,24,5,,1
한국과학기술연구원,한국과학기술원,76.09,100.0,47.24,100.0,28.56,100,361,185,,1
한국과학기술연구원,한국과학기술연구원; 한국과학기술원,75.92,100.0,47.24,100.0,27.42,100,10,5,,1
한국과학기술연구원,한국기계연구원,75.77,100.0,47.24,100.0,26.44,100,190,91,,1
한국과학기술연구원,한국화학연구원,75.73,100.0,47.24,100.0,26.11,100,240,121,,1
한국과학기술연구원,재단법인대구경북과학기술원,75.58,100.0,47.24,100.0,25.11,100,174,85,,1
한국과학기술연구원,한국지질자원연구원,75.5,100.0,47.24,100.0,24.63,100,28,15,,1
한국과학기술연구원,한국전자통신연구원,75.16,100.0,47.24,100.0,22.32,100,173,89,,1
한국과학기술연구원,울산과학기술원,75.08,100.0,47.24,100.0,21.79,100,191,94,,1
한국과학기술연구원,현대자동차; 기아; 한국과학기술원,75.05,100.0,47.24,100.0,21.62,100,7,5,,1
한국과학기술연구원,한국생명공학연구원,74.93,100.0,47.24,100.0,20.83,100,19,10,,1
한국과학기술연구원,한국전기연구원,74.86,100.0,47.24,100.0,20.36,100,53,33,,1
한국과학기술연구원,엘지에너지솔루션; 한국과학기술원,74.81,100.0,47.24,100.0,20.0,100,6,4,,1
한국과학기술연구원,광주과학기술원,74.74,100.0,47.24,100.0,19.53,100,110,60,,1
한국과학기술연구원,한국해양과학기술원,74.7,100.0,47.24,100.0,19.26,100,25,13,,1
한국과학기술연구원,한국과학기술연구원; 재단법인 파동에너지 극한제어 연구단,74.62,100.0,47.24,100.0,18.75,100,11,4,,1
한국과학기술연구원,한국식품연구원,74.62,100.0,47.24,100.0,18.75,100,17,12,,1
한국과학기술연구원,한국과학기술연구원; 재단법인 멀티스케일 에너지시스템 연구단,74.58,100.0,47.24,100.0,18.46,100,25,8,,1
한국과학기술연구원,한국과학기술연구원; 재단법인 실감교류인체감응솔루션연구단,74.44,100.0,47.24,100.0,17.57,100,51,16,,1
한국과학기술연구원,한국과학기술연구원; 국방과학연구소,74.31,100.0,47.24,100.0,50.0,50,6,2,,1
한국과학기술연구원,한국과학기술연구원;고센바이오텍,74.31,100.0,47.24,100.0,66.67,25,4,1,,1
한국과학기술연구원,한국원자력연구원,74.23,100.0,47.24,100.0,16.15,100,38,23,,1
한국과학기술연구원,한국건설기술연구원,74.19,100.0,47.24,100.0,15.87,100,33,23,,1
한국과학기술연구원,한국표준과학연구원,74.19,100.0,47.24,100.0,15.88,100,36,20,,1
한국과학기술연구원,한국과학기술연구원; 한국기계연구원,74.0,100.0,47.24,100.0,14.63,100,18,8,,1
한국과학기술연구원,한국과학기술연구원; 울산과학기술원,73.85,100.0,47.24,100.0,13.64,100,7,4,,1
한국과학기술연구원,코오롱인더스트리; 한국과학기술연구원,73.68,100.0,47.24,100.0,29.17,75,5,3,,1
한국과학기술연구원,울산과학기술원; 대한민국(국립재활원장),72.72,100.0,47.24,100.0,22.73,75,9,3,,1
한국과학기술연구원,한국기계연구원; 재단법인 파동에너지 극한제어 연구단,72.67,100.0,47.24,100.0,5.71,100,10,5,,1
한국과학기술연구원,"한국과학기술연구원; 유니버시티 오브 센트럴 플로리다 리서치 파운데이션, 인코포레이티드",72.64,100.0,47.24,100.0,22.22,75,6,3,,1
한국과학기술연구원,엘지화학; 재단법인대구경북과학기술원,71.96,100.0,47.24,100.0,17.65,75,5,3,,1
한국과학기술연구원,한국과학기술연구원; 일진건설,71.81,100.0,47.24,100.0,33.33,50,4,2,,1
한국과학기술연구원,한국과학기술연구원; 한국토지주택공사,71.81,100.0,47.24,100.0,33.33,50,5,2,,1
한국과학기술연구원,한국과학기술연구원; 효성화학,71.81,100.0,47.24,100.0,33.33,50,5,2,,1
한국과학기술연구원,한국과학기술연구원; 한국기초과학지원연구원,71.56,100.0,47.24,100.0,15.0,75,4,3,,1
한국과학기술연구원,광주과학기술원; 도이췌스 첸트룸 퓌어 루프트-운트 라움파르트 에.파우.,71.31,100.0,47.24,100.0,13.33,75,8,3,,1
한국과학기술연구원,로엔서지컬; 한국과학기술원,71.09,100.0,47.24,100.0,28.57,50,5,2,,1
한국과학기술연구원,한국과학기술연구원; 대정화금,71.07,100.0,47.24,100.0,11.76,75,6,3,,1
한국과학기술연구원,한국과학기술연구원; 기초과학연구원; 의료법인 성광의료재단,70.76,100.0,47.24,100.0,26.32,50,4,2,,1
한국과학기술연구원,한국과학기술원; 코오롱인더스트리,70.67,100.0,47.24,100.0,9.09,75,7,3,,1
한국과학기술연구원,한국과학기술연구원; 한국생산기술연구원,70.56,100.0,47.24,100.0,8.33,75,8,3,,1
한국과학기술연구원,한국과학기술원; 사우디 아라비안 오일 컴퍼니,70.38,100.0,47.24,100.0,7.14,75,5,3,,1
한국과학기술연구원,한국전자기술연구원; 한국과학기술연구원,70.14,100.0,47.24,100.0,22.22,50,5,2,,1
한국과학기술연구원,한국과학기술연구원;원익머트리얼즈,69.62,100.0,47.24,100.0,18.75,50,6,2,,1
한국과학기술연구원,라디안큐바이오; 광주과학기술원,69.12,93.6,47.24,100.0,11.54,75,3,3,,1
한국과학기술연구원,현대자동차; 기아; 울산과학기술원,68.95,100.0,47.24,100.0,14.29,50,4,2,,1
한국과학기술연구원,현대자동차; 기아; 한국과학기술연구원,68.84,93.6,47.24,100.0,9.68,75,3,3,,1
한국과학기술연구원,한국과학기술연구원;강원랜드,68.82,93.6,47.24,100.0,42.86,25,3,1,,1
한국과학기술연구원,삼성전자; 울산과학기술원,68.39,100.0,47.24,100.0,10.53,50,4,2,,1
한국과학기술연구원,현대자동차; 한국과학기술연구원,68.31,100.0,47.24,100.0,10.0,50,4,2,,1
한국과학기술연구원,한국과학기술원; 한국기계연구원,67.88,100.0,47.24,100.0,7.14,50,4,2,,1
한국과학기술연구원,한국과학기술연구원;바이오빛,67.69,100.0,47.24,100.0,5.88,50,4,2,,1
한국과학기술연구원,삼성전자; 한국과학기술원,67.64,100.0,47.24,100.0,5.56,50,6,2,,1
한국과학기술연구원,한국과학기술연구원; 광주과학기술원,67.54,93.6,47.24,100.0,17.65,50,3,2,,1
한국과학기술연구원,한국과학기술연구원; 이스트힐,67.39,93.6,47.24,100.0,33.33,25,3,1,,1
한국과학기술연구원,테크로스; 한국과학기술연구원,66.81,100.0,47.24,100.0,0.0,50,4,2,,1
한국과학기술연구원,한국과학기술원; 한국기초과학지원연구원,66.81,100.0,47.24,100.0,0.0,50,4,2,,1
한국과학기술연구원,삼성전자; 광주과학기술원,66.56,93.6,47.24,100.0,11.11,50,3,2,,1
한국과학기술연구원,파로스아이바이오; 한국과학기술연구원,65.56,100.0,47.24,100.0,8.33,25,4,1,,1
한국과학기술연구원,한국과학기술연구원;프로셀테라퓨틱스,65.39,93.6,47.24,100.0,20.0,25,3,1,,1
한국과학기술연구원,엘지이노텍; 광주과학기술원,65.2,93.6,47.24,100.0,18.75,25,3,1,,1
한국과학기술연구원,한국과학기술연구원;대금지오웰,65.12,93.6,47.24,100.0,18.18,25,3,1,,1
한국과학기술연구원,에스제이지세종; 한국과학기술원,64.89,93.6,47.24,100.0,16.67,25,3,1,,1
한국과학기술연구원,한국과학기술연구원; 에이치엘에코텍,64.89,93.6,47.24,100.0,16.67,25,3,1,,1
한국과학기술연구원,코오롱인더스트리; 한국과학기술원,64.31,100.0,47.24,100.0,0.0,25,4,1,,1
한국과학기술연구원,엘지전자; 광주과학기술원,64.06,93.6,47.24,100.0,11.11,25,3,1,,1
한국과학기술연구원,테라젠바이오; 한국과학기술연구원,63.75,93.6,47.24,100.0,9.09,25,3,1,,1
한국과학기술연구원,한국과학기술연구원;풍산디에이케이,63.46,93.6,47.24,100.0,7.14,25,3,1,,1
한국과학기술연구원,한국전기연구원; 삼성에스디아이,63.03,62.4,47.24,100.0,50.0,50,2,2,,1
한국과학기술연구원,한국과학기술원;케이씨씨,62.39,93.6,47.24,100.0,0.0,25,3,1,,1
한국과학기술연구원,한국기계연구원;싸이트로닉,62.39,93.6,47.24,100.0,0.0,25,3,1,,1
한국과학기술연구원,한국과학기술연구원; 카운실 포 싸이언티픽 앤 인더스트리얼 리써치,60.14,62.4,47.24,100.0,30.77,50,2,2,,1
한국과학기술연구원,한국과학기술연구원;인우코퍼레이션,59.03,62.4,47.24,100.0,40.0,25,2,1,,1
한국과학기술연구원,한국과학기술연구원;알지프로나,58.8,62.4,47.24,100.0,38.46,25,2,1,,1
한국과학기술연구원,유씨아이테라퓨틱스; 한국과학기술연구원,58.39,62.4,47.24,100.0,35.71,25,2,1,,1
한국과학기술연구원,한국화학연구원; 광주과학기술원,58.03,62.4,47.24,100.0,33.33,25,2,1,,1
한국과학기술연구원,한화솔루션; 한국과학기술원,58.03,62.4,47.24,100.0,33.33,25,2,1,,1
한국과학기술연구원,대한민국(기후에너지환경부 국립생물자원관장); 한국생명공학연구원,57.31,62.4,47.24,100.0,28.57,25,2,1,,1
한국과학기술연구원,한화엔진; 한국과학기술연구원,57.31,62.4,47.24,100.0,28.57,25,2,1,,1
한국과학기술연구원,유바이오로직스; 한국과학기술연구원,56.78,62.4,47.24,100.0,25.0,25,2,1,,1
한국과학기술연구원,한국과학기술원;에스씨엘사이언스,56.78,62.4,47.24,100.0,25.0,25,2,1,,1
한국과학기술연구원,현대자동차; 기아; 재단법인대구경북과학기술원,56.6,62.4,47.24,100.0,7.14,50,2,2,,1
한국과학기술연구원,사회복지법인 삼성생명공익재단; 한국과학기술연구원,56.53,62.4,47.24,100.0,6.67,50,2,2,,1
한국과학기술연구원,씨엠월드; 한국건설기술연구원,56.49,62.4,47.24,100.0,23.08,25,2,1,,1
한국과학기술연구원,한국과학기술연구원;시지메드텍,56.36,62.4,47.24,100.0,22.22,25,2,1,,1
한국과학기술연구원,한국과학기술연구원; 한국화학연구원,55.76,62.4,47.24,100.0,18.18,25,2,1,,1
한국과학기술연구원,에쓰대시오일; 울산과학기술원,55.53,62.4,47.24,100.0,0.0,50,2,2,,1
한국과학기술연구원,울산과학기술원; 한국과학기술연구원,55.53,62.4,47.24,100.0,0.0,50,2,2,,1
한국과학기술연구원,이녹스첨단소재; 한국화학연구원,55.28,62.4,47.24,100.0,15.0,25,2,1,,1
한국과학기술연구원,"한국과학기술연구원; 케이2비 테라퓨틱스, 인크.",55.17,62.4,47.24,100.0,14.29,25,2,1,,1
한국과학기술연구원,한국과학기술원;로엔서지컬,55.17,62.4,47.24,100.0,14.29,25,2,1,,1
한국과학기술연구원,한국화학연구원; 전일목재산업,55.17,62.4,47.24,100.0,14.29,25,2,1,,1
한국과학기술연구원,사우디 아라비안 오일 컴퍼니; 한국과학기술원,55.07,62.4,47.24,100.0,13.64,25,2,1,,1
한국과학기술연구원,한국건설기술연구원; 인성에이앤티; 대신플랜트산업,55.03,62.4,47.24,100.0,13.33,25,2,1,,1
한국과학기술연구원,토모큐브; 한국과학기술원,54.9,62.4,47.24,100.0,12.5,25,2,1,,1
한국과학기술연구원,한국과학기술연구원; 루트거스 유니버시티,54.9,62.4,47.24,100.0,12.5,25,2,1,,1
한국과학기술연구원,한국과학기술원; 기초과학연구원,54.9,62.4,47.24,100.0,12.5,25,2,1,,1
한국과학기술연구원,한국화학연구원; 한국기계연구원,54.53,62.4,47.24,100.0,10.0,25,2,1,,1
한국과학기술연구원,부강테크; 한국화학연구원,54.39,62.4,47.24,100.0,9.09,25,2,1,,1
한국과학기술연구원,한국세라믹기술원; 울산과학기술원;이주,54.39,62.4,47.24,100.0,9.09,25,2,1,,1
한국과학기술연구원,한국전력공사; 한국남부발전; 한국과학기술연구원,54.18,62.4,47.24,100.0,7.69,25,2,1,,1
한국과학기술연구원,한국과학기술원; 한국생명공학연구원,53.68,62.4,47.24,100.0,4.35,25,2,1,,1
한국과학기술연구원,국방과학연구소; 한국과학기술원,53.03,62.4,47.24,100.0,0.0,25,2,1,,1
한국과학기술연구원,국방과학연구소; 한국표준과학연구원,53.03,62.4,47.24,100.0,0.0,25,2,1,,1
한국과학기술연구원,한국과학기술원; 한국전자통신연구원,53.03,62.4,47.24,100.0,0.0,25,2,1,,1
한국과학기술연구원,한국전력공사; 한국과학기술원,53.03,62.4,47.24,100.0,0.0,25,2,1,,1
한국과학기술연구원,한국화학연구원; 재단법인 구미전자정보기술원,53.03,62.4,47.24,100.0,0.0,25,2,1,,1
한국과학기술연구원,코렌스알티엑스; 한국과학기술연구원,51.17,31.2,47.24,100.0,50.0,25,1,1,,1
한국과학기술연구원,현대자동차; 한국과학기술원,51.17,31.2,47.24,100.0,50.0,25,1,1,,1
한국과학기술연구원,울산과학기술원;유니크닷,49.67,31.2,47.24,100.0,40.0,25,1,1,,1
한국과학기술연구원,광주과학기술원; 재단법인대구경북과학기술원,49.29,31.2,47.24,100.0,37.5,25,1,1,,1
한국과학기술연구원,한국과학기술원; 한국과학기술연구원,48.67,31.2,47.24,100.0,33.33,25,1,1,,1
한국과학기술연구원,한국과학기술연구원; 나라셀텍,48.17,31.2,47.24,100.0,30.0,25,1,1,,1
한국과학기술연구원,한국과학기술연구원; 이용준,47.95,31.2,47.24,100.0,28.57,25,1,1,,1
한국과학기술연구원,한국기계연구원; 한국과학기술연구원,47.95,31.2,47.24,100.0,28.57,25,1,1,,1
한국과학기술연구원,위아비; 한국건설기술연구원,47.58,31.2,47.24,100.0,26.09,25,1,1,,1
한국과학기술연구원,돌봄드림; 한국과학기술원,47.42,31.2,47.24,100.0,25.0,25,1,1,,1
한국과학기술연구원,지오로봇; 재단법인대구경북과학기술원,47.42,31.2,47.24,100.0,25.0,25,1,1,,1
한국과학기술연구원,한국과학기술원; 국방과학연구소,47.42,31.2,47.24,100.0,25.0,25,1,1,,1
한국과학기술연구원,한국과학기술연구원; 한국표준과학연구원,47.13,31.2,47.24,100.0,23.08,25,1,1,,1
한국과학기술연구원,코스마; 한국과학기술연구원,47.0,31.2,47.24,100.0,22.22,25,1,1,,1
한국과학기술연구원,한국과학기술연구원;코리아박텍,47.0,31.2,47.24,100.0,22.22,25,1,1,,1
한국과학기술연구원,욱성화학; 울산과학기술원,46.67,31.2,47.24,100.0,20.0,25,1,1,,1
한국과학기술연구원,학교법인 동아학숙,46.67,31.2,47.24,100.0,20.0,25,1,1,,1
한국과학기술연구원,한국과학기술연구원; 유니버시대드 드 안티오퀴아,46.67,31.2,47.24,100.0,20.0,25,1,1,,1
한국과학기술연구원,한국과학기술연구원;아이엠,46.67,31.2,47.24,100.0,20.0,25,1,1,,1
한국과학기술연구원,한국과학기술연구원;코캣,46.67,31.2,47.24,100.0,20.0,25,1,1,,1
한국과학기술연구원,한국화학연구원;운트바이오,46.67,31.2,47.24,100.0,20.0,25,1,1,,1
한국과학기술연구원,엘지디스플레이; 한국과학기술원,46.4,31.2,47.24,100.0,18.18,25,1,1,,1
한국과학기술연구원,울산과학기술원; 재단법인 멀티스케일 에너지시스템 연구단,46.4,31.2,47.24,100.0,18.18,25,1,1,,1
한국과학기술연구원,원익머트리얼즈; 한국과학기술연구원,46.17,31.2,47.24,100.0,16.67,25,1,1,,1
한국과학기술연구원,한국전자통신연구원; 한국원자력연구원,46.17,31.2,47.24,100.0,16.67,25,1,1,,1
한국과학기술연구원,에스케이이노베이션; 울산과학기술원,45.81,31.2,47.24,100.0,14.29,25,1,1,,1
한국과학기술연구원,한국건설기술연구원; 한국우시오,45.54,31.2,47.24,100.0,12.5,25,1,1,,1
한국과학기술연구원,한국과학기술원;아스토,45.54,31.2,47.24,100.0,12.5,25,1,1,,1
한국과학기술연구원,케이티; 한국과학기술원,45.34,31.2,47.24,100.0,11.11,25,1,1,,1
한국과학기술연구원,한화토탈에너지스; 한국화학연구원,45.34,31.2,47.24,100.0,11.11,25,1,1,,1
한국과학기술연구원,한국세라믹기술원; 울산과학기술원,45.17,31.2,47.24,100.0,10.0,25,1,1,,1
한국과학기술연구원,젠센; 한국화학연구원,45.1,31.2,47.24,100.0,9.52,25,1,1,,1
한국과학기술연구원,기초과학연구원; 울산과학기술원,44.92,31.2,47.24,100.0,8.33,25,1,1,,1
한국과학기술연구원,한국화학연구원; 인터내셔널 비지네스 머신즈 코포레이션,44.82,31.2,47.24,100.0,7.69,25,1,1,,1
한국과학기술연구원,울산과학기술원;포투원,44.67,31.2,47.24,100.0,6.67,25,1,1,,1
한국과학기술연구원,한국과학기술연구원;피디티건설,44.67,31.2,47.24,100.0,6.67,25,1,1,,1
한국과학기술연구원,한국과학기술연구원;상보,44.29,31.2,47.24,100.0,4.17,25,1,1,,1
한국과학기술연구원,삼성디스플레이; 울산과학기술원,43.67,31.2,47.24,100.0,0.0,25,1,1,,1
한국과학기술연구원,삼성디스플레이; 한국과학기술원,43.67,31.2,47.24,100.0,0.0,25,1,1,,1
한국과학기술연구원,재단법인 다차원 스마트 아이티 융합시스템 연구단; 한국생명공학연구원,43.67,31.2,47.24,100.0,0.0,25,1,1,,1
한국과학기술연구원,코렌스알티엑스; 한국원자력연구원,43.67,31.2,47.24,100.0,0.0,25,1,1,,1
한국과학기술연구원,한국건설기술연구원;현대인터내셔널,43.67,31.2,47.24,100.0,0.0,25,1,1,,1
한국과학기술연구원,한국전자통신연구원;도담시스템스,43.67,31.2,47.24,100.0,0.0,25,1,1,,1
한국과학기술연구원,한국전자통신연구원;엠브이테크,43.67,31.2,47.24,100.0,0.0,25,1,1,,1
한국과학기술연구원,한국화학연구원; 한국생산기술연구원; 한국표준과학연구원;세포바이오,43.67,31.2,47.24,100.0,0.0,25,1,1,,1
한국과학기술연구원,한국화학연구원;세포바이오; 한국생산기술연구원; 한국표준과학연구원,43.67,31.2,47.24,100.0,0.0,25,1,1,,1
한국과학기술연구원; 가톨릭대학교,한국과학기술연구원,77.26,100.0,47.24,100.0,36.36,100,14,6,,1
한국과학기술연구원; 가톨릭대학교,한국화학연구원,45.17,31.2,47.24,100.0,10.0,25,1,1,,1
한국과학기술연구원; 건국대학교,한국지질자원연구원,62.39,93.6,47.24,100.0,0.0,25,3,1,,1
한국과학기술연구원; 경희대학교,한국에너지기술연구원,70.31,100.0,47.24,100.0,23.33,50,6,2,,1
한국과학기술연구원; 경희대학교,한국과학기술연구원,60.53,62.4,47.24,100.0,50.0,25,2,1,,1
한국과학기술연구원; 경희대학교,한국과학기술원,58.48,62.4,47.24,100.0,36.36,25,2,1,,1
한국과학기술연구원; 경희대학교,재단법인대구경북과학기술원,55.76,62.4,47.24,100.0,18.18,25,2,1,,1
한국과학기술연구원; 경희대학교,울산과학기술원,48.67,31.2,47.24,100.0,33.33,25,1,1,,1
한국과학기술연구원; 고려대학교,한국과학기술연구원,75.47,100.0,47.24,100.0,24.39,100,4,4,,1
한국과학기술연구원; 고려대학교,울산과학기술원,64.39,93.6,47.24,100.0,13.33,25,3,1,,1
한국과학기술연구원; 고려대학교,한국전자통신연구원,63.03,62.4,47.24,100.0,66.67,25,2,1,,1
한국과학기술연구원; 고려대학교,한국에너지기술연구원,43.67,31.2,47.24,100.0,0.0,25,1,1,,1
한국과학기술연구원; 국민대학교,한국과학기술연구원,70.9,100.0,47.24,100.0,27.27,50,4,2,,1
한국과학기술연구원; 국민대학교,한국화학연구원,68.06,100.0,47.24,100.0,25.0,25,6,1,,1
한국과학기술연구원; 국민대학교,한국과학기술원,53.67,31.2,47.24,100.0,66.67,25,1,1,,1
한국과학기술연구원; 서울과학기술대학교,한국과학기술연구원,71.09,100.0,47.24,100.0,28.57,50,4,2,,1
한국과학기술연구원; 서울대학교,한국과학기술연구원,74.89,100.0,47.24,100.0,20.51,100,21,8,,1
한국과학기술연구원; 서울대학교,한국과학기술연구원; 한국과학기술원,68.95,100.0,47.24,100.0,14.29,50,4,2,,1
한국과학기술연구원; 서울대학교,한국화학연구원,58.03,62.4,47.24,100.0,33.33,25,2,1,,1
한국과학기술연구원; 서울대학교,현대자동차; 기아; 한국과학기술연구원,55.17,62.4,47.24,100.0,14.29,25,2,1,,1
한국과학기술연구원; 서울대학교,한국표준과학연구원,53.03,62.4,47.24,100.0,0.0,25,2,1,,1
한국과학기술연구원; 서울대학교,엘지화학; 한국과학기술원,47.42,31.2,47.24,100.0,25.0,25,1,1,,1
한국과학기술연구원; 서울대학교,한국과학기술연구원; 재단법인 멀티스케일 에너지시스템 연구단,45.54,31.2,47.24,100.0,12.5,25,1,1,,1
한국과학기술연구원; 서울대학교,한국과학기술원; 한국기계연구원,45.17,31.2,47.24,100.0,10.0,25,1,1,,1
한국과학기술연구원; 성균관대학교,한국과학기술연구원,70.27,100.0,47.24,100.0,23.08,50,5,2,,1
한국과학기술연구원; 성균관대학교,울산과학기술원,68.64,93.6,47.24,100.0,25.0,50,3,2,,1
한국과학기술연구원; 세종대학교,한국전자통신연구원,43.67,31.2,47.24,100.0,0.0,25,1,1,,1
한국과학기술연구원; 수원대학교,한국과학기술연구원,69.6,100.0,47.24,100.0,35.29,25,7,1,,1
한국과학기술연구원; 숭실대학교,한국화학연구원,68.54,100.0,47.24,100.0,11.54,50,8,2,,1
한국과학기술연구원; 숭실대학교,한국과학기술연구원,68.1,93.6,47.24,100.0,21.43,50,3,2,,1
한국과학기술연구원; 숭실대학교,재단법인 한국탄소산업진흥원; 한국과학기술연구원,63.01,93.6,47.24,100.0,4.17,25,3,1,,1
한국과학기술연구원; 연세대학교,한국과학기술연구원,49.12,31.2,47.24,100.0,36.36,25,1,1,,1
한국과학기술연구원; 연세대학교,한국에너지기술연구원,48.28,31.2,47.24,100.0,30.77,25,1,1,,1
한국과학기술연구원; 연세대학교,한국기계연구원,47.95,31.2,47.24,100.0,28.57,25,1,1,,1
한국과학기술연구원; 연세대학교,한국과학기술원,44.67,31.2,47.24,100.0,6.67,25,1,1,,1
한국과학기술연구원; 울산대학교,한국화학연구원,56.78,62.4,47.24,100.0,25.0,25,2,1,,1
한국과학기술연구원; 울산대학교,한국과학기술연구원,54.28,62.4,47.24,100.0,8.33,25,2,1,,1
한국과학기술연구원; 이화여자대학교,한국전자통신연구원,46.88,31.2,47.24,100.0,21.43,25,1,1,,1
한국과학기술연구원; 이화여자대학교,한국과학기술원,43.67,31.2,47.24,100.0,0.0,25,1,1,,1
한국과학기술연구원; 인천대학교,한국기계연구원,53.03,62.4,47.24,100.0,0.0,25,2,1,,1
한국과학기술연구원; 인천대학교,한국에너지기술연구원,44.92,31.2,47.24,100.0,8.33,25,1,1,,1
한국과학기술연구원; 인하대학교,한국과학기술원,45.03,31.2,47.24,100.0,9.09,25,1,1,,1
한국과학기술연구원; 재단법인 멀티스케일 에너지시스템 연구단; 서울대학교,한국과학기술연구원; 재단법인 멀티스케일 에너지시스템 연구단,64.89,93.6,47.24,100.0,16.67,25,3,1,,1
한국과학기술연구원; 재단법인 아산사회복지재단; 울산대학교,한국과학기술연구원,64.7,93.6,47.24,100.0,15.38,25,3,1,,1
한국과학기술연구원; 전남대학교,한국과학기술연구원,59.48,62.4,47.24,100.0,26.32,50,2,2,,1
한국과학기술연구원; 전남대학교,한국에너지기술연구원,46.17,31.2,47.24,100.0,16.67,25,1,1,,1
한국과학기술연구원; 전북대학교,한국과학기술연구원,69.06,100.0,47.24,100.0,15.0,50,4,2,,1
한국과학기술연구원; 중앙대학교,한국과학기술연구원,56.36,62.4,47.24,100.0,22.22,25,2,1,,1
한국과학기술연구원; 중앙대학교,재단법인대구경북과학기술원,48.67,31.2,47.24,100.0,33.33,25,1,1,,1
한국과학기술연구원; 중앙대학교,한국원자력연구원,44.46,31.2,47.24,100.0,5.26,25,1,1,,1
한국과학기술연구원; 청주대학교,한국과학기술연구원,68.06,100.0,47.24,100.0,25.0,25,4,1,,1
한국과학기술연구원; 충남대학교,한국화학연구원,65.6,93.6,47.24,100.0,21.43,25,3,1,,1
한국과학기술연구원; 한국공학대학교,한국과학기술연구원,54.7,62.4,47.24,100.0,11.11,25,2,1,,1
한국과학기술연구원; 한양대학교,한국과학기술연구원,68.68,100.0,47.24,100.0,12.5,50,7,2,,1
한국과학기술연구원; 한양대학교,한국과학기술연구원; 사회복지법인 삼성생명공익재단,54.39,62.4,47.24,100.0,9.09,25,2,1,,1
한국과학기술원,한국과학기술원;옵토마인드,86.81,100.0,47.24,100.0,100.0,100,9,4,,1
한국과학기술원,한국과학기술원,79.59,100.0,47.24,100.0,51.84,100,6381,2185,,1
한국과학기술원,한국과학기술원; 한국건설기술연구원,77.88,100.0,47.24,100.0,57.14,75,12,3,,1
한국과학기술원,한국과학기술원;풍산,77.64,100.0,47.24,100.0,55.56,75,5,3,,1
한국과학기술원,한국과학기술원;선일다이파스,77.39,93.6,47.24,100.0,100.0,25,3,1,,1
한국과학기술원,한국과학기술원;로엔서지컬,77.26,100.0,47.24,100.0,36.36,100,22,8,,1
한국과학기술원,한국과학기술원; 한국방송공사,76.81,100.0,47.24,100.0,66.67,50,4,2,,1
한국과학기술원,한국과학기술원;뷰웍스,76.81,100.0,47.24,100.0,66.67,50,4,2,,1
한국과학기술원,한국과학기술원; 국방과학연구소,76.31,100.0,47.24,100.0,30.0,100,25,10,,1
한국과학기술원,한국과학기술연구원,76.13,100.0,47.24,100.0,28.77,100,450,223,,1
한국과학기술원,에스케이하이닉스; 한국과학기술원,76.12,100.0,47.24,100.0,28.77,100,31,13,,1
한국과학기술원,한국기계연구원,76.1,100.0,47.24,100.0,28.61,100,332,151,,1
한국과학기술원,한국과학기술원; 기초과학연구원,76.09,100.0,47.24,100.0,28.57,100,12,5,,1
한국과학기술원,로엔서지컬; 한국과학기술원,75.86,100.0,47.24,100.0,27.03,100,11,7,,1
한국과학기술원,한국전자통신연구원,75.83,100.0,47.24,100.0,26.8,100,582,280,,1
한국과학기술원,한국원자력연구원,75.71,100.0,47.24,100.0,26.03,100,218,80,,1
한국과학기술원,울산과학기술원,75.6,100.0,47.24,100.0,25.3,100,295,158,,1
한국과학기술원,한국에너지기술연구원,75.59,100.0,47.24,100.0,25.2,100,243,99,,1
한국과학기술원,재단법인대구경북과학기술원,75.56,100.0,47.24,100.0,25.0,100,284,140,,1
한국과학기술원,한국과학기술원; 재단법인 지능형 바이오 시스템 설계 및 합성 연구단,75.56,100.0,47.24,100.0,25.0,100,5,4,,1
한국과학기술원,광주과학기술원,75.47,100.0,47.24,100.0,24.4,100,192,101,,1
한국과학기술원,삼성전자; 한국과학기술원,75.34,100.0,47.24,100.0,23.57,100,43,28,,1
한국과학기술원,한국과학기술원; 한국기계연구원,75.25,100.0,47.24,100.0,22.94,100,38,15,,1
한국과학기술원,한국과학기술원;파티클라,75.14,100.0,47.24,100.0,55.56,50,5,2,,1
한국과학기술원,한국건설기술연구원,75.12,100.0,47.24,100.0,22.08,100,88,44,,1
한국과학기술원,한국화학연구원,75.12,100.0,47.24,100.0,22.09,100,198,85,,1
한국과학기술원,한국전기연구원,75.1,100.0,47.24,100.0,21.96,100,75,40,,1
한국과학기술원,한국표준과학연구원,75.08,100.0,47.24,100.0,21.79,100,120,49,,1
한국과학기술원,한국과학기술원; 한국재료연구원,75.04,100.0,47.24,100.0,21.57,100,14,8,,1
한국과학기술원,한국과학기술원; 국가철도공단,74.89,100.0,47.24,100.0,20.51,100,20,9,,1
한국과학기술원,한국과학기술원; 코오롱인더스트리,74.87,100.0,47.24,100.0,20.41,100,31,11,,1
한국과학기술원,한국과학기술원; 재단법인 멀티스케일 에너지시스템 연구단,74.81,100.0,47.24,100.0,20.0,100,46,14,,1
한국과학기술원,한국해양과학기술원,74.65,100.0,47.24,100.0,18.96,100,62,34,,1
한국과학기술원,한국과학기술연구원;엠오피(M.O.P),74.62,100.0,47.24,100.0,18.75,100,5,4,,1
한국과학기술원,한국지질자원연구원,74.61,100.0,47.24,100.0,18.64,100,43,23,,1
한국과학기술원,한국과학기술원; 사우디 아라비안 오일 컴퍼니,74.6,100.0,47.24,100.0,18.6,100,12,4,,1
한국과학기술원,한국과학기술원; 재단법인 바이오나노헬스가드연구단,74.54,100.0,47.24,100.0,18.18,100,12,6,,1
한국과학기술원,한국과학기술연구원; 재단법인 멀티스케일 에너지시스템 연구단,74.53,100.0,47.24,100.0,34.78,75,4,3,,1
한국과학기술원,한국과학기술원; 램 리서치 코퍼레이션,74.49,100.0,47.24,100.0,17.86,100,9,5,,1
한국과학기술원,한국기계연구원; 한국과학기술원,74.46,100.0,47.24,100.0,17.65,100,8,4,,1
한국과학기술원,한국과학기술원;브이아이소프트,74.42,100.0,47.24,100.0,17.39,100,5,4,,1
한국과학기술원,한국과학기술원; 한국중부발전,74.38,100.0,47.24,100.0,17.14,100,16,4,,1
한국과학기술원,한국과학기술원; 주성엔지니어링,74.31,100.0,47.24,100.0,50.0,50,6,2,,1
한국과학기술원,테그웨이; 한국과학기술원,74.18,100.0,47.24,100.0,15.79,100,7,4,,1
한국과학기술원,한국건설기술연구원; 포엠,74.13,100.0,47.24,100.0,32.14,75,7,3,,1
한국과학기술원,국방과학연구소; 한국과학기술원,74.12,100.0,47.24,100.0,15.38,100,23,15,,1
한국과학기술원,한국기계연구원; 재단법인 파동에너지 극한제어 연구단,74.04,100.0,47.24,100.0,14.89,100,8,4,,1
한국과학기술원,엘지전자; 한국과학기술원,74.02,100.0,47.24,100.0,14.75,100,10,7,,1
한국과학기술원,한국생명공학연구원,74.02,100.0,47.24,100.0,14.74,100,35,17,,1
한국과학기술원,한국과학기술원; 한국생명공학연구원,73.84,100.0,47.24,100.0,13.51,100,11,4,,1
한국과학기술원,코오롱인더스트리; 한국과학기술원,73.82,100.0,47.24,100.0,13.43,100,16,8,,1
한국과학기술원,삼성전자; 울산과학기술원,73.68,100.0,47.24,100.0,12.5,100,8,4,,1
한국과학기술원,케이씨씨; 한국과학기술원,73.68,100.0,47.24,100.0,12.5,100,10,5,,1
한국과학기술원,포스코홀딩스; 한국과학기술원,73.68,100.0,47.24,100.0,12.5,100,12,6,,1
한국과학기술원,한국식품연구원,73.66,100.0,47.24,100.0,12.35,100,28,12,,1
한국과학기술원,한국전력공사; 한국과학기술원,73.58,100.0,47.24,100.0,11.83,100,19,12,,1
한국과학기술원,한국원자력연구원; 한국과학기술원,73.4,100.0,47.24,100.0,27.27,75,6,3,,1
한국과학기술원,현대자동차; 기아; 한국과학기술원,73.35,100.0,47.24,100.0,10.29,100,11,6,,1
한국과학기술원,네오젠로직; 한국과학기술원,73.24,100.0,47.24,100.0,42.86,50,4,2,,1
한국과학기술원,한국생명공학연구원; 한국과학기술원,73.24,100.0,47.24,100.0,9.52,100,5,4,,1
한국과학기술원,씨티케이; 한국과학기술원,73.1,93.6,47.24,100.0,71.43,25,3,1,,1
한국과학기술원,킹 압둘라 시티 포 어토믹 앤드 리뉴어블 에너지; 한국원자력연구원,73.06,100.0,47.24,100.0,25.0,75,6,3,,1
한국과학기술원,엘지화학; 한국과학기술원,72.91,100.0,47.24,100.0,7.32,100,7,4,,1
한국과학기술원,한국과학기술원; 더 리젠츠 오브 더 유니버시티 오브 미시건,72.69,100.0,47.24,100.0,5.88,100,6,4,,1
한국과학기술원,한국과학기술연구원; 재단법인 실감교류인체감응솔루션연구단,72.67,100.0,47.24,100.0,5.71,100,13,7,,1
한국과학기술원,한국과학기술원; 삼성중공업,72.64,100.0,47.24,100.0,22.22,75,5,3,,1
한국과학기술원,기초과학연구원; 한국과학기술원,72.63,100.0,47.24,100.0,5.45,100,23,7,,1
한국과학기술원,현대자동차; 한국과학기술원,72.43,100.0,47.24,100.0,20.83,75,8,3,,1
한국과학기술원,한국과학기술원; 재단법인 다차원 스마트 아이티 융합시스템 연구단,72.41,100.0,47.24,100.0,20.69,75,11,3,,1
한국과학기술원,재단법인대구경북과학기술원; 한국과학기술원,72.31,100.0,47.24,100.0,3.33,100,6,4,,1
한국과학기술원,한국원자력연구원; 한국수력원자력,72.31,100.0,47.24,100.0,20.0,75,6,3,,1
한국과학기술원,한국과학기술연구원; 한국과학기술원,72.23,100.0,47.24,100.0,2.78,100,14,5,,1
한국과학기술원,삼성디스플레이; 한국과학기술원,72.1,100.0,47.24,100.0,35.29,50,4,2,,1
한국과학기술원,로보프린트; 한국과학기술원,71.81,100.0,47.24,100.0,50.0,25,8,1,,1
한국과학기술원,엘아이지넥스원; 한국과학기술원,71.81,100.0,47.24,100.0,16.67,75,5,3,,1
한국과학기술원,한국전력공사; 한국과학기술원;삼환티에프,71.81,100.0,47.24,100.0,33.33,50,6,2,,1
한국과학기술원,한국표준과학연구원; 퍼듀 리서치 파운데이션,71.8,93.6,47.24,100.0,29.41,75,3,3,,1
한국과학기술원,롯데케미칼; 한국과학기술원,71.56,100.0,47.24,100.0,15.0,75,5,3,,1
한국과학기술원,한국전자통신연구원;시스기어,71.42,100.0,47.24,100.0,30.77,50,7,2,,1
한국과학기술원,와이파워원; 한국과학기술원,71.31,100.0,47.24,100.0,13.33,75,5,3,,1
한국과학기술원,한국과학기술원;성일에스아이엠,71.27,100.0,47.24,100.0,13.04,75,10,3,,1
한국과학기술원,한국과학기술연구원; 한국화학연구원,71.24,100.0,47.24,100.0,12.9,75,4,3,,1
한국과학기술원,한국과학기술원;프로닉스,71.09,100.0,47.24,100.0,28.57,50,10,2,,1
한국과학기술원,한국과학기술원;아이블포토닉스,71.07,100.0,47.24,100.0,11.76,75,5,3,,1
한국과학기술원,배럴아이,70.98,100.0,47.24,100.0,11.11,75,4,3,,1
한국과학기술원,울산과학기술원; 대한민국(산림청 국립산림과학원장),70.85,100.0,47.24,100.0,26.92,50,4,2,,1
한국과학기술원,제이마이크로; 한국과학기술원,70.74,100.0,47.24,100.0,9.52,75,7,3,,1
한국과학기술원,한국과학기술원; 한국과학기술연구원,70.74,100.0,47.24,100.0,9.52,75,9,3,,1
한국과학기술원,센텍코리아,70.72,93.6,47.24,100.0,22.22,75,3,3,,1
한국과학기술원,삼성전자; 광주과학기술원,70.67,100.0,47.24,100.0,9.09,75,4,3,,1
한국과학기술원,한국과학기술원;디지탈이노텍,70.56,100.0,47.24,100.0,25.0,50,4,2,,1
한국과학기술원,한국과학기술원;리얼아이덴티티,70.53,62.4,47.24,100.0,100.0,50,2,2,,1
한국과학기술원,한국과학기술원; 광주과학기술원,70.46,100.0,47.24,100.0,7.69,75,6,3,,1
한국과학기술원,파이버프로; 한국과학기술원,70.31,100.0,47.24,100.0,6.67,75,6,3,,1
한국과학기술원,한국과학기술원; 소니 인터랙티브 엔터테인먼트 아메리카 엘엘씨,70.31,100.0,47.24,100.0,40.0,25,5,1,,1
한국과학기술원,한국전자통신연구원; 한국과학기술원,69.96,100.0,47.24,100.0,4.35,75,6,3,,1
한국과학기술원,한국과학기술원;씽크루트,69.89,93.6,47.24,100.0,50.0,25,3,1,,1
한국과학기술원,한국에너지기술연구원;가솔릭,69.89,93.6,47.24,100.0,50.0,25,3,1,,1
한국과학기술원,엔지노믹스; 한국과학기술원,69.81,100.0,47.24,100.0,20.0,50,4,2,,1
한국과학기술원,재단법인 한국탄소산업진흥원; 한국과학기술연구원,69.46,100.0,47.24,100.0,17.65,50,4,2,,1
한국과학기술원,한국과학기술원; 대한민국(국립재활원장),69.46,100.0,47.24,100.0,17.65,50,6,2,,1
한국과학기술원,한국과학기술원; 대한민국(질병관리청 국립보건연구원장),69.39,93.6,47.24,100.0,46.67,25,3,1,,1
한국과학기술원,한국전력공사; 광주과학기술원,69.31,100.0,47.24,100.0,0.0,75,4,3,,1
한국과학기술원,한국과학기술원; 김철준,69.06,93.6,47.24,100.0,44.44,25,3,1,,1
한국과학기술원,오토피디아; 한국과학기술원,68.85,100.0,47.24,100.0,13.64,50,7,2,,1
한국과학기술원,나무가; 한국과학기술원,68.68,100.0,47.24,100.0,12.5,50,4,2,,1
한국과학기술원,한국건설기술연구원; 한국과학기술원; 광주과학기술원,68.64,93.6,47.24,100.0,25.0,50,3,2,,1
한국과학기술원,한국과학기술연구원;신아티앤씨,68.48,100.0,47.24,100.0,11.11,50,4,2,,1
한국과학기술원,한국과학기술원;원진일렉트로닉스,68.39,93.6,47.24,100.0,40.0,25,3,1,,1
한국과학기술원,한국과학기술원; 사회복지법인 삼성생명공익재단,68.36,100.0,47.24,100.0,10.34,50,6,2,,1
한국과학기술원,광주과학기술원;그린파워,68.31,100.0,47.24,100.0,26.67,25,4,1,,1
한국과학기술원,뷰웍스; 한국과학기술원,68.31,100.0,47.24,100.0,10.0,50,4,2,,1
한국과학기술원,한국과학기술원; 포스코홀딩스,68.06,100.0,47.24,100.0,25.0,25,4,1,,1
한국과학기술원,광주과학기술원; 에스케이하이닉스,68.03,62.4,47.24,100.0,100.0,25,2,1,,1
한국과학기술원,광주과학기술원;라디안큐바이오,68.03,62.4,47.24,100.0,100.0,25,2,1,,1
한국과학기술원,울산과학기술원; 대한민국(국립재활원장),68.03,62.4,47.24,100.0,100.0,25,2,1,,1
한국과학기술원,한국과학기술원; 한국항공우주연구원,68.03,62.4,47.24,100.0,100.0,25,2,1,,1
한국과학기술원,한국과학기술원; 한국화학연구원,67.89,93.6,47.24,100.0,20.0,50,3,2,,1
한국과학기술원,울산과학기술원; 한국과학기술원,67.88,100.0,47.24,100.0,7.14,50,7,2,,1
한국과학기술원,삼성전자; 삼성에스디아이; 한국과학기술원,67.75,100.0,47.24,100.0,6.25,50,6,2,,1
한국과학기술원,씽크루트; 한국과학기술원,67.64,100.0,47.24,100.0,5.56,50,6,2,,1
한국과학기술원,한국과학기술원; 에이치디한국조선해양,67.62,93.6,47.24,100.0,18.18,50,3,2,,1
한국과학기술원,엘지디스플레이; 한국과학기술원,67.43,100.0,47.24,100.0,4.17,50,6,2,,1
한국과학기술원,한국과학기술원; 재단법인 하이브리드 인터페이스기반 미래소재 연구단,67.41,100.0,47.24,100.0,4.0,50,4,2,,1
한국과학기술원,한국과학기술원; 한국전자통신연구원,67.39,93.6,47.24,100.0,16.67,50,3,2,,1
한국과학기술원,한국과학기술원;모다모다,66.89,93.6,47.24,100.0,30.0,25,3,1,,1
한국과학기술원,한국과학기술원;유비온,66.18,100.0,47.24,100.0,12.5,25,5,1,,1
한국과학기술원,한국생명공학연구원; 에이치엘비제넥스,66.18,100.0,47.24,100.0,12.5,25,4,1,,1
한국과학기술원,한국과학기술원; 뉴욕 유니버시티 인 아부다비 코포레이션,65.96,93.6,47.24,100.0,7.14,50,3,2,,1
한국과학기술원,한국식품연구원; 한국과학기술정보연구원,65.72,93.6,47.24,100.0,22.22,25,3,1,,1
한국과학기술원,센플러스; 한국과학기술원,65.68,93.6,47.24,100.0,5.26,50,3,2,,1
한국과학기술원,재단법인대구경북과학기술원; 유니버시티 오브 버지니아 페이턴트 파운데이션,65.39,93.6,47.24,100.0,20.0,25,3,1,,1
한국과학기술원,한국과학기술원; 난징 유니버시티 오브 에어로노틱스 앤드 애스트로노틱스,65.39,93.6,47.24,100.0,20.0,25,3,1,,1
한국과학기술원,한국철도기술연구원; 한국과학기술원,65.2,93.6,47.24,100.0,18.75,25,3,1,,1
한국과학기술원,필더세임; 울산과학기술원,64.99,100.0,47.24,100.0,4.55,25,8,1,,1
한국과학기술원,토모큐브; 한국과학기술원,64.89,93.6,47.24,100.0,16.67,25,3,1,,1
한국과학기술원,한국과학기술원; 대한민국(질병관리청장),64.89,93.6,47.24,100.0,16.67,25,3,1,,1
한국과학기술원,한국과학기술원;로보프린트,64.89,93.6,47.24,100.0,16.67,25,3,1,,1
한국과학기술원,한국기계연구원; 난양 테크놀러지컬 유니버시티,64.89,93.6,47.24,100.0,0.0,50,3,2,,1
한국과학기술원,한국기계연구원; 한국철도기술연구원,64.89,93.6,47.24,100.0,0.0,50,3,2,,1
한국과학기술원,한국과학기술원;제네시스랩,64.53,93.6,47.24,100.0,14.29,25,3,1,,1
한국과학기술원,파크이즈건축사사무소; 한국과학기술원,64.31,100.0,47.24,100.0,0.0,25,5,1,,1
한국과학기술원,한국과학기술원;아이작리서치,64.31,100.0,47.24,100.0,0.0,25,4,1,,1
한국과학기술원,디엘이앤씨; 한국과학기술원,64.26,93.6,47.24,100.0,12.5,25,3,1,,1
한국과학기술원,한국과학기술연구원; 사회복지법인 삼성생명공익재단,64.26,93.6,47.24,100.0,12.5,25,3,1,,1
한국과학기술원,한국에너지기술연구원; 한국기계연구원,64.26,93.6,47.24,100.0,12.5,25,3,1,,1
한국과학기술원,삼성전기; 한국과학기술원,64.06,93.6,47.24,100.0,11.11,25,3,1,,1
한국과학기술원,울산과학기술원; 에스케이이노베이션,63.89,93.6,47.24,100.0,10.0,25,3,1,,1
한국과학기술원,테크로스; 한국과학기술연구원,63.33,93.6,47.24,100.0,6.25,25,3,1,,1
한국과학기술원,한국조폐공사; 한국과학기술원,63.18,93.6,47.24,100.0,5.26,25,3,1,,1
한국과학기술원,한국과학기술원; 에쓰대시오일,63.03,62.4,47.24,100.0,50.0,50,2,2,,1
한국과학기술원,아모레퍼시픽; 재단법인대구경북과학기술원,62.39,93.6,47.24,100.0,0.0,25,3,1,,1
한국과학기술원,엔사이드; 재단법인대구경북과학기술원,62.39,93.6,47.24,100.0,0.0,25,3,1,,1
한국과학기술원,엘에스과학기술원,62.39,93.6,47.24,100.0,0.0,25,3,1,,1
한국과학기술원,울산과학기술원; 국립생태원,62.39,93.6,47.24,100.0,0.0,25,3,1,,1
한국과학기술원,울산과학기술원; 한국과학기술연구원,62.39,93.6,47.24,100.0,0.0,25,3,1,,1
한국과학기술원,한국기계연구원; 한국소재융합연구원,62.39,93.6,47.24,100.0,0.0,25,3,1,,1
한국과학기술원,한국기계연구원; 한국전력공사,62.39,93.6,47.24,100.0,0.0,25,3,1,,1
한국과학기술원,씨제이제일제당; 한국과학기술원,60.53,62.4,47.24,100.0,33.33,50,2,2,,1
한국과학기술원,한국전기연구원;모던우드,59.95,62.4,47.24,100.0,46.15,25,2,1,,1
한국과학기술원,한국과학기술원; 한국기초과학지원연구원,58.86,62.4,47.24,100.0,22.22,50,2,2,,1
한국과학기술원,대한민국(국립재활원장); 에이치로보틱스; 울산과학기술원,58.67,31.2,47.24,100.0,100.0,25,1,1,,1
한국과학기술원,대상; 한국화학연구원,58.65,62.4,47.24,100.0,37.5,25,2,1,,1
한국과학기술원,"한국표준과학연구원; 버지니아 테크 인터렉추얼 프라퍼티스, 인크.",58.48,62.4,47.24,100.0,36.36,25,2,1,,1
한국과학기술원,고등기술연구원연구조합; 한국과학기술원,58.03,62.4,47.24,100.0,33.33,25,2,1,,1
한국과학기술원,대한민국(국립재활원장); 한국과학기술원,58.03,62.4,47.24,100.0,33.33,25,2,1,,1
한국과학기술원,비즈; 한국과학기술원,58.03,62.4,47.24,100.0,33.33,25,2,1,,1
한국과학기술원,한국과학기술원;케이씨씨,58.03,62.4,47.24,100.0,33.33,25,2,1,,1
한국과학기술원,한국건설기술연구원;아이클롭스,57.64,62.4,47.24,100.0,30.77,25,2,1,,1
한국과학기술원,한국과학기술원;한국무역정보통신,57.57,62.4,47.24,100.0,13.64,50,2,2,,1
한국과학기술원,학교법인 일송학원,57.53,62.4,47.24,100.0,30.0,25,2,1,,1
한국과학기술원,기초과학연구원; 광주과학기술원,57.4,62.4,47.24,100.0,12.5,50,2,2,,1
한국과학기술원,에너테크인터내셔널; 한국과학기술원,57.31,62.4,47.24,100.0,28.57,25,2,1,,1
한국과학기술원,기초과학연구원; 한국과학기술원; 사회복지법인 삼성생명공익재단,57.12,62.4,47.24,100.0,27.27,25,2,1,,1
한국과학기술원,광주과학기술원;미소정보기술,56.89,62.4,47.24,100.0,9.09,50,2,2,,1
한국과학기술원,한국과학기술원; 한국전력기술,56.78,62.4,47.24,100.0,25.0,25,2,1,,1
한국과학기술원,한국전자통신연구원; 한국과학기술원; 한국과학기술연구원,56.78,62.4,47.24,100.0,25.0,25,2,1,,1
한국과학기술원,기초과학연구원; 울산과학기술원,56.6,62.4,47.24,100.0,7.14,50,2,2,,1
한국과학기술원,한국과학기술원; 한국조폐공사,56.56,62.4,47.24,100.0,6.9,50,2,2,,1
한국과학기술원,펨트론; 한국과학기술원,56.36,62.4,47.24,100.0,22.22,25,2,1,,1
한국과학기술원,한화솔루션; 한국과학기술원,56.24,62.4,47.24,100.0,4.76,50,2,2,,1
한국과학기술원,광주과학기술원; 한국과학기술원,56.03,62.4,47.24,100.0,20.0,25,2,1,,1
한국과학기술원,닷; 한국과학기술원,56.03,62.4,47.24,100.0,20.0,25,2,1,,1
한국과학기술원,사단법인 한국건설사회환경학회; 한국과학기술원,56.03,62.4,47.24,100.0,20.0,25,2,1,,1
한국과학기술원,아이빔테크놀로지; 한국과학기술원,56.03,62.4,47.24,100.0,20.0,25,2,1,,1
한국과학기술원,위멤스; 광주과학기술원,56.03,62.4,47.24,100.0,20.0,25,2,1,,1
한국과학기술원,한국과학기술원; 재단법인 포항산업과학연구원; 포스코홀딩스,56.03,62.4,47.24,100.0,20.0,25,2,1,,1
한국과학기술원,한국과학기술원;파크이즈건축사사무소,56.03,62.4,47.24,100.0,20.0,25,2,1,,1
한국과학기술원,와이에스썸텍; 한국과학기술연구원,55.76,62.4,47.24,100.0,18.18,25,2,1,,1
한국과학기술원,한국과학기술원; 한국표준과학연구원,55.76,62.4,47.24,100.0,18.18,25,2,1,,1
한국과학기술원,성신양회; 한국건설기술연구원,55.34,62.4,47.24,100.0,15.38,25,2,1,,1
한국과학기술원,에쓰대시오일; 한국과학기술원,55.34,62.4,47.24,100.0,15.38,25,2,1,,1
한국과학기술원,창성; 한국과학기술연구원,55.34,62.4,47.24,100.0,15.38,25,2,1,,1
한국과학기술원,한국과학기술원;네오젠로직,55.34,62.4,47.24,100.0,15.38,25,2,1,,1
한국과학기술원,한국과학기술원;오토실리콘,55.34,62.4,47.24,100.0,15.38,25,2,1,,1
한국과학기술원,에스원; 한국과학기술원,55.17,62.4,47.24,100.0,14.29,25,2,1,,1
한국과학기술원,한국건설기술연구원; 한국과학기술정보연구원; 한국지질자원연구원; 한국철도기술연구원,55.17,62.4,47.24,100.0,14.29,25,2,1,,1
한국과학기술원,켈스,55.03,62.4,47.24,100.0,13.33,25,2,1,,1
한국과학기술원,한국과학기술원; 한화테크엠,55.03,62.4,47.24,100.0,13.33,25,2,1,,1
한국과학기술원,삼성중공업; 한국과학기술원,54.7,62.4,47.24,100.0,11.11,25,2,1,,1
한국과학기술원,셀레스트라; 울산과학기술원,54.7,62.4,47.24,100.0,11.11,25,2,1,,1
한국과학기술원,울산과학기술원; 재단법인대구경북과학기술원,54.7,62.4,47.24,100.0,11.11,25,2,1,,1
한국과학기술원,한국기초과학지원연구원; 한국생명공학연구원,54.53,62.4,47.24,100.0,10.0,25,2,1,,1
한국과학기술원,재단법인대구경북과학기술원; 한국기초과학지원연구원,54.39,62.4,47.24,100.0,9.09,25,2,1,,1
한국과학기술원,더웨이브톡; 한국과학기술원,54.28,62.4,47.24,100.0,8.33,25,2,1,,1
한국과학기술원,한국과학기술원; 동우 화인켐,54.03,62.4,47.24,100.0,6.67,25,2,1,,1
한국과학기술원,사회복지법인 삼성생명공익재단; 한국기계연구원,53.67,31.2,47.24,100.0,66.67,25,1,1,,1
한국과학기술원,나우로보틱스; 재단법인대구경북과학기술원,53.03,62.4,47.24,100.0,0.0,25,2,1,,1
한국과학기술원,메디코스바이오텍; 한국과학기술원,53.03,62.4,47.24,100.0,0.0,25,2,1,,1
한국과학기술원,엘지에너지솔루션; 한국과학기술원,53.03,62.4,47.24,100.0,0.0,25,2,1,,1
한국과학기술원,한국과학기술원; 페킹 유니버시티,53.03,62.4,47.24,100.0,0.0,25,2,1,,1
한국과학기술원,한국과학기술원; 한국과학기술연구원; 한국기초과학지원연구원,53.03,62.4,47.24,100.0,0.0,25,2,1,,1
한국과학기술원,한국세라믹기술원; 울산과학기술원,53.03,62.4,47.24,100.0,0.0,25,2,1,,1
한국과학기술원,한국과학기술원;파이버프로,52.67,31.2,47.24,100.0,60.0,25,1,1,,1
한국과학기술원,한국기계연구원; 한국화학연구원,52.24,31.2,47.24,100.0,57.14,25,1,1,,1
한국과학기술원,한국화학연구원;동남합성,52.24,31.2,47.24,100.0,57.14,25,1,1,,1
한국과학기술원,한국과학기술원;미래컴퍼니,51.17,31.2,47.24,100.0,50.0,25,1,1,,1
한국과학기술원,현대자동차; 기아; 울산과학기술원,50.1,31.2,47.24,100.0,42.86,25,1,1,,1
한국과학기술원,한국과학기술원; 카나비스메디칼,49.29,31.2,47.24,100.0,37.5,25,1,1,,1
한국과학기술원,엘지에너지솔루션; 울산과학기술원,48.67,31.2,47.24,100.0,33.33,25,1,1,,1
한국과학기술원,울산과학기술원; 신성델타테크,48.67,31.2,47.24,100.0,33.33,25,1,1,,1
한국과학기술원,한국과학기술원; 기아; 현대자동차,48.41,31.2,47.24,100.0,31.58,25,1,1,,1
한국과학기술원,에스케이온; 울산과학기술원,47.95,31.2,47.24,100.0,28.57,25,1,1,,1
한국과학기술원,유진엠에스; 재단법인대구경북과학기술원,47.95,31.2,47.24,100.0,28.57,25,1,1,,1
한국과학기술원,인스텍; 한국과학기술원,47.76,31.2,47.24,100.0,27.27,25,1,1,,1
한국과학기술원,재단법인 전통천연물기반 유전자동의보감 사업단; 한국과학기술원,47.42,31.2,47.24,100.0,25.0,25,1,1,,1
한국과학기술원,한국과학기술원;유니드,47.42,31.2,47.24,100.0,25.0,25,1,1,,1
한국과학기술원,한국생명공학연구원; 재단법인 바이오나노헬스가드연구단,47.42,31.2,47.24,100.0,25.0,25,1,1,,1
한국과학기술원,이엠텍; 울산과학기술원,47.0,31.2,47.24,100.0,22.22,25,1,1,,1
한국과학기술원,티에이치엔; 한국과학기술원,46.88,31.2,47.24,100.0,21.43,25,1,1,,1
한국과학기술원,한국과학기술연구원;이노시그널,46.67,31.2,47.24,100.0,20.0,25,1,1,,1
한국과학기술원,엔비에스티; 한국화학연구원,46.4,31.2,47.24,100.0,18.18,25,1,1,,1
한국과학기술원,한국과학기술원;와이파워원,46.17,31.2,47.24,100.0,16.67,25,1,1,,1
한국과학기술원,한국수자원공사; 한국전자통신연구원,46.17,31.2,47.24,100.0,16.67,25,1,1,,1
한국과학기술원,한국화학연구원; 한국생명공학연구원; 한국기초과학지원연구원,46.17,31.2,47.24,100.0,16.67,25,1,1,,1
한국과학기술원,울산과학기술원; 한국동서발전,45.81,31.2,47.24,100.0,14.29,25,1,1,,1
한국과학기술원,한국과학기술원; 드렉셀유니버시티,45.81,31.2,47.24,100.0,14.29,25,1,1,,1
한국과학기술원,한국과학기술원;파이랩테크놀로지,45.81,31.2,47.24,100.0,14.29,25,1,1,,1
한국과학기술원,한국전자통신연구원;엘지씨엔에스,45.81,31.2,47.24,100.0,14.29,25,1,1,,1
한국과학기술원,한솔제지; 한국과학기술원,45.81,31.2,47.24,100.0,14.29,25,1,1,,1
한국과학기술원,와이파인텍; 한국화학연구원,45.67,31.2,47.24,100.0,13.33,25,1,1,,1
한국과학기술원,한국과학기술원; 윈텔코퍼레이션,45.54,31.2,47.24,100.0,12.5,25,1,1,,1
한국과학기술원,사우디 아라비안 오일 컴퍼니; 한국과학기술원,45.34,31.2,47.24,100.0,11.11,25,1,1,,1
한국과학기술원,유한책임회사 엔에이치네트웍스; 광주과학기술원,45.34,31.2,47.24,100.0,11.11,25,1,1,,1
한국과학기술원,멤레이; 한국과학기술원,45.17,31.2,47.24,100.0,10.0,25,1,1,,1
한국과학기술원,이윤; 한국과학기술원;플랜올이엔씨;세니츠코퍼레이션,45.17,31.2,47.24,100.0,10.0,25,1,1,,1
한국과학기술원,펩진; 한국과학기술원,45.17,31.2,47.24,100.0,10.0,25,1,1,,1
한국과학기술원,한국과학기술연구원; 울산과학기술원,45.17,31.2,47.24,100.0,10.0,25,1,1,,1
한국과학기술원,한국과학기술원; 재단법인 실감교류인체감응솔루션연구단,45.17,31.2,47.24,100.0,10.0,25,1,1,,1
한국과학기술원,네이버; 한국과학기술원,45.03,31.2,47.24,100.0,9.09,25,1,1,,1
한국과학기술원,한국과학기술원; (재)한국나노기술원,45.03,31.2,47.24,100.0,9.09,25,1,1,,1
한국과학기술원,한국생명공학연구원; 한국표준과학연구원; 재단법인 나노기반소프트일렉트로닉스연구단,45.03,31.2,47.24,100.0,9.09,25,1,1,,1
한국과학기술원,한화토탈에너지스; 한국화학연구원,45.03,31.2,47.24,100.0,9.09,25,1,1,,1
한국과학기술원,에이투어스; 한국과학기술원,44.92,31.2,47.24,100.0,8.33,25,1,1,,1
한국과학기술원,한국전자통신연구원;쏘빛,44.82,31.2,47.24,100.0,7.69,25,1,1,,1
한국과학기술원,한국전력공사; 울산과학기술원,44.67,31.2,47.24,100.0,6.67,25,1,1,,1
한국과학기술원,한국생명공학연구원;유클리드소프트,44.61,31.2,47.24,100.0,6.25,25,1,1,,1
한국과학기술원,광주과학기술원; 재단법인대구경북과학기술원,43.67,31.2,47.24,100.0,0.0,25,1,1,,1
한국과학기술원,에스제이지세종; 한국과학기술원,43.67,31.2,47.24,100.0,0.0,25,1,1,,1
한국과학기술원,케이피엑스케미칼; 한국과학기술원,43.67,31.2,47.24,100.0,0.0,25,1,1,,1
한국과학기술원,학교법인 원광학원,43.67,31.2,47.24,100.0,0.0,25,1,1,,1
한국과학기술원,한국과학기술연구원; 대정화금,43.67,31.2,47.24,100.0,0.0,25,1,1,,1
한국과학기술원,한국과학기술연구원;바이오빛,43.67,31.2,47.24,100.0,0.0,25,1,1,,1
한국과학기술원,한국과학기술연구원;아이엠,43.67,31.2,47.24,100.0,0.0,25,1,1,,1
한국과학기술원,한국과학기술원; 한국해양과학기술원; 한국생명공학연구원,43.67,31.2,47.24,100.0,0.0,25,1,1,,1
한국과학기술원,한국과학기술원;아이디케이랩,43.67,31.2,47.24,100.0,0.0,25,1,1,,1
한국과학기술원,한국과학기술원;에이투어스; 한국기계연구원,43.67,31.2,47.24,100.0,0.0,25,1,1,,1
한국과학기술원,한국에너지기술연구원; 한국지역난방공사,43.67,31.2,47.24,100.0,0.0,25,1,1,,1
한국과학기술원,한국화학연구원; 엘티씨,43.67,31.2,47.24,100.0,0.0,25,1,1,,1
한국과학기술원,한국화학연구원; 한국과학기술연구원,43.67,31.2,47.24,100.0,0.0,25,1,1,,1
한국과학기술원,한국화학연구원;엔에프,43.67,31.2,47.24,100.0,0.0,25,1,1,,1
한국과학기술원,한화세미텍; 한국과학기술원,43.67,31.2,47.24,100.0,0.0,25,1,1,,1
한국과학기술원,현대자동차; 광주과학기술원,43.67,31.2,47.24,100.0,0.0,25,1,1,,1
한국과학기술원; 가천대학교,한국과학기술원,58.99,62.4,47.24,100.0,23.08,50,2,2,,1
한국과학기술원; 강원대학교,한국과학기술원,72.31,100.0,47.24,100.0,20.0,75,6,3,,1
한국과학기술원; 강원대학교,재단법인대구경북과학기술원,64.89,93.6,47.24,100.0,0.0,50,3,2,,1
한국과학기술원; 강원대학교,한국표준과학연구원,53.03,62.4,47.24,100.0,0.0,25,2,1,,1
한국과학기술원; 강원대학교,한국기계연구원,51.17,31.2,47.24,100.0,50.0,25,1,1,,1
한국과학기술원; 강원대학교,울산과학기술원,43.67,31.2,47.24,100.0,0.0,25,1,1,,1
한국과학기술원; 강원대학교,한국과학기술연구원,43.67,31.2,47.24,100.0,0.0,25,1,1,,1
한국과학기술원; 경북대학교,한국에너지기술연구원,48.67,31.2,47.24,100.0,33.33,25,1,1,,1
한국과학기술원; 경희대학교,한국과학기술원,67.39,93.6,47.24,100.0,33.33,25,3,1,,1
한국과학기술원; 경희대학교,한국전자통신연구원,47.76,31.2,47.24,100.0,27.27,25,1,1,,1
한국과학기술원; 경희대학교,한국전기연구원,45.43,31.2,47.24,100.0,11.76,25,1,1,,1
한국과학기술원; 경희대학교,한국표준과학연구원,43.67,31.2,47.24,100.0,0.0,25,1,1,,1
한국과학기술원; 경희대학교,한국화학연구원,43.67,31.2,47.24,100.0,0.0,25,1,1,,1
한국과학기술원; 고려대학교,한국과학기술원,75.14,100.0,47.24,100.0,22.22,100,18,5,,1
한국과학기술원; 고려대학교,한국기계연구원,65.72,93.6,47.24,100.0,22.22,25,3,1,,1
한국과학기술원; 고려대학교,한국화학연구원,65.12,93.6,47.24,100.0,18.18,25,3,1,,1
한국과학기술원; 고려대학교,삼성전자; 한국과학기술원,45.54,31.2,47.24,100.0,12.5,25,1,1,,1
한국과학기술원; 국립부경대학교,"한국지질자원연구원; 하이드로 테크놀로지 인스티튜트 씨오., 엘티디.",58.65,62.4,47.24,100.0,37.5,25,2,1,,1
한국과학기술원; 대전대학교,한국과학기술연구원,55.53,62.4,47.24,100.0,16.67,25,2,1,,1
한국과학기술원; 대전대학교,한국전자통신연구원,53.03,62.4,47.24,100.0,0.0,25,2,1,,1
한국과학기술원; 동신대학교,한국에너지기술연구원,65.61,100.0,47.24,100.0,8.7,25,4,1,,1
한국과학기술원; 동신대학교,에이투어스; 한국과학기술원,64.26,93.6,47.24,100.0,12.5,25,3,1,,1
한국과학기술원; 명지대학교,재단법인대구경북과학기술원,53.03,62.4,47.24,100.0,0.0,25,2,1,,1
한국과학기술원; 명지대학교,한국과학기술원,43.67,31.2,47.24,100.0,0.0,25,1,1,,1
한국과학기술원; 부산대학교,한국과학기술원,70.31,100.0,47.24,100.0,40.0,25,5,1,,1
한국과학기술원; 서강대학교,한국과학기술원,47.0,31.2,47.24,100.0,22.22,25,1,1,,1
한국과학기술원; 서울대학교,한국과학기술원,66.04,93.6,47.24,100.0,7.69,50,3,2,,1
한국과학기술원; 서울대학교,울산과학기술원,44.92,31.2,47.24,100.0,8.33,25,1,1,,1
한국과학기술원; 서울대학교,한국과학기술원; 램 리서치 코퍼레이션,43.67,31.2,47.24,100.0,0.0,25,1,1,,1
한국과학기술원; 서울대학교,한국생명공학연구원; 한국과학기술원,43.67,31.2,47.24,100.0,0.0,25,1,1,,1
한국과학기술원; 선문대학교,한국전자통신연구원,55.17,62.4,47.24,100.0,14.29,25,2,1,,1
한국과학기술원; 숭실대학교,울산과학기술원,53.03,62.4,47.24,100.0,0.0,25,2,1,,1
한국과학기술원; 숭실대학교,재단법인대구경북과학기술원,43.67,31.2,47.24,100.0,0.0,25,1,1,,1
한국과학기술원; 연세대학교,재단법인대구경북과학기술원,67.04,100.0,47.24,100.0,18.18,25,4,1,,1
한국과학기술원; 연세대학교,한국과학기술원,43.67,31.2,47.24,100.0,0.0,25,1,1,,1
한국과학기술원; 울산과학기술원,한국과학기술원,68.46,93.6,47.24,100.0,23.81,50,3,2,,1
한국과학기술원; 울산과학기술원,재단법인대구경북과학기술원,54.53,62.4,47.24,100.0,10.0,25,2,1,,1
한국과학기술원; 울산대학교,한국기계연구원,73.06,100.0,47.24,100.0,41.67,50,12,2,,1
한국과학기술원; 울산대학교,한국과학기술원,66.18,100.0,47.24,100.0,12.5,25,4,1,,1
한국과학기술원; 울산대학교,한국해양과학기술원,62.39,93.6,47.24,100.0,0.0,25,3,1,,1
한국과학기술원; 울산대학교,한국지질자원연구원,53.03,62.4,47.24,100.0,0.0,25,2,1,,1
한국과학기술원; 재단법인 멀티스케일 에너지시스템 연구단; 고려대학교,한국과학기술원,64.06,93.6,47.24,100.0,11.11,25,3,1,,1
한국과학기술원; 재단법인 멀티스케일 에너지시스템 연구단; 중앙대학교,한국과학기술원,45.81,31.2,47.24,100.0,14.29,25,1,1,,1
한국과학기술원; 재단법인 아산사회복지재단; 울산대학교,한국과학기술원,47.67,31.2,47.24,100.0,26.67,25,1,1,,1
한국과학기술원; 전남대학교,한국과학기술원,66.07,100.0,47.24,100.0,11.76,25,5,1,,1
한국과학기술원; 전남대학교,한국전자통신연구원,45.81,31.2,47.24,100.0,14.29,25,1,1,,1
한국과학기술원; 전북대학교,재단법인대구경북과학기술원,43.67,31.2,47.24,100.0,0.0,25,1,1,,1
한국과학기술원; 충남대학교,한국과학기술원,70.07,100.0,47.24,100.0,21.74,50,9,2,,1
한국과학기술원; 충남대학교,엔지노믹스; 한국과학기술원,44.92,31.2,47.24,100.0,8.33,25,1,1,,1
한국과학기술원; 충남대학교,삼성전자; 한국과학기술원,43.67,31.2,47.24,100.0,0.0,25,1,1,,1
한국과학기술원; 한국기술교육대학교,한국과학기술원,57.31,62.4,47.24,100.0,28.57,25,2,1,,1
한국과학기술원; 한국수자원공사; 서울대학교,한국에너지기술연구원,67.39,93.6,47.24,100.0,33.33,25,3,1,,1
한국과학기술원; 한국수자원공사; 서울대학교,울산과학기술원,43.67,31.2,47.24,100.0,0.0,25,1,1,,1
한국과학기술원; 한국표준과학연구원; 서울대학교,한국표준과학연구원,54.9,62.4,47.24,100.0,12.5,25,2,1,,1
한국과학기술원; 한양대학교,한국원자력연구원,65.98,100.0,47.24,100.0,11.11,25,4,1,,1
한국과학기술원; 한양대학교,한국과학기술원,43.67,31.2,47.24,100.0,0.0,25,1,1,,1
한국과학기술정보연구원,한국전자통신연구원,56.03,62.4,47.24,100.0,20.0,25,2,1,,1
한국과학기술정보연구원,울산과학기술원,46.17,31.2,47.24,100.0,16.67,25,1,1,,1
한국과학기술정보연구원; 고려대학교,한국전자통신연구원,53.03,62.4,47.24,100.0,0.0,25,2,1,,1
한국광기술원; 중앙대학교,한국과학기술연구원,64.53,93.6,47.24,100.0,14.29,25,3,1,,1
한국국제대학교,한국과학기술연구원,57.53,62.4,47.24,100.0,30.0,25,2,1,,1
한국국제대학교,한국해양과학기술원; 한국서부발전,54.9,62.4,47.24,100.0,12.5,25,2,1,,1
한국국제대학교,한국식품연구원,46.67,31.2,47.24,100.0,20.0,25,1,1,,1
한국기계연구원,한국기계연구원,79.83,100.0,47.24,100.0,53.49,100,4430,1260,,1
한국기계연구원,한국기계연구원; 한국전력공사,77.64,100.0,47.24,100.0,38.89,100,18,5,,1
한국기계연구원,한국과학기술원,76.21,100.0,47.24,100.0,29.31,100,247,116,,1
한국기계연구원,한국표준과학연구원,75.75,100.0,47.24,100.0,26.28,100,56,26,,1
한국기계연구원,재단법인대구경북과학기술원,75.56,100.0,47.24,100.0,25.0,100,80,39,,1
한국기계연구원,한국에너지기술연구원,75.41,100.0,47.24,100.0,24.03,100,186,82,,1
한국기계연구원,한국과학기술연구원,75.37,100.0,47.24,100.0,23.71,100,140,72,,1
한국기계연구원,한국전기연구원,75.37,100.0,47.24,100.0,23.72,100,41,25,,1
한국기계연구원,한국기계연구원; 한국화학연구원,75.31,100.0,47.24,100.0,23.33,100,24,5,,1
한국기계연구원,재단법인 파동에너지 극한제어 연구단; 한국기계연구원,75.09,100.0,47.24,100.0,21.88,100,9,7,,1
한국기계연구원,한국원자력연구원,75.05,100.0,47.24,100.0,21.58,100,85,34,,1
한국기계연구원,한국해양과학기술원,74.97,100.0,47.24,100.0,21.05,100,18,9,,1
한국기계연구원,한국과학기술원;로엔서지컬,74.84,100.0,47.24,100.0,36.84,75,7,3,,1
한국기계연구원,광주과학기술원,74.73,100.0,47.24,100.0,19.49,100,31,17,,1
한국기계연구원,한국화학연구원,74.64,100.0,47.24,100.0,18.87,100,71,37,,1
한국기계연구원,울산과학기술원,74.56,100.0,47.24,100.0,18.32,100,102,44,,1
한국기계연구원,한국전력공사; 한국기계연구원,74.54,100.0,47.24,100.0,18.18,100,8,4,,1
한국기계연구원,한국전자통신연구원,74.42,100.0,47.24,100.0,17.41,100,62,33,,1
한국기계연구원,한국건설기술연구원,74.15,100.0,47.24,100.0,15.6,100,25,11,,1
한국기계연구원,한국기계연구원; 재단법인 파동에너지 극한제어 연구단,74.03,100.0,47.24,100.0,14.81,100,35,17,,1
한국기계연구원,한국기계연구원; 한국과학기술연구원,73.54,100.0,47.24,100.0,11.54,100,21,9,,1
한국기계연구원,한국지질자원연구원,73.48,100.0,47.24,100.0,11.11,100,19,12,,1
한국기계연구원,한국생명공학연구원; 한국기계연구원,73.31,100.0,47.24,100.0,26.67,75,5,3,,1
한국기계연구원,한국기계연구원; 제이케이테크,73.24,100.0,47.24,100.0,42.86,50,5,2,,1
한국기계연구원,한국생명공학연구원,73.06,100.0,47.24,100.0,25.0,75,6,3,,1
한국기계연구원,한국기계연구원; 포스코홀딩스,72.88,100.0,47.24,100.0,57.14,25,5,1,,1
한국기계연구원,한국기계연구원; 한국소재융합연구원,72.57,100.0,47.24,100.0,21.74,75,17,3,,1
한국기계연구원,한국과학기술원; 대한민국(국립재활원장),72.43,100.0,47.24,100.0,37.5,50,5,2,,1
한국기계연구원,한국기계연구원; 난양 테크놀러지컬 유니버시티,72.43,100.0,47.24,100.0,4.17,100,4,4,,1
한국기계연구원,한국기계연구원; 한국전자통신연구원,71.45,100.0,47.24,100.0,14.29,75,4,3,,1
한국기계연구원,울산과학기술원; 한국기계연구원,71.14,93.6,47.24,100.0,25.0,75,3,3,,1
한국기계연구원,한국기계연구원; 에스비선보,71.11,100.0,47.24,100.0,12.0,75,7,3,,1
한국기계연구원,한국기계연구원; 한국기초과학지원연구원,70.06,100.0,47.24,100.0,5.0,75,6,3,,1
한국기계연구원,한국기계연구원;대경나노텍,69.81,100.0,47.24,100.0,20.0,50,4,2,,1
한국기계연구원,한국과학기술연구원; 울산과학기술원,69.62,100.0,47.24,100.0,18.75,50,4,2,,1
한국기계연구원,로엔서지컬; 한국과학기술원,69.53,93.6,47.24,100.0,14.29,75,3,3,,1
한국기계연구원,한국기계연구원;대경에스코,69.31,100.0,47.24,100.0,16.67,50,4,2,,1
한국기계연구원,울산과학기술원; 국방과학연구소,68.82,93.6,47.24,100.0,42.86,25,3,1,,1
한국기계연구원,한국기계연구원; 세화엠피,68.64,93.6,47.24,100.0,41.67,25,3,1,,1
한국기계연구원,한국기계연구원; 한국지질자원연구원,68.64,93.6,47.24,100.0,25.0,50,3,2,,1
한국기계연구원,한국기계연구원; 한국과학기술원,68.39,93.6,47.24,100.0,40.0,25,3,1,,1
한국기계연구원,테크로스홀딩스; 한국과학기술연구원,68.01,93.6,47.24,100.0,37.5,25,3,1,,1
한국기계연구원,한국기계연구원; 한국에너지기술연구원,67.89,93.6,47.24,100.0,20.0,50,3,2,,1
한국기계연구원,창성; 한국과학기술연구원,67.12,100.0,47.24,100.0,18.75,25,4,1,,1
한국기계연구원,삼성전자; 한국과학기술원,66.81,100.0,47.24,100.0,0.0,50,4,2,,1
한국기계연구원,한국기계연구원; 한국생명공학연구원,66.67,93.6,47.24,100.0,28.57,25,3,1,,1
한국기계연구원,한국에너지기술연구원;솔로이엔씨,66.14,93.6,47.24,100.0,25.0,25,3,1,,1
한국기계연구원,한국해양과학기술원;페트라텍,65.98,100.0,47.24,100.0,11.11,25,4,1,,1
한국기계연구원,고등기술연구원연구조합; 한국과학기술원,65.39,93.6,47.24,100.0,20.0,25,3,1,,1
한국기계연구원,네오엘에프엔; 한국원자력연구원,65.39,93.6,47.24,100.0,20.0,25,3,1,,1
한국기계연구원,한국기계연구원;제이텍,65.39,93.6,47.24,100.0,20.0,25,3,1,,1
한국기계연구원,동우 화인켐; 한국과학기술연구원,65.38,100.0,47.24,100.0,7.14,25,4,1,,1
한국기계연구원,한국원자력연구원; 씨에스캠,65.12,93.6,47.24,100.0,18.18,25,3,1,,1
한국기계연구원,새빗켐; 한국기계연구원,64.89,93.6,47.24,100.0,16.67,25,3,1,,1
한국기계연구원,한국수력원자력; 한국과학기술원,64.7,93.6,47.24,100.0,15.38,25,3,1,,1
한국기계연구원,한국기계연구원; 한국화학연구원; 한국에너지기술연구원,64.31,100.0,47.24,100.0,0.0,25,4,1,,1
한국기계연구원,한국세라믹기술원; 한국과학기술원,64.31,100.0,47.24,100.0,0.0,25,4,1,,1
한국기계연구원,울산과학기술원; 한국과학기술연구원,64.06,93.6,47.24,100.0,11.11,25,3,1,,1
한국기계연구원,케이엠티; 한국기계연구원,63.64,93.6,47.24,100.0,8.33,25,3,1,,1
한국기계연구원,신일화학공업; 한국기계연구원,62.39,93.6,47.24,100.0,0.0,25,3,1,,1
한국기계연구원,울산과학기술원; 조광페인트,62.39,93.6,47.24,100.0,0.0,25,3,1,,1
한국기계연구원,한국과학기술원; 사우디 아라비안 오일 컴퍼니,62.39,93.6,47.24,100.0,0.0,25,3,1,,1
한국기계연구원,한국기계연구원; 한국철도기술연구원,62.39,93.6,47.24,100.0,0.0,25,3,1,,1
한국기계연구원,한국에너지기술연구원; 한국전자기술연구원,62.39,93.6,47.24,100.0,0.0,25,3,1,,1
한국기계연구원,한국기계연구원; 대한민국(농림축산식품부 농림축산검역본부장),59.03,62.4,47.24,100.0,40.0,25,2,1,,1
한국기계연구원,한국에너지기술연구원;진솔터보기계,59.03,62.4,47.24,100.0,40.0,25,2,1,,1
한국기계연구원,한국기계연구원;경일메가소닉,58.03,62.4,47.24,100.0,33.33,25,2,1,,1
한국기계연구원,한국화학연구원; 한국과학기술원,58.03,62.4,47.24,100.0,33.33,25,2,1,,1
한국기계연구원,한국클래드텍; 한국기계연구원,57.53,62.4,47.24,100.0,30.0,25,2,1,,1
한국기계연구원,삼성전자; 한국기계연구원,57.31,62.4,47.24,100.0,28.57,25,2,1,,1
한국기계연구원,한국과학기술원; 한국재료연구원,56.36,62.4,47.24,100.0,22.22,25,2,1,,1
한국기계연구원,한국기계연구원; 재단법인 아산사회복지재단,56.36,62.4,47.24,100.0,22.22,25,2,1,,1
한국기계연구원,엘지에너지솔루션; 한국과학기술원,56.24,62.4,47.24,100.0,21.43,25,2,1,,1
한국기계연구원,대한민국(국립재활원장); 에이치로보틱스; 울산과학기술원,56.03,62.4,47.24,100.0,20.0,25,2,1,,1
한국기계연구원,에스제이지세종; 한국과학기술원,56.03,62.4,47.24,100.0,20.0,25,2,1,,1
한국기계연구원,코나솔; 한국과학기술원,56.03,62.4,47.24,100.0,20.0,25,2,1,,1
한국기계연구원,테그웨이; 한국과학기술원,56.03,62.4,47.24,100.0,20.0,25,2,1,,1
한국기계연구원,한국기계연구원; 요트,56.03,62.4,47.24,100.0,20.0,25,2,1,,1
한국기계연구원,한국건설기술연구원;엔에스브이,55.53,62.4,47.24,100.0,0.0,50,2,2,,1
한국기계연구원,한국과학기술원; 재단법인 하이브리드 인터페이스기반 미래소재 연구단,55.53,62.4,47.24,100.0,0.0,50,2,2,,1
한국기계연구원,메이티; 한국기계연구원,54.9,62.4,47.24,100.0,12.5,25,2,1,,1
한국기계연구원,엘지화학; 한국과학기술원,54.53,62.4,47.24,100.0,10.0,25,2,1,,1
한국기계연구원,한국기계연구원;디지트랙,54.53,62.4,47.24,100.0,10.0,25,2,1,,1
한국기계연구원,한국전력공사; 울산과학기술원,54.39,62.4,47.24,100.0,9.09,25,2,1,,1
한국기계연구원,한국기계연구원; 재단법인 나노기반소프트일렉트로닉스연구단,54.18,62.4,47.24,100.0,7.69,25,2,1,,1
한국기계연구원,한국전자기술연구원; 한국전자통신연구원,53.67,31.2,47.24,100.0,66.67,25,1,1,,1
한국기계연구원,대경에스코; 한국기계연구원,53.03,62.4,47.24,100.0,0.0,25,2,1,,1
한국기계연구원,한국과학기술연구원;리사이텍,53.03,62.4,47.24,100.0,0.0,25,2,1,,1
한국기계연구원,한국과학기술원; 한국남동발전,53.03,62.4,47.24,100.0,0.0,25,2,1,,1
한국기계연구원,한국과학기술원;프로닉스,53.03,62.4,47.24,100.0,0.0,25,2,1,,1
한국기계연구원,한국기계연구원; 디에이치엠,53.03,62.4,47.24,100.0,0.0,25,2,1,,1
한국기계연구원,한국기계연구원; 한국과학기술연구원; 재단법인 파동에너지 극한제어 연구단,53.03,62.4,47.24,100.0,0.0,25,2,1,,1
한국기계연구원,한국기계연구원;프로테크코리아,53.03,62.4,47.24,100.0,0.0,25,2,1,,1
한국기계연구원,현대자동차; 한국과학기술연구원,49.67,31.2,47.24,100.0,40.0,25,1,1,,1
한국기계연구원,현대자동차; 울산과학기술원,48.67,31.2,47.24,100.0,33.33,25,1,1,,1
한국기계연구원,한국재료연구원; 한국과학기술원,48.36,31.2,47.24,100.0,31.25,25,1,1,,1
한국기계연구원,한국화학연구원; 기초과학연구원,48.17,31.2,47.24,100.0,30.0,25,1,1,,1
한국기계연구원,한국과학기술연구원;아이엠,47.95,31.2,47.24,100.0,28.57,25,1,1,,1
한국기계연구원,에스엠인스트루먼트; 한국기계연구원; 한국전력공사,47.42,31.2,47.24,100.0,25.0,25,1,1,,1
한국기계연구원,한국기계연구원;유니메딕스,47.0,31.2,47.24,100.0,22.22,25,1,1,,1
한국기계연구원,한국식품연구원,46.4,31.2,47.24,100.0,18.18,25,1,1,,1
한국기계연구원,울산과학기술원; 재단법인대구경북과학기술원,46.17,31.2,47.24,100.0,16.67,25,1,1,,1
한국기계연구원,한국기계연구원;일광주공,46.17,31.2,47.24,100.0,16.67,25,1,1,,1
한국기계연구원,한국에너지기술연구원;마이크로원,46.17,31.2,47.24,100.0,16.67,25,1,1,,1
한국기계연구원,참엔지니어링; 한국과학기술연구원,45.63,31.2,47.24,100.0,13.04,25,1,1,,1
한국기계연구원,삼성디스플레이; 한국과학기술원,45.54,31.2,47.24,100.0,12.5,25,1,1,,1
한국기계연구원,한국기계연구원; 한국가스공사,45.54,31.2,47.24,100.0,12.5,25,1,1,,1
한국기계연구원,한국과학기술원; 한국중부발전,44.92,31.2,47.24,100.0,8.33,25,1,1,,1
한국기계연구원,한국에너지기술연구원; 한국기계연구원,44.32,31.2,47.24,100.0,4.35,25,1,1,,1
한국기계연구원,국방과학연구소; 광주과학기술원,43.67,31.2,47.24,100.0,0.0,25,1,1,,1
한국기계연구원,국방과학연구소; 한국과학기술원,43.67,31.2,47.24,100.0,0.0,25,1,1,,1
한국기계연구원,쎄코; 한국기계연구원,43.67,31.2,47.24,100.0,0.0,25,1,1,,1
한국기계연구원,에이투어스; 한국과학기술원,43.67,31.2,47.24,100.0,0.0,25,1,1,,1
한국기계연구원,울산과학기술원; 대한민국(국립재활원장),43.67,31.2,47.24,100.0,0.0,25,1,1,,1
한국기계연구원,제이마이크로; 한국과학기술원,43.67,31.2,47.24,100.0,0.0,25,1,1,,1
한국기계연구원,한국건설기술연구원;넥스지오,43.67,31.2,47.24,100.0,0.0,25,1,1,,1
한국기계연구원,한국과학기술원; 기초과학연구원,43.67,31.2,47.24,100.0,0.0,25,1,1,,1
한국기계연구원,한국과학기술원; 코오롱인더스트리,43.67,31.2,47.24,100.0,0.0,25,1,1,,1
한국기계연구원,한국기계연구원; 두산에너빌리티,43.67,31.2,47.24,100.0,0.0,25,1,1,,1
한국기계연구원,한국기계연구원;에스에프에너지,43.67,31.2,47.24,100.0,0.0,25,1,1,,1
한국기계연구원,한국전자통신연구원; 한국기계연구원; 한국전기연구원,43.67,31.2,47.24,100.0,0.0,25,1,1,,1
한국기계연구원,한국전자통신연구원;도담시스템스,43.67,31.2,47.24,100.0,0.0,25,1,1,,1
한국기계연구원,한국화학연구원; 한국기계연구원,43.67,31.2,47.24,100.0,0.0,25,1,1,,1
한국기계연구원,한국화학연구원; 한국생산기술연구원; 한국표준과학연구원;세포바이오,43.67,31.2,47.24,100.0,0.0,25,1,1,,1
한국기계연구원,한국화학연구원;세포바이오; 한국생산기술연구원; 한국표준과학연구원,43.67,31.2,47.24,100.0,0.0,25,1,1,,1
한국기계연구원; 국립금오공과대학교,한국기계연구원,62.39,93.6,47.24,100.0,0.0,25,3,1,,1
한국기계연구원; 국립한밭대학교,한국과학기술원,55.17,62.4,47.24,100.0,14.29,25,2,1,,1
한국기계연구원; 부산대학교,한국기계연구원,68.33,93.6,47.24,100.0,6.25,75,3,3,,1
한국기계연구원; 부산대학교,광주과학기술원,44.74,31.2,47.24,100.0,7.14,25,1,1,,1
한국기계연구원; 서울대학교,재단법인대구경북과학기술원,64.89,93.6,47.24,100.0,16.67,25,3,1,,1
한국기계연구원; 서울대학교,울산과학기술원; 재단법인 멀티스케일 에너지시스템 연구단,55.53,62.4,47.24,100.0,16.67,25,2,1,,1
한국기계연구원; 서울대학교,한국원자력연구원,45.54,31.2,47.24,100.0,12.5,25,1,1,,1
한국기계연구원; 이화여자대학교,한국전자통신연구원,65.39,93.6,47.24,100.0,20.0,25,3,1,,1
한국기계연구원; 인하대학교,한국기계연구원,66.14,93.6,47.24,100.0,25.0,25,3,1,,1
한국기계연구원; 인하대학교,한국과학기술원,62.39,93.6,47.24,100.0,0.0,25,3,1,,1
한국기계연구원; 포항공과대학교,울산과학기술원; 조광페인트,62.39,93.6,47.24,100.0,0.0,25,3,1,,1
한국기계연구원; 포항공과대학교,에이치디한국조선해양; 에이치디현대중공업; 한국과학기술원,56.03,62.4,47.24,100.0,20.0,25,2,1,,1
한국기계연구원; 포항공과대학교,한국기계연구원,43.67,31.2,47.24,100.0,0.0,25,1,1,,1
한국기계연구원; 한양대학교,한국표준과학연구원,53.03,62.4,47.24,100.0,0.0,25,2,1,,1
한국기계연구원; 홍익대학교,한국기계연구원,63.5,93.6,47.24,100.0,7.41,25,3,1,,1
한국기술교육대학교,한국기계연구원,76.29,100.0,47.24,100.0,29.89,100,18,11,,1
한국기술교육대학교,한국원자력연구원,75.67,100.0,47.24,100.0,25.71,100,6,4,,1
한국기술교육대학교,한국전자통신연구원,74.81,100.0,47.24,100.0,20.0,100,29,16,,1
한국기술교육대학교,한국과학기술원,74.41,100.0,47.24,100.0,17.36,100,38,14,,1
한국기술교육대학교,재단법인대구경북과학기술원,74.17,100.0,47.24,100.0,15.71,100,16,9,,1
한국기술교육대학교,울산과학기술원,74.14,100.0,47.24,100.0,15.52,100,10,7,,1
한국기술교육대학교,한국과학기술연구원,74.07,100.0,47.24,100.0,15.05,100,23,12,,1
한국기술교육대학교,한국에너지기술연구원,74.06,100.0,47.24,100.0,15.0,100,9,5,,1
한국기술교육대학교,한국건설기술연구원,73.4,100.0,47.24,100.0,10.58,100,23,11,,1
한국기술교육대학교,대한민국(국립재활원장); 에이치엠에이치; 한국과학기술원,72.39,93.6,47.24,100.0,66.67,25,3,1,,1
한국기술교육대학교,한국과학기술원;로엔서지컬,70.9,100.0,47.24,100.0,27.27,50,4,2,,1
한국기술교육대학교,한국해양과학기술원,69.31,100.0,47.24,100.0,0.0,75,5,3,,1
한국기술교육대학교,한국표준과학연구원,68.15,93.6,47.24,100.0,21.74,50,3,2,,1
한국기술교육대학교,울산과학기술원; 대한민국(국립재활원장),67.39,93.6,47.24,100.0,33.33,25,3,1,,1
한국기술교육대학교,한국전기연구원,64.26,93.6,47.24,100.0,12.5,25,3,1,,1
한국기술교육대학교,한국지질자원연구원,63.75,93.6,47.24,100.0,9.09,25,3,1,,1
한국기술교육대학교,울산과학기술원; 재단법인 실감교류인체감응솔루션연구단,62.39,93.6,47.24,100.0,0.0,25,3,1,,1
한국기술교육대학교,한국과학기술원; 삼성중공업,56.78,62.4,47.24,100.0,25.0,25,2,1,,1
한국기술교육대학교,광주과학기술원,56.03,62.4,47.24,100.0,20.0,25,2,1,,1
한국기술교육대학교,재단법인대구경북과학기술원; 재단법인 멀티스케일 에너지시스템 연구단,55.84,62.4,47.24,100.0,18.75,25,2,1,,1
한국기술교육대학교,한국과학기술원;트루밸류,47.95,31.2,47.24,100.0,28.57,25,1,1,,1
한국기술교육대학교,한국해양과학기술원;이커넥트,47.42,31.2,47.24,100.0,25.0,25,1,1,,1
한국기술교육대학교,한국화학연구원,45.98,31.2,47.24,100.0,15.38,25,1,1,,1
한국기술교육대학교,한컴인스페이스; 한국해양과학기술원,44.58,31.2,47.24,100.0,6.06,25,1,1,,1
한국기초과학지원연구원,한국생명공학연구원,67.04,100.0,47.24,100.0,18.18,25,6,1,,1
한국기초과학지원연구원,한국화학연구원; 한국생명공학연구원; 한국기초과학지원연구원,54.53,62.4,47.24,100.0,10.0,25,2,1,,1
한국기초과학지원연구원; 고려대학교,한국화학연구원; 한국생산기술연구원; 한국표준과학연구원;세포바이오,46.17,31.2,47.24,100.0,16.67,25,1,1,,1
한국기초과학지원연구원; 충남대학교,한국과학기술연구원,54.9,62.4,47.24,100.0,12.5,25,2,1,,1
한국기초과학지원연구원; 한국건설기술연구원; 한국원자력연구원; 국립금오공과대학교,한국표준과학연구원,43.67,31.2,47.24,100.0,0.0,25,1,1,,1
한국남부발전 주식회사; 경기대학교,한일홀딩스; 한국지질자원연구원,67.31,100.0,47.24,100.0,20.0,25,4,1,,1
한국남부발전 주식회사; 경기대학교,한국지질자원연구원,66.81,100.0,47.24,100.0,16.67,25,7,1,,1
한국남부발전 주식회사; 경기대학교,한일시멘트; 한국지질자원연구원,54.18,62.4,47.24,100.0,7.69,25,2,1,,1
한국농수산대학교,한국식품연구원,68.35,93.6,47.24,100.0,23.08,50,3,2,,1
한국농수산대학교,한국화학연구원,68.03,62.4,47.24,100.0,100.0,25,2,1,,1
한국농수산대학교,한국전자통신연구원,45.81,31.2,47.24,100.0,14.29,25,1,1,,1
한국도로교통공단; 부산대학교,한국건설기술연구원;두나정보기술;케이엔글로벌,46.17,31.2,47.24,100.0,16.67,25,1,1,,1
한국동서발전(주),한국과학기술원,45.34,31.2,47.24,100.0,11.11,25,1,1,,1
한국디자인진흥원; 국립한국교통대학교,한국건설기술연구원,43.67,31.2,47.24,100.0,0.0,25,1,1,,1
한국로봇융합연구원; 국립부경대학교,한국로봇융합연구원; 재단법인대구경북과학기술원,47.95,31.2,47.24,100.0,28.57,25,1,1,,1
한국로봇융합연구원; 포항공과대학교,한국과학기술원,46.17,31.2,47.24,100.0,16.67,25,1,1,,1
한국복지대학교,재단법인대구경북과학기술원,48.67,31.2,47.24,100.0,33.33,25,1,1,,1
한국생명공학연구원,한국생명공학연구원;안트로젠,78.81,100.0,47.24,100.0,46.67,100,9,4,,1
한국생명공학연구원,한국생명공학연구원,78.34,100.0,47.24,100.0,43.56,100,608,263,,1
한국생명공학연구원,한국생명공학연구원; 재단법인 바이오나노헬스가드연구단,76.81,100.0,47.24,100.0,33.33,100,8,4,,1
한국생명공학연구원,한국생명공학연구원;디알비동일,75.81,100.0,47.24,100.0,60.0,50,5,2,,1
한국생명공학연구원,한국원자력연구원,75.56,100.0,47.24,100.0,25.0,100,10,4,,1
한국생명공학연구원,한국식품연구원,75.26,100.0,47.24,100.0,23.01,100,29,17,,1
한국생명공학연구원,한국생명공학연구원;셀라피바이오,75.2,100.0,47.24,100.0,22.58,100,11,5,,1
한국생명공학연구원,한국과학기술연구원,74.69,100.0,47.24,100.0,19.23,100,61,27,,1
한국생명공학연구원,한국과학기술원,74.69,100.0,47.24,100.0,19.23,100,45,23,,1
한국생명공학연구원,한국해양과학기술원,74.64,100.0,47.24,100.0,18.89,100,18,13,,1
한국생명공학연구원,한국화학연구원,74.56,100.0,47.24,100.0,18.37,100,18,10,,1
한국생명공학연구원,한국에너지기술연구원,74.51,100.0,47.24,100.0,18.0,100,10,6,,1
한국생명공학연구원,광주과학기술원,74.49,100.0,47.24,100.0,17.86,100,15,7,,1
한국생명공학연구원,울산과학기술원,73.73,100.0,47.24,100.0,12.82,100,9,5,,1
한국생명공학연구원,한국과학기술원; 재단법인 지능형 바이오 시스템 설계 및 합성 연구단,73.63,100.0,47.24,100.0,45.45,50,8,2,,1
한국생명공학연구원,한국전자통신연구원,72.58,100.0,47.24,100.0,38.46,50,4,2,,1
한국생명공학연구원,한국생명공학연구원; 대한민국(농촌진흥청장),72.26,100.0,47.24,100.0,36.36,50,5,2,,1
한국생명공학연구원,한국생명공학연구원; 한국기초과학지원연구원,71.81,100.0,47.24,100.0,33.33,50,4,2,,1
한국생명공학연구원,재단법인대구경북과학기술원,71.62,100.0,47.24,100.0,15.38,75,7,3,,1
한국생명공학연구원,한국생명공학연구원; 한국과학기술원,70.51,93.6,47.24,100.0,20.83,75,3,3,,1
한국생명공학연구원,한국기계연구원,70.1,100.0,47.24,100.0,5.26,75,8,3,,1
한국생명공학연구원,한국생명공학연구원; 에이치엘비제넥스,69.62,100.0,47.24,100.0,18.75,50,4,2,,1
한국생명공학연구원,한국표준과학연구원,68.57,100.0,47.24,100.0,11.76,50,6,2,,1
한국생명공학연구원,한국생명공학연구원; 바이오텐,68.54,100.0,47.24,100.0,11.54,50,4,2,,1
한국생명공학연구원,바이오에프디엔씨; 한국생명공학연구원,68.06,100.0,47.24,100.0,25.0,25,4,1,,1
한국생명공학연구원,한국과학기술원; 한국생명공학연구원,66.85,93.6,47.24,100.0,13.04,50,3,2,,1
한국생명공학연구원,엘지생활건강; 한국생명공학연구원,66.67,93.6,47.24,100.0,28.57,25,3,1,,1
한국생명공학연구원,와이디생명과학; 한국생명공학연구원,66.35,100.0,47.24,100.0,13.64,25,4,1,,1
한국생명공학연구원,한국생명공학연구원;제이에스바이오,65.72,93.6,47.24,100.0,22.22,25,3,1,,1
한국생명공학연구원,한국생명공학연구원; 지에이치바이오,65.39,93.6,47.24,100.0,20.0,25,3,1,,1
한국생명공학연구원,한국기초과학지원연구원; 한국생명공학연구원; 한국전자통신연구원,64.89,93.6,47.24,100.0,16.67,25,3,1,,1
한국생명공학연구원,티맥; 한국생명공학연구원,64.53,93.6,47.24,100.0,14.29,25,3,1,,1
한국생명공학연구원,한국생명공학연구원; 디케이바이오,64.53,93.6,47.24,100.0,14.29,25,3,1,,1
한국생명공학연구원,재단법인 지능형 바이오 시스템 설계 및 합성 연구단; 한국과학기술원,64.39,93.6,47.24,100.0,13.33,25,3,1,,1
한국생명공학연구원,한국생명공학연구원; 대한민국(산림청 국립산림과학원장),63.39,93.6,47.24,100.0,6.67,25,3,1,,1
한국생명공학연구원,지에스칼텍스; 울산과학기술원,62.4,62.4,47.24,100.0,62.5,25,2,1,,1
한국생명공학연구원,한국과학기술원; 더 리젠츠 오브 더 유니버시티 오브 미시건,62.39,93.6,47.24,100.0,0.0,25,3,1,,1
한국생명공학연구원,한국생명공학연구원;프로티아,59.62,62.4,47.24,100.0,27.27,50,2,2,,1
한국생명공학연구원,제너럴바이오; 한국생명공학연구원,58.74,62.4,47.24,100.0,21.43,50,2,2,,1
한국생명공학연구원,한국생명공학연구원; 농업회사법인뜰아채,58.65,62.4,47.24,100.0,37.5,25,2,1,,1
한국생명공학연구원,대한뷰티산업진흥원; 한국생명공학연구원,58.03,62.4,47.24,100.0,33.33,25,2,1,,1
한국생명공학연구원,한국전기연구원,57.53,62.4,47.24,100.0,30.0,25,2,1,,1
한국생명공학연구원,성운파마코피아; 한국생명공학연구원,57.44,62.4,47.24,100.0,29.41,25,2,1,,1
한국생명공학연구원,국방과학연구소; 한국생명공학연구원,57.12,62.4,47.24,100.0,27.27,25,2,1,,1
한국생명공학연구원,한국생명공학연구원;라이프사이언스테크놀로지,56.03,62.4,47.24,100.0,20.0,25,2,1,,1
한국생명공학연구원,한국생명공학연구원; 광주과학기술원,54.53,62.4,47.24,100.0,10.0,25,2,1,,1
한국생명공학연구원,한국생명공학연구원; 한국과학기술연구원,54.53,62.4,47.24,100.0,10.0,25,2,1,,1
한국생명공학연구원,한국원자력연구원; 한국수력원자력,53.03,62.4,47.24,100.0,0.0,25,2,1,,1
한국생명공학연구원,한국생명공학연구원; 한국생산기술연구원,52.67,31.2,47.24,100.0,60.0,25,1,1,,1
한국생명공학연구원,코오롱인더스트리; 한국생명공학연구원,48.41,31.2,47.24,100.0,31.58,25,1,1,,1
한국생명공학연구원,한국생명공학연구원;바이오앱,47.42,31.2,47.24,100.0,25.0,25,1,1,,1
한국생명공학연구원,한국과학기술연구원;에이치에스코리아,46.17,31.2,47.24,100.0,16.67,25,1,1,,1
한국생명공학연구원,씨제이제일제당; 한국과학기술원,45.34,31.2,47.24,100.0,11.11,25,1,1,,1
한국생명공학연구원,한국생명공학연구원; 대한민국(농림축산식품부 농림축산검역본부장),45.03,31.2,47.24,100.0,9.09,25,1,1,,1
한국생명공학연구원,한국건설기술연구원,43.67,31.2,47.24,100.0,0.0,25,1,1,,1
한국생명공학연구원,한국생명공학연구원;와이바이오로직스,43.67,31.2,47.24,100.0,0.0,25,1,1,,1
한국생명공학연구원; 건국대학교,한국해양과학기술원,66.14,93.6,47.24,100.0,25.0,25,3,1,,1
한국생명공학연구원; 건국대학교,라비오; 한국생명공학연구원,58.65,62.4,47.24,100.0,37.5,25,2,1,,1
한국생명공학연구원; 건국대학교 글로컬,한국생명공학연구원,48.67,31.2,47.24,100.0,33.33,25,1,1,,1
한국생명공학연구원; 서울대학교,한국생명공학연구원,74.05,100.0,47.24,100.0,31.58,75,8,3,,1
한국생명공학연구원; 서울대학교,한국해양과학기술원,46.4,31.2,47.24,100.0,18.18,25,1,1,,1
한국생명공학연구원; 순천향대학교,메디오젠; 한국식품연구원,48.67,31.2,47.24,100.0,33.33,25,1,1,,1
한국생명공학연구원; 울산과학기술원,한국과학기술연구원,65.06,100.0,47.24,100.0,5.0,25,8,1,,1
한국생명공학연구원; 울산과학기술원,한국생명공학연구원,64.53,93.6,47.24,100.0,14.29,25,3,1,,1
한국생명공학연구원; 울산과학기술원,울산과학기술원,53.03,62.4,47.24,100.0,0.0,25,2,1,,1
한국생명공학연구원; 중앙대학교,한국생명공학연구원,63.75,93.6,47.24,100.0,9.09,25,3,1,,1
한국생명공학연구원; 중앙대학교,한국생명공학연구원;진셀바이오텍,47.0,31.2,47.24,100.0,22.22,25,1,1,,1
한국생명공학연구원; 충남대학교,한국해양과학기술원,75.56,100.0,47.24,100.0,75.0,25,6,1,,1
한국생명공학연구원; 충남대학교,한국원자력연구원,69.21,93.6,47.24,100.0,45.45,25,3,1,,1
한국생명공학연구원; 충남대학교,한국과학기술연구원,57.31,62.4,47.24,100.0,28.57,25,2,1,,1
한국생명공학연구원; 충남대학교,재단법인대구경북과학기술원; 한국과학기술원,55.17,62.4,47.24,100.0,14.29,25,2,1,,1
한국생명공학연구원; 한국해양과학기술원; 충남대학교,한국생명공학연구원,66.67,93.6,47.24,100.0,28.57,25,3,1,,1
한국생명공학연구원; 한국화학연구원; 강원대학교,한국화학연구원,65.39,93.6,47.24,100.0,20.0,25,3,1,,1
한국생산기술연구원,재단법인대구경북과학기술원,48.67,31.2,47.24,100.0,33.33,25,1,1,,1
한국생산기술연구원,한국전기연구원,46.4,31.2,47.24,100.0,18.18,25,1,1,,1
한국생산기술연구원;,한국과학기술연구원,53.03,62.4,47.24,100.0,0.0,25,2,1,,1
한국생산기술연구원; 단국대학교,한국과학기술연구원,47.0,31.2,47.24,100.0,22.22,25,1,1,,1
한국생산기술연구원; 서울대학교,한국화학연구원,43.67,31.2,47.24,100.0,0.0,25,1,1,,1
한국생태연구원 주식회사; 국립군산대학교,한국화학연구원,54.1,62.4,47.24,100.0,7.14,25,2,1,,1
한국석유공업 주식회사; 서울과학기술대학교,한국건설기술연구원,54.28,62.4,47.24,100.0,8.33,25,2,1,,1
한국성서대학교,재단법인대구경북과학기술원,67.39,93.6,47.24,100.0,33.33,25,3,1,,1
한국세라믹기술원,한국과학기술원; 씨제이제일제당,66.81,100.0,47.24,100.0,0.0,50,4,2,,1
한국세라믹기술원,광주과학기술원,55.34,62.4,47.24,100.0,15.38,25,2,1,,1
한국세라믹기술원; 연세대학교,한국화학연구원,63.64,93.6,47.24,100.0,8.33,25,3,1,,1
한국세라믹기술원; 영남대학교,한국기계연구원; 재단법인 파동에너지 극한제어 연구단,44.74,31.2,47.24,100.0,7.14,25,1,1,,1
한국세라믹기술원; 울산과학기술원,한국세라믹기술원; 울산과학기술원,64.31,100.0,47.24,100.0,0.0,25,8,1,,1
한국세라믹기술원; 울산과학기술원,한국세라믹기술원; 울산과학기술원;이주,62.39,93.6,47.24,100.0,0.0,25,3,1,,1
한국수력원자력 주식회사,한국원자력연구원,74.02,100.0,47.24,100.0,14.75,100,18,5,,1
한국수력원자력 주식회사,한국원자력연구원; 한국수력원자력,73.06,100.0,47.24,100.0,25.0,75,5,3,,1
한국수력원자력 주식회사,한국해양과학기술원,64.26,93.6,47.24,100.0,12.5,25,3,1,,1
한국수력원자력 주식회사,한국기계연구원,45.81,31.2,47.24,100.0,14.29,25,1,1,,1
한국수력원자력 주식회사; 한양대학교,한국원자력연구원,68.8,93.6,47.24,100.0,26.09,50,3,2,,1
한국수자원공사; (주) 더바이오; 경북대학교,한국원자력연구원,64.53,93.6,47.24,100.0,14.29,25,3,1,,1
한국수자원공사; 경남대학교,광주과학기술원,65.85,93.6,47.24,100.0,23.08,25,3,1,,1
한국수자원공사; 경남대학교,부강테크; 한국화학연구원,45.54,31.2,47.24,100.0,12.5,25,1,1,,1
한국수자원공사; 서울대학교,울산과학기술원; 국방과학연구소,54.53,62.4,47.24,100.0,10.0,25,2,1,,1
한국수자원공사; 서울대학교,광주과학기술원,49.12,31.2,47.24,100.0,36.36,25,1,1,,1
한국수자원공사; 아주대학교,한국과학기술연구원,68.01,93.6,47.24,100.0,37.5,25,3,1,,1
한국수자원공사; 주식회사 태영건설; 주식회사 한화건설; 국립한국해양대학교,울산과학기술원,45.03,31.2,47.24,100.0,9.09,25,1,1,,1
한국식품연구원,한국식품연구원,78.96,100.0,47.24,100.0,47.64,100,1058,368,,1
한국식품연구원,한국생명공학연구원,77.48,100.0,47.24,100.0,37.84,100,8,5,,1
한국식품연구원,데이젠; 한국식품연구원,75.38,100.0,47.24,100.0,57.14,50,8,2,,1
한국식품연구원,한국과학기술연구원,74.58,100.0,47.24,100.0,18.49,100,29,17,,1
한국식품연구원,한국원자력연구원,74.37,100.0,47.24,100.0,17.07,100,8,4,,1
한국식품연구원,한국 한의학 연구원; 한국식품연구원,74.31,100.0,47.24,100.0,50.0,50,4,2,,1
한국식품연구원,한국식품연구원; 대한민국 (식품의약품안전처장),74.31,100.0,47.24,100.0,33.33,75,5,3,,1
한국식품연구원,한국전자통신연구원,74.15,100.0,47.24,100.0,15.62,100,8,4,,1
한국식품연구원,한국에너지기술연구원,73.39,100.0,47.24,100.0,10.53,100,7,4,,1
한국식품연구원,한국식품연구원;휴온스,73.26,100.0,47.24,100.0,26.32,75,13,3,,1
한국식품연구원,한국과학기술원,72.77,100.0,47.24,100.0,6.38,100,12,6,,1
한국식품연구원,울산과학기술원,72.04,100.0,47.24,100.0,18.18,75,4,3,,1
한국식품연구원,한국식품연구원;쓰리에프씨,71.45,100.0,47.24,100.0,14.29,75,4,3,,1
한국식품연구원,한국전기연구원,71.35,100.0,47.24,100.0,13.64,75,4,3,,1
한국식품연구원,한국식품연구원; 한국 한의학 연구원,70.34,100.0,47.24,100.0,23.53,50,7,2,,1
한국식품연구원,재단법인대구경북과학기술원,70.14,100.0,47.24,100.0,22.22,50,4,2,,1
한국식품연구원,재단법인 환동해산업연구원; 한국식품연구원,69.81,100.0,47.24,100.0,20.0,50,4,2,,1
한국식품연구원,한국식품연구원; 한국과학기술정보연구원,69.81,100.0,47.24,100.0,20.0,50,6,2,,1
한국식품연구원,한국표준과학연구원,69.4,100.0,47.24,100.0,17.24,50,7,2,,1
한국식품연구원,한국지질자원연구원,69.06,100.0,47.24,100.0,15.0,50,4,2,,1
한국식품연구원,한국식품연구원;이노웨이,67.96,100.0,47.24,100.0,7.69,50,4,2,,1
한국식품연구원,한국식품연구원; 강원특별자치도 고성군 (관리부서 농업기술센터),67.2,93.6,47.24,100.0,15.38,50,3,2,,1
한국식품연구원,한국식품연구원;에스앤디,66.81,100.0,47.24,100.0,0.0,50,4,2,,1
한국식품연구원,한국식품연구원; 서천군,64.26,93.6,47.24,100.0,12.5,25,3,1,,1
한국식품연구원,한국식품연구원; 농업회사법인 푸르미농산,59.62,62.4,47.24,100.0,27.27,50,2,2,,1
한국식품연구원,한국식품연구원;네이처바이오,57.72,62.4,47.24,100.0,31.25,25,2,1,,1
한국식품연구원,한국해양과학기술원,57.4,62.4,47.24,100.0,12.5,50,2,2,,1
한국식품연구원,대한민국(농촌진흥청장); 한국식품연구원,56.78,62.4,47.24,100.0,25.0,25,2,1,,1
한국식품연구원,퓨처에프바이오텍,55.67,31.2,47.24,100.0,80.0,25,1,1,,1
한국식품연구원,한국화학연구원,55.53,62.4,47.24,100.0,0.0,50,2,2,,1
한국식품연구원,한국식품연구원; 제주농장 영농조합법인,55.17,62.4,47.24,100.0,14.29,25,2,1,,1
한국식품연구원,광주과학기술원;마마케어,54.39,62.4,47.24,100.0,9.09,25,2,1,,1
한국식품연구원,한국식품연구원;세준에프앤비,54.03,62.4,47.24,100.0,6.67,25,2,1,,1
한국식품연구원,한국기계연구원,53.97,62.4,47.24,100.0,6.25,25,2,1,,1
한국식품연구원,한국식품연구원;라피끄,53.03,62.4,47.24,100.0,0.0,25,2,1,,1
한국식품연구원,한국기계연구원; 재단법인 파동에너지 극한제어 연구단,48.67,31.2,47.24,100.0,33.33,25,1,1,,1
한국식품연구원,한국식품연구원;태리식품,47.95,31.2,47.24,100.0,28.57,25,1,1,,1
한국식품연구원,재단법인 환동해산업연구원; 한국식품연구원; 농업회사법인동의보굼,47.62,31.2,47.24,100.0,26.32,25,1,1,,1
한국식품연구원,휴럼; 한국생명공학연구원,46.67,31.2,47.24,100.0,20.0,25,1,1,,1
한국식품연구원,그린바이오; 한국식품연구원,45.54,31.2,47.24,100.0,12.5,25,1,1,,1
한국식품연구원,한국과학기술연구원; 재단법인 파동에너지 극한제어 연구단,45.17,31.2,47.24,100.0,10.0,25,1,1,,1
한국식품연구원,한국식품연구원; 유한회사 에스피,45.03,31.2,47.24,100.0,9.09,25,1,1,,1
한국식품연구원,한국식품연구원;에코파낙스,44.61,31.2,47.24,100.0,6.25,25,1,1,,1
한국식품연구원,광주과학기술원,43.67,31.2,47.24,100.0,0.0,25,1,1,,1
한국식품연구원; 건국대학교,한국식품연구원,61.28,62.4,47.24,100.0,55.0,25,2,1,,1
한국식품연구원; 경기대학교,한국식품연구원,68.48,100.0,47.24,100.0,11.11,50,7,2,,1
한국식품연구원; 경기대학교,한국식품연구원; 한국 한의학 연구원,66.31,100.0,47.24,100.0,13.33,25,4,1,,1
한국식품연구원; 대상 주식회사; 고려대학교,한국생명공학연구원;콧데,64.7,93.6,47.24,100.0,15.38,25,3,1,,1
한국식품연구원; 숙명여자대학교,한국과학기술원,53.03,62.4,47.24,100.0,0.0,25,2,1,,1
한국식품연구원; 숙명여자대학교,한국식품연구원,43.67,31.2,47.24,100.0,0.0,25,1,1,,1
한국식품연구원; 전남대학교,한국식품연구원,48.28,31.2,47.24,100.0,30.77,25,1,1,,1
한국에너지기술연구원,한국에너지기술연구원,80.21,100.0,47.24,100.0,56.03,100,3960,1129,,1
한국에너지기술연구원,한국에너지기술연구원; 한국지역난방공사,76.72,100.0,47.24,100.0,32.73,100,18,8,,1
한국에너지기술연구원,한국에너지기술연구원; 한국과학기술원,76.09,100.0,47.24,100.0,28.57,100,18,6,,1
한국에너지기술연구원,한국기계연구원,75.81,100.0,47.24,100.0,26.65,100,116,59,,1
한국에너지기술연구원,한국화학연구원,75.43,100.0,47.24,100.0,24.17,100,142,64,,1
한국에너지기술연구원,한국과학기술연구원,75.38,100.0,47.24,100.0,23.84,100,192,104,,1
한국에너지기술연구원,한국해양과학기술원,75.37,100.0,47.24,100.0,23.73,100,47,21,,1
한국에너지기술연구원,울산과학기술원,75.03,100.0,47.24,100.0,21.45,100,67,39,,1
한국에너지기술연구원,광주과학기술원,74.99,100.0,47.24,100.0,21.19,100,32,19,,1
한국에너지기술연구원,한국건설기술연구원,74.75,100.0,47.24,100.0,19.63,100,38,25,,1
한국에너지기술연구원,한국과학기술원,74.64,100.0,47.24,100.0,18.91,100,129,61,,1
한국에너지기술연구원,재단법인대구경북과학기술원,74.36,100.0,47.24,100.0,16.98,100,64,29,,1
한국에너지기술연구원,한국과학기술원; 한국중부발전,74.31,100.0,47.24,100.0,33.33,75,10,3,,1
한국에너지기술연구원,한국중부발전; 한국에너지기술연구원,73.81,100.0,47.24,100.0,13.33,100,12,7,,1
한국에너지기술연구원,한국지질자원연구원,73.65,100.0,47.24,100.0,12.28,100,27,14,,1
한국에너지기술연구원,한국전기연구원,73.58,100.0,47.24,100.0,11.82,100,23,13,,1
한국에너지기술연구원,한국원자력연구원,73.49,100.0,47.24,100.0,11.2,100,28,12,,1
한국에너지기술연구원,한국전자통신연구원,73.15,100.0,47.24,100.0,8.96,100,18,6,,1
한국에너지기술연구원,한국에너지기술연구원;네오에너지커넥터; 한국서부발전,72.89,93.6,47.24,100.0,70.0,25,3,1,,1
한국에너지기술연구원,고등기술연구원연구조합; 한국해양과학기술원,71.95,93.6,47.24,100.0,47.06,50,3,2,,1
한국에너지기술연구원,현대자동차; 기아; 한국에너지기술연구원,71.62,100.0,47.24,100.0,15.38,75,5,3,,1
한국에너지기술연구원,한국에너지기술연구원; 에스케이가스,71.37,100.0,47.24,100.0,30.43,50,5,2,,1
한국에너지기술연구원,액스비스; 한국에너지기술연구원,70.56,100.0,47.24,100.0,8.33,75,9,3,,1
한국에너지기술연구원,한화솔루션; 한국과학기술원,70.56,100.0,47.24,100.0,25.0,50,4,2,,1
한국에너지기술연구원,현대자동차; 한국에너지기술연구원,69.81,100.0,47.24,100.0,20.0,50,5,2,,1
한국에너지기술연구원,울산과학기술원;포투원,69.0,100.0,47.24,100.0,31.25,25,4,1,,1
한국에너지기술연구원,한국전력공사; 한국에너지기술연구원,68.68,100.0,47.24,100.0,12.5,50,4,2,,1
한국에너지기술연구원,한국과학기술연구원; 율촌화학,68.3,93.6,47.24,100.0,22.73,50,3,2,,1
한국에너지기술연구원,한국에너지기술연구원; 재단법인 지능형 바이오 시스템 설계 및 합성 연구단,68.01,93.6,47.24,100.0,37.5,25,3,1,,1
한국에너지기술연구원,한국에너지기술연구원; 한국서부발전,67.03,93.6,47.24,100.0,14.29,50,3,2,,1
한국에너지기술연구원,울산과학기술원; 한국에너지기술연구원,66.89,93.6,47.24,100.0,13.33,50,3,2,,1
한국에너지기술연구원,한국에너지기술연구원;유니버샬켐텍,66.67,93.6,47.24,100.0,28.57,25,3,1,,1
한국에너지기술연구원,한국화학연구원; 한국과학기술원,66.67,93.6,47.24,100.0,28.57,25,3,1,,1
한국에너지기술연구원,한국에너지기술연구원; 유니버시대드 드 안티오퀴아,66.47,93.6,47.24,100.0,10.53,50,3,2,,1
한국에너지기술연구원,한국에너지기술연구원; 재단법인 파동에너지 극한제어 연구단,66.39,93.6,47.24,100.0,10.0,50,3,2,,1
한국에너지기술연구원,한국과학기술연구원; 재단법인 멀티스케일 에너지시스템 연구단,66.35,100.0,47.24,100.0,13.64,25,7,1,,1
한국에너지기술연구원,씨앤지테크; 한국에너지기술연구원,65.6,93.6,47.24,100.0,21.43,25,3,1,,1
한국에너지기술연구원,삼성에스디아이; 울산과학기술원,65.39,93.6,47.24,100.0,20.0,25,3,1,,1
한국에너지기술연구원,한국화학연구원;엔바이온,65.39,93.6,47.24,100.0,20.0,25,3,1,,1
한국에너지기술연구원,재단법인 포항산업과학연구원; 한국화학연구원,65.04,93.6,47.24,100.0,17.65,25,3,1,,1
한국에너지기술연구원,한국건설기술연구원;비이엘테크놀로지,64.89,93.6,47.24,100.0,0.0,50,3,2,,1
한국에너지기술연구원,현대자동차; 한국과학기술연구원,64.89,93.6,47.24,100.0,16.67,25,3,1,,1
한국에너지기술연구원,한국건설기술연구원;블라인드팩토리,64.53,93.6,47.24,100.0,14.29,25,3,1,,1
한국에너지기술연구원,한국전력공사; 한국과학기술원,64.26,93.6,47.24,100.0,12.5,25,3,1,,1
한국에너지기술연구원,한국과학기술원;풍산,62.39,93.6,47.24,100.0,0.0,25,3,1,,1
한국에너지기술연구원,한국생명공학연구원,62.39,93.6,47.24,100.0,0.0,25,3,1,,1
한국에너지기술연구원,한국에너지기술연구원;가솔릭,62.39,93.6,47.24,100.0,0.0,25,3,1,,1
한국에너지기술연구원,한국원자력연구원; 한국수력원자력,62.39,93.6,47.24,100.0,0.0,25,3,1,,1
한국에너지기술연구원,현대자동차; 기아; 한국과학기술원,62.39,93.6,47.24,100.0,0.0,25,3,1,,1
한국에너지기술연구원,한국에너지기술연구원; 한국과학기술연구원,60.03,62.4,47.24,100.0,30.0,50,2,2,,1
한국에너지기술연구원,한국표준과학연구원,57.67,62.4,47.24,100.0,14.29,50,2,2,,1
한국에너지기술연구원,한국과학기술연구원; 한국과학기술원,57.53,62.4,47.24,100.0,30.0,25,2,1,,1
한국에너지기술연구원,한국해양과학기술원; 고등기술연구원연구조합,57.53,62.4,47.24,100.0,30.0,25,2,1,,1
한국에너지기술연구원,엘지화학; 재단법인대구경북과학기술원,56.78,62.4,47.24,100.0,25.0,25,2,1,,1
한국에너지기술연구원,럭키목재; 한국화학연구원,56.36,62.4,47.24,100.0,22.22,25,2,1,,1
한국에너지기술연구원,삼성전자; 한국과학기술원,55.53,62.4,47.24,100.0,16.67,25,2,1,,1
한국에너지기술연구원,"한국과학기술연구원; 유니버시티 오브 센트럴 플로리다 리서치 파운데이션, 인코포레이티드",55.53,62.4,47.24,100.0,16.67,25,2,1,,1
한국에너지기술연구원,울산과학기술원; 유니버시티 오브 피츠버그 - 오브 더 커먼웰쓰 시스템 오브 하이어 에듀케이션,55.34,62.4,47.24,100.0,15.38,25,2,1,,1
한국에너지기술연구원,재단법인대구경북과학기술원; 재단법인 멀티스케일 에너지시스템 연구단,54.9,62.4,47.24,100.0,12.5,25,2,1,,1
한국에너지기술연구원,한국기계연구원; 한국철도기술연구원,54.9,62.4,47.24,100.0,12.5,25,2,1,,1
한국에너지기술연구원,한국에너지기술연구원; 신광화학공업,54.39,62.4,47.24,100.0,9.09,25,2,1,,1
한국에너지기술연구원,한국과학기술원; 한화솔루션,54.28,62.4,47.24,100.0,8.33,25,2,1,,1
한국에너지기술연구원,울산과학기술원; 한국기계연구원,53.03,62.4,47.24,100.0,0.0,25,2,1,,1
한국에너지기술연구원,동아퓨얼셀; 한국에너지기술연구원,47.95,31.2,47.24,100.0,28.57,25,1,1,,1
한국에너지기술연구원,한국과학기술연구원; 나라셀텍,47.13,31.2,47.24,100.0,23.08,25,1,1,,1
한국에너지기술연구원,한국에너지기술연구원; 재단법인 파동에너지 극한제어 연구단; 한국과학기술원,47.13,31.2,47.24,100.0,23.08,25,1,1,,1
한국에너지기술연구원,한국에너지기술연구원;솔로이엔씨,47.0,31.2,47.24,100.0,22.22,25,1,1,,1
한국에너지기술연구원,파코코리아인더스; 한국과학기술원,46.67,31.2,47.24,100.0,20.0,25,1,1,,1
한국에너지기술연구원,한국과학기술원;에이투어스,46.67,31.2,47.24,100.0,20.0,25,1,1,,1
한국에너지기술연구원,한국기계연구원;아스플로,46.67,31.2,47.24,100.0,20.0,25,1,1,,1
한국에너지기술연구원,한국과학기술연구원; 울산과학기술원,46.17,31.2,47.24,100.0,16.67,25,1,1,,1
한국에너지기술연구원,한국과학기술원; 한국에너지기술연구원,46.17,31.2,47.24,100.0,16.67,25,1,1,,1
한국에너지기술연구원,한국기계연구원; 재단법인 파동에너지 극한제어 연구단,46.17,31.2,47.24,100.0,16.67,25,1,1,,1
한국에너지기술연구원,한국수력원자력; 한국과학기술원,46.04,31.2,47.24,100.0,15.79,25,1,1,,1
한국에너지기술연구원,경동엔지니어링; 고등기술연구원연구조합; 한국해양과학기술원,45.98,31.2,47.24,100.0,15.38,25,1,1,,1
한국에너지기술연구원,한국수력원자력;솔란드; 한국에너지기술연구원,45.81,31.2,47.24,100.0,14.29,25,1,1,,1
한국에너지기술연구원,롯데케미칼; 한국과학기술원,45.34,31.2,47.24,100.0,11.11,25,1,1,,1
한국에너지기술연구원,한국전력공사; 울산과학기술원,45.34,31.2,47.24,100.0,11.11,25,1,1,,1
한국에너지기술연구원,해동에너지; 한국에너지기술연구원,44.82,31.2,47.24,100.0,7.69,25,1,1,,1
한국에너지기술연구원,한국과학기술원; 롯데케미칼,44.67,31.2,47.24,100.0,6.67,25,1,1,,1
한국에너지기술연구원,엘지화학; 한국과학기술원,43.67,31.2,47.24,100.0,0.0,25,1,1,,1
한국에너지기술연구원,한국과학기술원; 사우디 아라비안 오일 컴퍼니,43.67,31.2,47.24,100.0,0.0,25,1,1,,1
한국에너지기술연구원,한국과학기술원; 한국과학기술연구원,43.67,31.2,47.24,100.0,0.0,25,1,1,,1
한국에너지기술연구원,한국에너지기술연구원; 두산에너빌리티,43.67,31.2,47.24,100.0,0.0,25,1,1,,1
한국에너지기술연구원,한국전력공사; 광주과학기술원,43.67,31.2,47.24,100.0,0.0,25,1,1,,1
한국에너지기술연구원,한국타이어앤테크놀로지; 한국과학기술원,43.67,31.2,47.24,100.0,0.0,25,1,1,,1
한국에너지기술연구원; 국립한국교통대학교,한국에너지기술연구원,65.39,93.6,47.24,100.0,20.0,25,3,1,,1
한국에너지기술연구원; 국립한국교통대학교,울산과학기술원,56.36,62.4,47.24,100.0,22.22,25,2,1,,1
한국에너지기술연구원; 아주대학교,한국화학연구원,69.31,100.0,47.24,100.0,33.33,25,4,1,,1
한국에너지기술연구원; 아주대학교,한국과학기술연구원,66.81,100.0,47.24,100.0,16.67,25,4,1,,1
한국에너지기술연구원; 아주대학교,한국에너지기술연구원,45.03,31.2,47.24,100.0,9.09,25,1,1,,1
한국에너지기술연구원; 아주대학교,재단법인대구경북과학기술원,44.92,31.2,47.24,100.0,8.33,25,1,1,,1
한국에너지기술연구원; 충남대학교,한국에너지기술연구원,65.6,93.6,47.24,100.0,21.43,25,3,1,,1
한국에너지기술연구원; 한양대학교,한국에너지기술연구원,68.01,93.6,47.24,100.0,37.5,25,3,1,,1
한국외국어대학교 연구,광주과학기술원,75.66,100.0,47.24,100.0,42.31,75,6,3,,1
한국외국어대학교 연구,한국전자통신연구원,73.59,100.0,47.24,100.0,11.9,100,13,5,,1
한국외국어대학교 연구,한국과학기술원,72.93,100.0,47.24,100.0,24.14,75,5,3,,1
한국외국어대학교 연구,한국과학기술연구원,69.54,100.0,47.24,100.0,18.18,50,4,2,,1
한국외국어대학교 연구,한국해양과학기술원,69.06,93.6,47.24,100.0,27.78,50,3,2,,1
한국외국어대학교 연구,울산과학기술원,68.35,93.6,47.24,100.0,23.08,50,3,2,,1
한국외국어대학교 연구,한국기계연구원,67.54,93.6,47.24,100.0,17.65,50,3,2,,1
한국외국어대학교 연구,한국지질자원연구원,67.14,93.6,47.24,100.0,15.0,50,3,2,,1
한국외국어대학교 연구,울산과학기술원; 대한민국(기후에너지환경부 국립환경과학원장),65.31,100.0,47.24,100.0,6.67,25,4,1,,1
한국외국어대학교 연구,한국원자력연구원,55.17,62.4,47.24,100.0,14.29,25,2,1,,1
한국외국어대학교 연구,한국에너지기술연구원,54.28,62.4,47.24,100.0,8.33,25,2,1,,1
한국외국어대학교 연구,한국전기연구원,49.29,31.2,47.24,100.0,37.5,25,1,1,,1
한국외국어대학교 연구,한화비전; 한국과학기술원,47.42,31.2,47.24,100.0,25.0,25,1,1,,1
한국외국어대학교 연구,재단법인대구경북과학기술원,45.54,31.2,47.24,100.0,12.5,25,1,1,,1
한국외국어대학교 연구,한국과학기술연구원; 한화오션; 제이엔케이글로벌;플랜텍; 하이록코리아;동화엔텍,43.67,31.2,47.24,100.0,0.0,25,1,1,,1
한국원자력연구원,한국원자력연구원,79.32,100.0,47.24,100.0,50.1,100,3763,1103,,1
한국원자력연구원,한국원자력연구원; 한국기초과학지원연구원,77.86,100.0,47.24,100.0,40.35,100,42,11,,1
한국원자력연구원,한국원자력연구원; 한국전자통신연구원,77.2,100.0,47.24,100.0,52.63,75,4,3,,1
한국원자력연구원,한국기계연구원,76.3,100.0,47.24,100.0,29.92,100,33,18,,1
한국원자력연구원,한국원자력연구원; 킹 압둘라 시티 포 어토믹 앤드 리뉴어블 에너지,76.25,100.0,47.24,100.0,29.63,100,16,8,,1
한국원자력연구원,한국원자력연구원; 한국수력원자력,76.12,100.0,47.24,100.0,28.72,100,226,93,,1
한국원자력연구원,한국지질자원연구원,75.62,100.0,47.24,100.0,25.4,100,50,23,,1
한국원자력연구원,한국수력원자력; 한국원자력연구원,75.41,100.0,47.24,100.0,24.0,100,9,5,,1
한국원자력연구원,한국건설기술연구원,75.34,100.0,47.24,100.0,23.53,100,37,16,,1
한국원자력연구원,한국과학기술원,75.34,100.0,47.24,100.0,23.51,100,94,45,,1
한국원자력연구원,한국화학연구원,74.88,100.0,47.24,100.0,20.45,100,27,15,,1
한국원자력연구원,재단법인대구경북과학기술원,74.81,100.0,47.24,100.0,20.0,100,12,8,,1
한국원자력연구원,한국해양과학기술원,74.75,100.0,47.24,100.0,19.61,100,33,19,,1
한국원자력연구원,한국과학기술연구원,74.66,100.0,47.24,100.0,18.99,100,59,28,,1
한국원자력연구원,킹 압둘라 시티 포 어토믹 앤드 리뉴어블 에너지; 한국원자력연구원,74.59,100.0,47.24,100.0,18.52,100,62,24,,1
한국원자력연구원,한국전기연구원,74.59,100.0,47.24,100.0,18.57,100,20,8,,1
한국원자력연구원,한국에너지기술연구원,74.52,100.0,47.24,100.0,18.1,100,25,13,,1
한국원자력연구원,울산과학기술원,74.27,100.0,47.24,100.0,16.44,100,71,39,,1
한국원자력연구원,한국표준과학연구원,74.02,100.0,47.24,100.0,14.74,100,22,15,,1
한국원자력연구원,광주과학기술원,73.81,100.0,47.24,100.0,13.33,100,7,5,,1
한국원자력연구원,위드텍; 한국원자력연구원,72.64,100.0,47.24,100.0,5.56,100,8,4,,1
한국원자력연구원,한국전자통신연구원,72.64,100.0,47.24,100.0,5.56,100,9,4,,1
한국원자력연구원,엠이피; 한국원자력연구원,72.6,100.0,47.24,100.0,5.26,100,11,4,,1
한국원자력연구원,한국생명공학연구원; 대한민국(해양수산부 국립수산과학원장),72.39,93.6,47.24,100.0,50.0,50,3,2,,1
한국원자력연구원,울산과학기술원; 한국수력원자력; 한국과학기술원,71.09,100.0,47.24,100.0,28.57,50,6,2,,1
한국원자력연구원,한국과학기술연구원; 재단법인 멀티스케일 에너지시스템 연구단,70.31,100.0,47.24,100.0,40.0,25,7,1,,1
한국원자력연구원,한국원자력연구원; 한국과학기술원,69.31,100.0,47.24,100.0,0.0,75,4,3,,1
한국원자력연구원,한국원자력연구원;액트;한빛레이저,68.95,100.0,47.24,100.0,14.29,50,5,2,,1
한국원자력연구원,한국생명공학연구원,68.42,100.0,47.24,100.0,10.71,50,4,2,,1
한국원자력연구원,한국과학기술원;성일에스아이엠,68.39,93.6,47.24,100.0,40.0,25,3,1,,1
한국원자력연구원,이상희; 한국표준과학연구원; 방건웅,67.88,100.0,47.24,100.0,7.14,50,4,2,,1
한국원자력연구원,메브시스; 한국원자력연구원,67.75,100.0,47.24,100.0,6.25,50,6,2,,1
한국원자력연구원,국방과학연구소; 한국과학기술원,67.39,93.6,47.24,100.0,33.33,25,3,1,,1
한국원자력연구원,울산과학기술원; 한국과학기술원,65.56,100.0,47.24,100.0,8.33,25,4,1,,1
한국원자력연구원,기초과학연구원; 한국과학기술원,65.39,93.6,47.24,100.0,20.0,25,3,1,,1
한국원자력연구원,코오롱인더스트리; 한국원자력연구원,64.53,93.6,47.24,100.0,14.29,25,3,1,,1
한국원자력연구원,한국해양과학기술원; 대양전기공업,62.39,93.6,47.24,100.0,0.0,25,3,1,,1
한국원자력연구원,삼성전자; 한국과학기술원,59.28,62.4,47.24,100.0,25.0,50,2,2,,1
한국원자력연구원,재단법인대구경북과학기술원; 재단법인 멀티스케일 에너지시스템 연구단,58.99,62.4,47.24,100.0,23.08,50,2,2,,1
한국원자력연구원,기아; 한국과학기술원,57.12,62.4,47.24,100.0,27.27,25,2,1,,1
한국원자력연구원,한국건설기술연구원; 한국생산기술연구원; 한국원자력연구원,56.78,62.4,47.24,100.0,8.33,50,2,2,,1
한국원자력연구원,한국에너지기술연구원; 한국원자력연구원,56.03,62.4,47.24,100.0,20.0,25,2,1,,1
한국원자력연구원,한국과학기술원; 코오롱인더스트리,55.17,62.4,47.24,100.0,14.29,25,2,1,,1
한국원자력연구원,기초과학연구원; 울산과학기술원,54.9,62.4,47.24,100.0,12.5,25,2,1,,1
한국원자력연구원,한전원자력연료; 한국과학기술원,54.53,62.4,47.24,100.0,10.0,25,2,1,,1
한국원자력연구원,아름다운 환경건설; 한국원자력연구원,54.46,62.4,47.24,100.0,9.52,25,2,1,,1
한국원자력연구원,한국기계연구원; 태광엠앤에스,54.39,62.4,47.24,100.0,9.09,25,2,1,,1
한국원자력연구원,한국생명공학연구원; 재단법인 바이오나노헬스가드연구단,53.03,62.4,47.24,100.0,0.0,25,2,1,,1
한국원자력연구원,한국에너지기술연구원; 성신양회,53.03,62.4,47.24,100.0,0.0,25,2,1,,1
한국원자력연구원,한국원자력연구원; 마이크로맥스 영농조합법인,53.03,62.4,47.24,100.0,0.0,25,2,1,,1
한국원자력연구원,현대자동차; 광주과학기술원,53.03,62.4,47.24,100.0,0.0,25,2,1,,1
한국원자력연구원,한국기계연구원; 에스지솔루션,49.67,31.2,47.24,100.0,40.0,25,1,1,,1
한국원자력연구원,울산과학기술원;솔라라이트,47.76,31.2,47.24,100.0,27.27,25,1,1,,1
한국원자력연구원,울산과학기술원; 대한민국(국립재활원장),47.42,31.2,47.24,100.0,25.0,25,1,1,,1
한국원자력연구원,울산과학기술원;로드피아,46.67,31.2,47.24,100.0,20.0,25,1,1,,1
한국원자력연구원,한국원자력연구원;라비,46.67,31.2,47.24,100.0,20.0,25,1,1,,1
한국원자력연구원,한국원자력연구원;비엠아이,46.67,31.2,47.24,100.0,20.0,25,1,1,,1
한국원자력연구원,무진기연; 한국기계연구원,46.17,31.2,47.24,100.0,16.67,25,1,1,,1
한국원자력연구원,한국전자통신연구원;안랩; 한국서부발전,45.98,31.2,47.24,100.0,15.38,25,1,1,,1
한국원자력연구원,네오시스코리아,45.81,31.2,47.24,100.0,14.29,25,1,1,,1
한국원자력연구원,롯데케미칼; 울산과학기술원,45.81,31.2,47.24,100.0,14.29,25,1,1,,1
한국원자력연구원,고등기술연구원연구조합; 한국해양과학기술원,45.67,31.2,47.24,100.0,13.33,25,1,1,,1
한국원자력연구원,내일테크놀로지; 한국원자력연구원,43.67,31.2,47.24,100.0,0.0,25,1,1,,1
한국원자력연구원,엘지에너지솔루션; 한국과학기술원,43.67,31.2,47.24,100.0,0.0,25,1,1,,1
한국원자력연구원,코나솔; 한국과학기술원,43.67,31.2,47.24,100.0,0.0,25,1,1,,1
한국원자력연구원,한국과학기술연구원; 현대자동차; 기아,43.67,31.2,47.24,100.0,0.0,25,1,1,,1
한국원자력연구원,한국수력원자력; 한국원자력연구원; 한국전력기술,43.67,31.2,47.24,100.0,0.0,25,1,1,,1
한국원자력연구원,한국원자력연구원; 두산에너빌리티,43.67,31.2,47.24,100.0,0.0,25,1,1,,1
한국원자력연구원,한국지질자원연구원; 한국재료연구원,43.67,31.2,47.24,100.0,0.0,25,1,1,,1
한국원자력연구원,한길산업; 광주과학기술원,43.67,31.2,47.24,100.0,0.0,25,1,1,,1
한국원자력연구원; 고려대학교,한국원자력연구원,56.78,62.4,47.24,100.0,25.0,25,2,1,,1
한국원자력연구원; 전북대학교,한국화학연구원,53.03,62.4,47.24,100.0,0.0,25,2,1,,1
한국원자력연구원; 한국건설기술연구원; 한국기초과학지원연구원; 국립금오공과대학교,한국원자력연구원,69.97,100.0,47.24,100.0,21.05,50,5,2,,1
한국원자력의학원,한국전기연구원,58.67,31.2,47.24,100.0,100.0,25,1,1,,1
한국원자력의학원; 충남대학교,한국식품연구원,48.67,31.2,47.24,100.0,33.33,25,1,1,,1
한국원자력환경공단; 포항공과대학교,한국과학기술연구원,63.64,93.6,47.24,100.0,8.33,25,3,1,,1
한국유나이티드제약 주식회사; 한남대학교,한국화학연구원,66.81,100.0,47.24,100.0,16.67,25,7,1,,1
한국인터넷진흥원; 고려대학교,한국전자통신연구원,68.06,100.0,47.24,100.0,25.0,25,5,1,,1
한국인터넷진흥원; 고려대학교,한국과학기술원,64.26,93.6,47.24,100.0,12.5,25,3,1,,1
한국전기교통 주식회사,한국건설기술연구원,55.17,62.4,47.24,100.0,14.29,25,2,1,,1
한국전기안전공사; 중앙대학교,한국전자통신연구원,45.34,31.2,47.24,100.0,11.11,25,1,1,,1
한국전기연구원,한국전기연구원; 삼성에스디아이,80.72,93.6,47.24,100.0,88.89,75,3,3,,1
한국전기연구원,한국전기연구원,79.43,100.0,47.24,100.0,50.79,100,1756,565,,1
한국전기연구원,한국전기연구원;메탈링크,77.39,93.6,47.24,100.0,100.0,25,3,1,,1
한국전기연구원,한국에너지기술연구원,75.45,100.0,47.24,100.0,24.26,100,85,42,,1
한국전기연구원,한국과학기술원,75.27,100.0,47.24,100.0,23.1,100,85,46,,1
한국전기연구원,한국기계연구원,75.21,100.0,47.24,100.0,22.64,100,63,33,,1
한국전기연구원,한국전자통신연구원,75.21,100.0,47.24,100.0,22.67,100,86,47,,1
한국전기연구원,한국원자력연구원,75.03,100.0,47.24,100.0,21.5,100,24,15,,1
한국전기연구원,한국과학기술연구원,74.89,100.0,47.24,100.0,20.52,100,53,31,,1
한국전기연구원,울산과학기술원,74.78,100.0,47.24,100.0,19.83,100,54,26,,1
한국전기연구원,광주과학기술원,74.67,100.0,47.24,100.0,19.05,100,38,16,,1
한국전기연구원,한국해양과학기술원,74.5,100.0,47.24,100.0,17.95,100,6,4,,1
한국전기연구원,한국화학연구원,74.31,100.0,47.24,100.0,16.67,100,28,12,,1
한국전기연구원,재단법인대구경북과학기술원,74.05,100.0,47.24,100.0,14.93,100,34,20,,1
한국전기연구원,한국지질자원연구원,73.48,100.0,47.24,100.0,27.78,75,10,3,,1
한국전기연구원,한국식품연구원,73.39,100.0,47.24,100.0,10.53,100,12,4,,1
한국전기연구원,한국전기연구원; 한국재료연구원,73.39,100.0,47.24,100.0,10.53,100,12,4,,1
한국전기연구원,한국표준과학연구원,73.33,100.0,47.24,100.0,10.13,100,17,6,,1
한국전기연구원,한국건설기술연구원,72.55,100.0,47.24,100.0,4.92,100,11,5,,1
한국전기연구원,한국전기연구원; 한국화학연구원,69.89,93.6,47.24,100.0,16.67,75,3,3,,1
한국전기연구원,한국전력공사; 광주과학기술원,69.81,100.0,47.24,100.0,20.0,50,4,2,,1
한국전기연구원,한국화학연구원; 삼성에스디아이,69.06,93.6,47.24,100.0,44.44,25,3,1,,1
한국전기연구원,기초과학연구원; 한국과학기술원,67.46,100.0,47.24,100.0,4.35,50,7,2,,1
한국전기연구원,한국전기연구원; 한국전자통신연구원; 재단법인 아산사회복지재단,67.03,93.6,47.24,100.0,14.29,50,3,2,,1
한국전기연구원,삼성전자; 한국과학기술원,66.56,93.6,47.24,100.0,11.11,50,3,2,,1
한국전기연구원,한국전기연구원;아이이에스,66.48,93.6,47.24,100.0,27.27,25,3,1,,1
한국전기연구원,엘아이지넥스원; 한국과학기술원,65.83,93.6,47.24,100.0,6.25,50,3,2,,1
한국전기연구원,현대자동차; 기아; 울산과학기술원,65.72,93.6,47.24,100.0,22.22,25,3,1,,1
한국전기연구원,엘지디스플레이; 한국과학기술원,65.56,100.0,47.24,100.0,8.33,25,5,1,,1
한국전기연구원,롯데케미칼; 한국과학기술원,65.39,93.6,47.24,100.0,20.0,25,3,1,,1
한국전기연구원,한국과학기술원; 한국기계연구원,64.26,93.6,47.24,100.0,12.5,25,3,1,,1
한국전기연구원,광주과학기술원; 고려오트론,62.39,93.6,47.24,100.0,0.0,25,3,1,,1
한국전기연구원,기초과학연구원; 울산과학기술원,62.39,93.6,47.24,100.0,0.0,25,3,1,,1
한국전기연구원,삼성디스플레이; 울산과학기술원,62.39,93.6,47.24,100.0,0.0,25,3,1,,1
한국전기연구원,한국과학기술원; 재단법인 나노기반소프트일렉트로닉스연구단,62.39,93.6,47.24,100.0,0.0,25,3,1,,1
한국전기연구원,한국전기연구원;모다이노칩,62.39,93.6,47.24,100.0,0.0,25,3,1,,1
한국전기연구원,휴먼플러스; 한국기계연구원,62.39,93.6,47.24,100.0,0.0,25,3,1,,1
한국전기연구원,한국전기연구원; 엘에스일렉트릭,60.53,62.4,47.24,100.0,50.0,25,2,1,,1
한국전기연구원,울산과학기술원;리센스메디컬,58.65,62.4,47.24,100.0,37.5,25,2,1,,1
한국전기연구원,엘지화학; 울산과학기술원,57.31,62.4,47.24,100.0,28.57,25,2,1,,1
한국전기연구원,한국전력공사; 울산과학기술원,55.53,62.4,47.24,100.0,16.67,25,2,1,,1
한국전기연구원,한국전력공사; 한국과학기술원,55.17,62.4,47.24,100.0,14.29,25,2,1,,1
한국전기연구원,광주과학기술원;디에이치글로벌,54.28,62.4,47.24,100.0,8.33,25,2,1,,1
한국전기연구원,울산과학기술원; 대한민국(국립재활원장),53.03,62.4,47.24,100.0,0.0,25,2,1,,1
한국전기연구원,한국과학기술연구원; 울산과학기술원,53.03,62.4,47.24,100.0,0.0,25,2,1,,1
한국전기연구원,한국표준과학연구원;에스엠인스트루먼트,53.03,62.4,47.24,100.0,0.0,25,2,1,,1
한국전기연구원,현대자동차; 기아; 광주과학기술원,49.67,31.2,47.24,100.0,40.0,25,1,1,,1
한국전기연구원,한국전자통신연구원; 광주과학기술원,48.67,31.2,47.24,100.0,33.33,25,1,1,,1
한국전기연구원,울산과학기술원; 한국과학기술원,48.28,31.2,47.24,100.0,30.77,25,1,1,,1
한국전기연구원,대한항공; 한국표준과학연구원,47.0,31.2,47.24,100.0,22.22,25,1,1,,1
한국전기연구원,리베스트; 광주과학기술원,46.4,31.2,47.24,100.0,18.18,25,1,1,,1
한국전기연구원,한국전기연구원; 에이디알엠테크놀로지,46.4,31.2,47.24,100.0,18.18,25,1,1,,1
한국전기연구원,한국과학기술원; 대한민국(질병관리청장),45.81,31.2,47.24,100.0,14.29,25,1,1,,1
한국전기연구원,한국과학기술원; 램 리서치 코퍼레이션,45.54,31.2,47.24,100.0,12.5,25,1,1,,1
한국전기연구원,한국과학기술원;로엔서지컬,45.54,31.2,47.24,100.0,12.5,25,1,1,,1
한국전기연구원,한국표준과학연구원;피레타,45.54,31.2,47.24,100.0,12.5,25,1,1,,1
한국전기연구원,한국과학기술원; 한국전기연구원,45.34,31.2,47.24,100.0,11.11,25,1,1,,1
한국전기연구원,한국건설기술연구원;카이센테크,44.92,31.2,47.24,100.0,8.33,25,1,1,,1
한국전기연구원,테크로스; 한국과학기술연구원,43.67,31.2,47.24,100.0,0.0,25,1,1,,1
한국전기연구원,한국건설기술연구원;신우엔지니어링;베이시스소프트,43.67,31.2,47.24,100.0,0.0,25,1,1,,1
한국전기연구원; 부산대학교,한국전기연구원,49.29,31.2,47.24,100.0,37.5,25,1,1,,1
한국전기연구원; 세종대학교,한국전기연구원,45.43,31.2,47.24,100.0,11.76,25,1,1,,1
한국전기연구원; 한양대학교,한국전기연구원,72.43,100.0,47.24,100.0,20.83,75,5,3,,1
한국전기연구원; 한양대학교,한국화학연구원,70.27,100.0,47.24,100.0,23.08,50,6,2,,1
한국전기연구원; 한양대학교,광주과학기술원,45.81,31.2,47.24,100.0,14.29,25,1,1,,1
한국전기연구원; 한양대학교,울산과학기술원,43.67,31.2,47.24,100.0,0.0,25,1,1,,1
한국전력 국제원자력대학원대학교,한국원자력연구원,58.69,62.4,47.24,100.0,21.05,50,2,2,,1
한국전력 국제원자력대학원대학교,한국과학기술원,55.53,62.4,47.24,100.0,16.67,25,2,1,,1
한국전력공사,울산과학기술원,73.4,100.0,47.24,100.0,27.27,75,6,3,,1
한국전력공사,한국과학기술원,70.92,100.0,47.24,100.0,10.71,75,5,3,,1
한국전력공사,한국에너지기술연구원,67.56,100.0,47.24,100.0,5.0,50,4,2,,1
한국전력공사,한국전력공사; 한국화학연구원,67.31,100.0,47.24,100.0,20.0,25,4,1,,1
한국전력공사,한국화학연구원,56.78,62.4,47.24,100.0,25.0,25,2,1,,1
한국전력공사,한국표준과학연구원,54.1,62.4,47.24,100.0,7.14,25,2,1,,1
한국전력공사,한국전자통신연구원,47.95,31.2,47.24,100.0,28.57,25,1,1,,1
한국전력공사; 가천대학교,한국전기연구원,47.0,31.2,47.24,100.0,22.22,25,1,1,,1
한국전력공사; 강원대학교,한국원자력연구원,45.54,31.2,47.24,100.0,12.5,25,1,1,,1
한국전력공사; 건국대학교,울산과학기술원,46.17,31.2,47.24,100.0,16.67,25,1,1,,1
한국전력공사; 경희대학교,국방과학연구소; 한국과학기술원,63.89,93.6,47.24,100.0,10.0,25,3,1,,1
한국전력공사; 고려대학교,한국과학기술원,62.39,93.6,47.24,100.0,0.0,25,3,1,,1
한국전력공사; 고려대학교,재단법인대구경북과학기술원,46.88,31.2,47.24,100.0,21.43,25,1,1,,1
한국전력공사; 국립목포대학교,한국전기연구원,46.17,31.2,47.24,100.0,16.67,25,1,1,,1
한국전력공사; 국립순천대학교,한국전기연구원,45.54,31.2,47.24,100.0,12.5,25,1,1,,1
한국전력공사; 부산대학교,한국전기연구원,54.39,62.4,47.24,100.0,9.09,25,2,1,,1
한국전력공사; 서강대학교,한국과학기술원,68.81,100.0,47.24,100.0,30.0,25,5,1,,1
한국전력공사; 서강대학교,한국전력공사; 한국과학기술원,67.12,100.0,47.24,100.0,18.75,25,8,1,,1
한국전력공사; 서강대학교,한국원자력연구원,58.03,62.4,47.24,100.0,33.33,25,2,1,,1
한국전력공사; 서강대학교,한국과학기술연구원,54.28,62.4,47.24,100.0,8.33,25,2,1,,1
한국전력공사; 서강대학교,한국전기연구원,48.67,31.2,47.24,100.0,33.33,25,1,1,,1
한국전력공사; 서강대학교,한국에너지기술연구원; 재단법인 파동에너지 극한제어 연구단,47.42,31.2,47.24,100.0,25.0,25,1,1,,1
한국전력공사; 서강대학교,한국에너지기술연구원,46.67,31.2,47.24,100.0,20.0,25,1,1,,1
한국전력공사; 성균관대학교,재단법인대구경북과학기술원,63.46,93.6,47.24,100.0,7.14,25,3,1,,1
한국전력공사; 숭실대학교,한국과학기술연구원,65.46,100.0,47.24,100.0,7.69,25,5,1,,1
한국전력공사; 영남대학교,한국에너지기술연구원,45.54,31.2,47.24,100.0,12.5,25,1,1,,1
한국전력공사; 인하대학교,한국에너지기술연구원,64.53,93.6,47.24,100.0,14.29,25,3,1,,1
한국전력공사; 인하대학교,울산과학기술원,53.03,62.4,47.24,100.0,0.0,25,2,1,,1
한국전력공사; 전남대학교,광주과학기술원,45.17,31.2,47.24,100.0,10.0,25,1,1,,1
한국전력공사; 조선대학교,한국표준과학연구원,47.95,31.2,47.24,100.0,28.57,25,1,1,,1
한국전력공사; 중앙대학교,한국에너지기술연구원; 한국서부발전,51.17,31.2,47.24,100.0,50.0,25,1,1,,1
한국전력공사; 한양대학교 에리카,한국전기연구원,46.4,31.2,47.24,100.0,18.18,25,1,1,,1
한국전력공사; 홍익대학교,한국전기연구원,54.1,62.4,47.24,100.0,7.14,25,2,1,,1
한국전력공사; 홍익대학교,울산과학기술원,43.67,31.2,47.24,100.0,0.0,25,1,1,,1
한국전력기술 주식회사; 서울대학교,한국건설기술연구원,66.48,93.6,47.24,100.0,27.27,25,3,1,,1
한국전력기술 주식회사; 서울대학교,한국원자력연구원,54.1,62.4,47.24,100.0,7.14,25,2,1,,1
한국전자기술연구원,한국전기연구원,58.03,62.4,47.24,100.0,33.33,25,2,1,,1
한국전자기술연구원; 경성대학교,재단법인대구경북과학기술원,57.31,62.4,47.24,100.0,28.57,25,2,1,,1
한국전자기술연구원; 경희대학교,한국과학기술연구원,43.67,31.2,47.24,100.0,0.0,25,1,1,,1
한국전자기술연구원; 고려대학교,재단법인대구경북과학기술원,54.7,62.4,47.24,100.0,11.11,25,2,1,,1
한국전자기술연구원; 서울대학교,한국과학기술원,67.75,100.0,47.24,100.0,6.25,50,4,2,,1
한국전자기술연구원; 성균관대학교,한국전기연구원,65.03,62.4,47.24,100.0,80.0,25,2,1,,1
한국전자기술연구원; 성균관대학교,한국화학연구원,64.53,93.6,47.24,100.0,14.29,25,3,1,,1
한국전자기술연구원; 숭실대학교,한국과학기술원,45.67,31.2,47.24,100.0,13.33,25,1,1,,1
한국전자기술연구원; 전북대학교,한국기계연구원,43.67,31.2,47.24,100.0,0.0,25,1,1,,1
한국전자기술연구원; 중앙대학교,광주과학기술원,68.48,100.0,47.24,100.0,11.11,50,4,2,,1
한국전자기술연구원; 중앙대학교,울산과학기술원,58.03,62.4,47.24,100.0,33.33,25,2,1,,1
한국전자기술연구원; 한양대학교,한국과학기술연구원,45.34,31.2,47.24,100.0,11.11,25,1,1,,1
한국전자통신연구원,한국전자통신연구원,80.06,100.0,47.24,100.0,54.97,100,8297,3374,,1
한국전자통신연구원,한국전자통신연구원; 재단법인 한국섬유기계융합연구원,79.31,100.0,47.24,100.0,83.33,50,7,2,,1
한국전자통신연구원,한국과학기술원,76.54,100.0,47.24,100.0,31.53,100,1178,593,,1
한국전자통신연구원,한국전자통신연구원; 한국과학기술원,76.31,100.0,47.24,100.0,30.0,100,87,12,,1
한국전자통신연구원,한국전자통신연구원;구루미,76.09,100.0,47.24,100.0,28.57,100,7,6,,1
한국전자통신연구원,액터스네트웍스; 한국과학기술원,75.81,100.0,47.24,100.0,26.67,100,7,6,,1
한국전자통신연구원,한국에너지기술연구원,75.79,100.0,47.24,100.0,26.52,100,99,42,,1
한국전자통신연구원,한국기계연구원,75.75,100.0,47.24,100.0,26.28,100,122,59,,1
한국전자통신연구원,한국건설기술연구원,75.68,100.0,47.24,100.0,25.81,100,94,50,,1
한국전자통신연구원,삼성전자; 울산과학기술원,75.45,100.0,47.24,100.0,24.24,100,9,5,,1
한국전자통신연구원,한국과학기술연구원,75.42,100.0,47.24,100.0,24.04,100,321,160,,1
한국전자통신연구원,재단법인대구경북과학기술원,75.4,100.0,47.24,100.0,23.97,100,277,148,,1
한국전자통신연구원,울산과학기술원,75.21,100.0,47.24,100.0,22.64,100,165,95,,1
한국전자통신연구원,한국전자통신연구원; 더 트러스티즈 오브 인디애나 유니버시티,75.14,100.0,47.24,100.0,22.22,100,9,6,,1
한국전자통신연구원,한국해양과학기술원,74.96,100.0,47.24,100.0,20.99,100,126,56,,1
한국전자통신연구원,한국전기연구원,74.92,100.0,47.24,100.0,20.75,100,90,54,,1
한국전자통신연구원,광주과학기술원,74.86,100.0,47.24,100.0,20.33,100,189,96,,1
한국전자통신연구원,한국원자력연구원,74.69,100.0,47.24,100.0,19.21,100,77,35,,1
한국전자통신연구원,한국화학연구원,74.61,100.0,47.24,100.0,18.69,100,30,18,,1
한국전자통신연구원,삼성전자; 한국과학기술원,74.35,100.0,47.24,100.0,16.96,100,33,17,,1
한국전자통신연구원,한국전자통신연구원;센텍코리아,74.31,100.0,47.24,100.0,50.0,50,5,2,,1
한국전자통신연구원,한국표준과학연구원,74.24,100.0,47.24,100.0,16.22,100,48,21,,1
한국전자통신연구원,한국전자통신연구원;칩스앤미디어,74.18,100.0,47.24,100.0,15.79,100,11,6,,1
한국전자통신연구원,국방과학연구소; 한국과학기술원,73.99,100.0,47.24,100.0,14.55,100,9,7,,1
한국전자통신연구원,한국전자통신연구원; 광주과학기술원,73.95,100.0,47.24,100.0,14.29,100,8,4,,1
한국전자통신연구원,한국전자통신연구원;시스기어,73.85,100.0,47.24,100.0,13.64,100,14,6,,1
한국전자통신연구원,한국과학기술연구원; 재단법인 실감교류인체감응솔루션연구단,73.57,100.0,47.24,100.0,11.76,100,17,11,,1
한국전자통신연구원,한국지질자원연구원,73.56,100.0,47.24,100.0,11.65,100,25,10,,1
한국전자통신연구원,한국전자통신연구원;시큐웍스,73.52,100.0,47.24,100.0,11.43,100,13,7,,1
한국전자통신연구원,한국전자통신연구원; 글로벌라이파이파트너스코리아,73.4,100.0,47.24,100.0,27.27,75,4,3,,1
한국전자통신연구원,한국전력공사; 한국과학기술원,73.27,100.0,47.24,100.0,9.76,100,11,6,,1
한국전자통신연구원,에스케이텔레콤; 한국과학기술원,73.11,100.0,47.24,100.0,8.7,100,10,5,,1
한국전자통신연구원,한국식품연구원,73.02,100.0,47.24,100.0,8.06,100,14,7,,1
한국전자통신연구원,한국전자통신연구원;케이티샛,72.77,100.0,47.24,100.0,23.08,75,8,3,,1
한국전자통신연구원,한국과학기술원; 한국방송공사,72.39,93.6,47.24,100.0,66.67,25,3,1,,1
한국전자통신연구원,한국전자통신연구원;한컴위드,72.31,100.0,47.24,100.0,20.0,75,4,3,,1
한국전자통신연구원,한국전자통신연구원; 한국기계연구원; 한국전기연구원,71.96,100.0,47.24,100.0,17.65,75,5,3,,1
한국전자통신연구원,엘지전자; 한국과학기술원,71.92,100.0,47.24,100.0,17.39,75,6,3,,1
한국전자통신연구원,한국과학기술정보연구원; 한국과학기술원,71.68,100.0,47.24,100.0,15.79,75,5,3,,1
한국전자통신연구원,한국원자력연구원; 한국전자통신연구원,71.39,93.6,47.24,100.0,60.0,25,3,1,,1
한국전자통신연구원,국방과학연구소; 광주과학기술원,71.18,100.0,47.24,100.0,12.5,75,6,3,,1
한국전자통신연구원,한국기초과학지원연구원; 한국생명공학연구원; 한국전자통신연구원,70.34,100.0,47.24,100.0,23.53,50,6,2,,1
한국전자통신연구원,한국건설기술연구원;에이치브레인,70.27,100.0,47.24,100.0,23.08,50,4,2,,1
한국전자통신연구원,한국과학기술원; 국방과학연구소,70.27,100.0,47.24,100.0,23.08,50,4,2,,1
한국전자통신연구원,한국기계연구원; 재단법인 파동에너지 극한제어 연구단,69.91,100.0,47.24,100.0,4.0,75,6,3,,1
한국전자통신연구원,한국건설기술연구원;하우빌드,69.62,100.0,47.24,100.0,18.75,50,6,2,,1
한국전자통신연구원,한국전자통신연구원; 한국 한의학 연구원,69.54,100.0,47.24,100.0,18.18,50,4,2,,1
한국전자통신연구원,엘아이지넥스원; 한국과학기술원,69.26,93.6,47.24,100.0,12.5,75,3,3,,1
한국전자통신연구원,씽크루트; 한국과학기술원,69.12,100.0,47.24,100.0,15.38,50,6,2,,1
한국전자통신연구원,한국전자통신연구원;아이디로,68.68,100.0,47.24,100.0,12.5,50,4,2,,1
한국전자통신연구원,재단법인 전통천연물기반 유전자동의보감 사업단; 한국과학기술원,68.57,100.0,47.24,100.0,11.76,50,5,2,,1
한국전자통신연구원,케스피온; 한국전자통신연구원,68.48,100.0,47.24,100.0,11.11,50,5,2,,1
한국전자통신연구원,한국전자통신연구원;이지코리아,68.06,100.0,47.24,100.0,25.0,25,5,1,,1
한국전자통신연구원,한국전자통신연구원; 김영신,68.01,93.6,47.24,100.0,37.5,25,3,1,,1
한국전자통신연구원,도원엔지니어링건축사사무소; 한국과학기술원,67.96,100.0,47.24,100.0,7.69,50,6,2,,1
한국전자통신연구원,에스원; 한국과학기술원,67.62,93.6,47.24,100.0,18.18,50,3,2,,1
한국전자통신연구원,셀레스트라; 울산과학기술원,67.6,100.0,47.24,100.0,5.26,50,4,2,,1
한국전자통신연구원,현대자동차; 기아; 울산과학기술원,67.41,100.0,47.24,100.0,4.0,50,4,2,,1
한국전자통신연구원,한국에너지기술연구원; 한국서부발전,67.39,93.6,47.24,100.0,33.33,25,3,1,,1
한국전자통신연구원,삼성에스디에스; 한국과학기술원,67.2,93.6,47.24,100.0,15.38,50,3,2,,1
한국전자통신연구원,한국건설기술연구원;노바코스,66.96,100.0,47.24,100.0,17.65,25,4,1,,1
한국전자통신연구원,한국건설기술연구원; 인트플로우,66.76,93.6,47.24,100.0,12.5,50,3,2,,1
한국전자통신연구원,한국표준과학연구원; 한국과학기술연구원,66.14,93.6,47.24,100.0,25.0,25,3,1,,1
한국전자통신연구원,한국전자통신연구원; 케이아이씨시스템즈,65.89,93.6,47.24,100.0,6.67,50,3,2,,1
한국전자통신연구원,한국전자통신연구원; 재단법인대구경북과학기술원,65.72,93.6,47.24,100.0,22.22,25,3,1,,1
한국전자통신연구원,아신씨엔티; 한국건설기술연구원,65.25,100.0,47.24,100.0,6.25,25,4,1,,1
한국전자통신연구원,한국전자통신연구원;안랩; 한국서부발전,65.12,93.6,47.24,100.0,18.18,25,3,1,,1
한국전자통신연구원,재단법인 다차원 스마트 아이티 융합시스템 연구단; 한국과학기술원,64.89,93.6,47.24,100.0,16.67,25,3,1,,1
한국전자통신연구원,카이; 한국과학기술원,64.89,93.6,47.24,100.0,16.67,25,3,1,,1
한국전자통신연구원,국방과학연구소; 재단법인대구경북과학기술원,64.53,93.6,47.24,100.0,14.29,25,3,1,,1
한국전자통신연구원,한국전자통신연구원; 한국표준과학연구원,64.53,93.6,47.24,100.0,14.29,25,3,1,,1
한국전자통신연구원,한국전자통신연구원;엠브이테크,64.53,93.6,47.24,100.0,14.29,25,3,1,,1
한국전자통신연구원,학교법인 신일학원,64.31,100.0,47.24,100.0,0.0,25,4,1,,1
한국전자통신연구원,엘지이노텍; 한국전기연구원,63.94,62.4,47.24,100.0,72.73,25,2,1,,1
한국전자통신연구원,마루이엔지; 한국전자통신연구원,63.89,93.6,47.24,100.0,10.0,25,3,1,,1
한국전자통신연구원,한국과학기술원; 삼성전자,63.89,93.6,47.24,100.0,10.0,25,3,1,,1
한국전자통신연구원,한국전력공사; 광주과학기술원,63.89,93.6,47.24,100.0,10.0,25,3,1,,1
한국전자통신연구원,한국과학기술원;리얼아이덴티티,63.75,93.6,47.24,100.0,9.09,25,3,1,,1
한국전자통신연구원,세인; 한국건설기술연구원,63.64,93.6,47.24,100.0,8.33,25,3,1,,1
한국전자통신연구원,엑스골프; 한국과학기술원,63.54,93.6,47.24,100.0,7.69,25,3,1,,1
한국전자통신연구원,광주과학기술원; 고려오트론,62.39,93.6,47.24,100.0,0.0,25,3,1,,1
한국전자통신연구원,솔리드뷰; 울산과학기술원,62.39,93.6,47.24,100.0,0.0,25,3,1,,1
한국전자통신연구원,한화시스템; 광주과학기술원,59.28,62.4,47.24,100.0,25.0,50,2,2,,1
한국전자통신연구원,한국에너지기술연구원; 한국전자통신연구원,59.03,62.4,47.24,100.0,40.0,25,2,1,,1
한국전자통신연구원,한국전자통신연구원; 삼성전자,59.03,62.4,47.24,100.0,40.0,25,2,1,,1
한국전자통신연구원,케이티; 한국과학기술원,58.74,62.4,47.24,100.0,21.43,50,2,2,,1
한국전자통신연구원,한국과학기술원;알피언,58.67,31.2,47.24,100.0,100.0,25,1,1,,1
한국전자통신연구원,한국전자통신연구원; 한국철도공사,58.67,31.2,47.24,100.0,100.0,25,1,1,,1
한국전자통신연구원,한국과학기술원;하트버스,58.53,62.4,47.24,100.0,20.0,50,2,2,,1
한국전자통신연구원,한국방송공사; 한국전자통신연구원;넥스윌,58.03,62.4,47.24,100.0,33.33,25,2,1,,1
한국전자통신연구원,한국전자통신연구원; 샌 디에고 스테이트 유니버시티 리써치 파운데이션,57.53,62.4,47.24,100.0,30.0,25,2,1,,1
한국전자통신연구원,한국과학기술원; 소니 인터랙티브 엔터테인먼트 아메리카 엘엘씨,57.31,62.4,47.24,100.0,28.57,25,2,1,,1
한국전자통신연구원,한국전자통신연구원; 한국기계연구원; 재단법인 파동에너지 극한제어 연구단,57.2,62.4,47.24,100.0,11.11,50,2,2,,1
한국전자통신연구원,광주과학기술원;케이티,56.78,62.4,47.24,100.0,25.0,25,2,1,,1
한국전자통신연구원,피에스텍; 한국에너지기술연구원,56.78,62.4,47.24,100.0,25.0,25,2,1,,1
한국전자통신연구원,한국과학기술원; 재단법인 실감교류인체감응솔루션연구단,56.78,62.4,47.24,100.0,25.0,25,2,1,,1
한국전자통신연구원,한국과학기술원;엘센,56.78,62.4,47.24,100.0,25.0,25,2,1,,1
한국전자통신연구원,한국전자통신연구원; 국방과학연구소,56.78,62.4,47.24,100.0,8.33,50,2,2,,1
한국전자통신연구원,한국전자통신연구원; 울산과학기술원,56.78,62.4,47.24,100.0,25.0,25,2,1,,1
한국전자통신연구원,한국전자통신연구원; 테크니쉐 유니베르시테트 다름슈타트,56.78,62.4,47.24,100.0,25.0,25,2,1,,1
한국전자통신연구원,재단법인 파동에너지 극한제어 연구단; 한국기계연구원,56.6,62.4,47.24,100.0,7.14,50,2,2,,1
한국전자통신연구원,한국전자통신연구원;아팩,56.56,62.4,47.24,100.0,23.53,25,2,1,,1
한국전자통신연구원,한국과학기술원;한국무역정보통신,56.36,62.4,47.24,100.0,22.22,25,2,1,,1
한국전자통신연구원,레신저스; 한국과학기술원,56.03,62.4,47.24,100.0,20.0,25,2,1,,1
한국전자통신연구원,세이프텍리서치; 한국해양과학기술원,55.76,62.4,47.24,100.0,18.18,25,2,1,,1
한국전자통신연구원,재단법인대구경북과학기술원; 울산과학기술원,55.76,62.4,47.24,100.0,18.18,25,2,1,,1
한국전자통신연구원,엘엑스세미콘; 한국과학기술원,55.53,62.4,47.24,100.0,16.67,25,2,1,,1
한국전자통신연구원,한국과학기술연구원; 한국과학기술원,55.53,62.4,47.24,100.0,16.67,25,2,1,,1
한국전자통신연구원,블루타일랩; 한국전자통신연구원,55.17,62.4,47.24,100.0,14.29,25,2,1,,1
한국전자통신연구원,울산과학기술원;유니크닷,54.9,62.4,47.24,100.0,12.5,25,2,1,,1
한국전자통신연구원,학교법인 서남학원,54.9,62.4,47.24,100.0,12.5,25,2,1,,1
한국전자통신연구원,한국과학기술원; 한국과학기술정보연구원,54.9,62.4,47.24,100.0,12.5,25,2,1,,1
한국전자통신연구원,한국전자통신연구원;엔소닉스,54.9,62.4,47.24,100.0,12.5,25,2,1,,1
한국전자통신연구원,한국항공우주연구원; 재단법인대구경북과학기술원,54.9,62.4,47.24,100.0,12.5,25,2,1,,1
한국전자통신연구원,네메시스; 한국과학기술원,54.53,62.4,47.24,100.0,10.0,25,2,1,,1
한국전자통신연구원,에치에프알; 한국과학기술원,54.53,62.4,47.24,100.0,10.0,25,2,1,,1
한국전자통신연구원,재단법인대구경북과학기술원; 한국과학기술원,54.53,62.4,47.24,100.0,10.0,25,2,1,,1
한국전자통신연구원,한국기초과학지원연구원; 기초과학연구원; 광주과학기술원,54.53,62.4,47.24,100.0,10.0,25,2,1,,1
한국전자통신연구원,더웨이브톡; 한국과학기술원,54.39,62.4,47.24,100.0,9.09,25,2,1,,1
한국전자통신연구원,한국과학기술원; 이모션웨이브,54.18,62.4,47.24,100.0,7.69,25,2,1,,1
한국전자통신연구원,한국전자통신연구원;알티솔루션,54.18,62.4,47.24,100.0,7.69,25,2,1,,1
한국전자통신연구원,한국과학기술연구원;아모그린텍,54.1,62.4,47.24,100.0,7.14,25,2,1,,1
한국전자통신연구원,한국과학기술원;플렉스파워,53.91,62.4,47.24,100.0,5.88,25,2,1,,1
한국전자통신연구원,토모큐브; 한국과학기술원,53.03,62.4,47.24,100.0,0.0,25,2,1,,1
한국전자통신연구원,한국건설기술연구원;센서피아,53.03,62.4,47.24,100.0,0.0,25,2,1,,1
한국전자통신연구원,한국건설기술연구원;에이아이브릿지,53.03,62.4,47.24,100.0,0.0,25,2,1,,1
한국전자통신연구원,한국원자력의학원; 한국전자통신연구원; 한국전기연구원,53.03,62.4,47.24,100.0,0.0,25,2,1,,1
한국전자통신연구원,한국전자통신연구원; 한국전자기술연구원,53.03,62.4,47.24,100.0,0.0,25,2,1,,1
한국전자통신연구원,한국무역정보통신; 한국과학기술원,52.67,31.2,47.24,100.0,60.0,25,1,1,,1
한국전자통신연구원,한국생명공학연구원,47.95,31.2,47.24,100.0,28.57,25,1,1,,1
한국전자통신연구원,한국전자통신연구원; 동양이엔피,47.95,31.2,47.24,100.0,28.57,25,1,1,,1
한국전자통신연구원,에이치디한국조선해양; 에이치디현대중공업; 울산과학기술원,47.42,31.2,47.24,100.0,25.0,25,1,1,,1
한국전자통신연구원,포엘; 광주과학기술원,47.42,31.2,47.24,100.0,25.0,25,1,1,,1
한국전자통신연구원,한국전자통신연구원; 내셔널 유니버시티 오브 사이언시즈 앤드 테크놀로지,47.42,31.2,47.24,100.0,25.0,25,1,1,,1
한국전자통신연구원,한국표준과학연구원; 한국전자통신연구원,47.42,31.2,47.24,100.0,25.0,25,1,1,,1
한국전자통신연구원,유비테크; 한국해양과학기술원,47.0,31.2,47.24,100.0,22.22,25,1,1,,1
한국전자통신연구원,휴랜,47.0,31.2,47.24,100.0,22.22,25,1,1,,1
한국전자통신연구원,알고리즘랩스; 한국과학기술원,46.67,31.2,47.24,100.0,20.0,25,1,1,,1
한국전자통신연구원,에이코닉; 광주과학기술원,46.67,31.2,47.24,100.0,20.0,25,1,1,,1
한국전자통신연구원,울산과학기술원; 한국과학기술연구원,46.67,31.2,47.24,100.0,20.0,25,1,1,,1
한국전자통신연구원,폴라리스쓰리디; 한국전자통신연구원,46.67,31.2,47.24,100.0,20.0,25,1,1,,1
한국전자통신연구원,에이치디한국조선해양; 울산과학기술원,46.17,31.2,47.24,100.0,16.67,25,1,1,,1
한국전자통신연구원,한국전자통신연구원; 재단법인 파동에너지 극한제어 연구단; 한국기계연구원,46.17,31.2,47.24,100.0,16.67,25,1,1,,1
한국전자통신연구원,한국전자통신연구원;엘에프씨,46.17,31.2,47.24,100.0,16.67,25,1,1,,1
한국전자통신연구원,한화시스템; 한국과학기술원,46.17,31.2,47.24,100.0,16.67,25,1,1,,1
한국전자통신연구원,학교법인 동의학원,45.81,31.2,47.24,100.0,14.29,25,1,1,,1
한국전자통신연구원,한국과학기술원; 카나비스메디칼,45.81,31.2,47.24,100.0,14.29,25,1,1,,1
한국전자통신연구원,한국과학기술원;니어스랩,45.67,31.2,47.24,100.0,13.33,25,1,1,,1
한국전자통신연구원,파네시아; 한국과학기술원,45.54,31.2,47.24,100.0,12.5,25,1,1,,1
한국전자통신연구원,한국과학기술원; 엘지전자,45.54,31.2,47.24,100.0,12.5,25,1,1,,1
한국전자통신연구원,한국전자통신연구원; 한국산업은행,45.54,31.2,47.24,100.0,12.5,25,1,1,,1
한국전자통신연구원,한국해양과학기술원;이커넥트,45.54,31.2,47.24,100.0,12.5,25,1,1,,1
한국전자통신연구원,한국과학기술원; 코오롱글로벌,45.34,31.2,47.24,100.0,11.11,25,1,1,,1
한국전자통신연구원,에스케이하이닉스; 한국과학기술원,45.17,31.2,47.24,100.0,10.0,25,1,1,,1
한국전자통신연구원,울산과학기술원; 에이치디한국조선해양,45.17,31.2,47.24,100.0,10.0,25,1,1,,1
한국전자통신연구원,칩스앤미디어; 한국전자통신연구원,45.03,31.2,47.24,100.0,9.09,25,1,1,,1
한국전자통신연구원,한국전자통신연구원;디지캡;문화방송,45.03,31.2,47.24,100.0,9.09,25,1,1,,1
한국전자통신연구원,나인와트; 한국에너지기술연구원,44.82,31.2,47.24,100.0,7.69,25,1,1,,1
한국전자통신연구원,현대자동차; 기아; 광주과학기술원,44.74,31.2,47.24,100.0,7.14,25,1,1,,1
한국전자통신연구원,한국해양과학기술원;유비테크,44.42,31.2,47.24,100.0,5.0,25,1,1,,1
한국전자통신연구원,국방과학연구소; 한국생명공학연구원,43.67,31.2,47.24,100.0,0.0,25,1,1,,1
한국전자통신연구원,닛폰호소쿄카이; 한국전자통신연구원,43.67,31.2,47.24,100.0,0.0,25,1,1,,1
한국전자통신연구원,사회복지법인 삼성생명공익재단; 한국화학연구원,43.67,31.2,47.24,100.0,0.0,25,1,1,,1
한국전자통신연구원,삼성전기; 한국과학기술원,43.67,31.2,47.24,100.0,0.0,25,1,1,,1
한국전자통신연구원,엘지디스플레이; 한국과학기술원,43.67,31.2,47.24,100.0,0.0,25,1,1,,1
한국전자통신연구원,한국과학기술연구원;새론테크놀로지,43.67,31.2,47.24,100.0,0.0,25,1,1,,1
한국전자통신연구원,한국과학기술원; 뉴욕 유니버시티 인 아부다비 코포레이션,43.67,31.2,47.24,100.0,0.0,25,1,1,,1
한국전자통신연구원;,한국전자통신연구원,69.93,100.0,47.24,100.0,37.5,25,5,1,,1
한국전자통신연구원; (주) 다이퀘스트; 국립부경대학교,한국전자통신연구원,43.67,31.2,47.24,100.0,0.0,25,1,1,,1
한국전자통신연구원; (주)리본케어; (주)카이미디어; 국민대학교,한국전자통신연구원,64.89,93.6,47.24,100.0,16.67,25,3,1,,1
한국전자통신연구원; (주)카이미디어; 국민대학교,한국과학기술원,46.67,31.2,47.24,100.0,20.0,25,1,1,,1
한국전자통신연구원; 강원대학교,울산과학기술원,68.06,100.0,47.24,100.0,25.0,25,4,1,,1
한국전자통신연구원; 강원대학교,한국화학연구원,47.0,31.2,47.24,100.0,22.22,25,1,1,,1
한국전자통신연구원; 강원대학교,한국전자통신연구원,45.54,31.2,47.24,100.0,12.5,25,1,1,,1
한국전자통신연구원; 강원대학교,재단법인대구경북과학기술원,43.67,31.2,47.24,100.0,0.0,25,1,1,,1
한국전자통신연구원; 건국대학교,재단법인대구경북과학기술원,65.98,100.0,47.24,100.0,11.11,25,4,1,,1
한국전자통신연구원; 건양대학교,사회복지법인 삼성생명공익재단; 한국과학기술원,55.17,62.4,47.24,100.0,14.29,25,2,1,,1
한국전자통신연구원; 경기대학교,한국전자통신연구원,64.26,93.6,47.24,100.0,12.5,25,3,1,,1
한국전자통신연구원; 경북대학교,한국전자통신연구원,79.31,100.0,47.24,100.0,50.0,100,6,4,,1
한국전자통신연구원; 경북대학교,나우로보틱스; 재단법인대구경북과학기술원,61.6,62.4,47.24,100.0,57.14,25,2,1,,1
한국전자통신연구원; 경북대학교,울산과학기술원,45.81,31.2,47.24,100.0,14.29,25,1,1,,1
한국전자통신연구원; 경희대학교,한국전자통신연구원,73.95,100.0,47.24,100.0,14.29,100,15,10,,1
한국전자통신연구원; 경희대학교,한국과학기술원,71.34,100.0,47.24,100.0,13.51,75,6,3,,1
한국전자통신연구원; 경희대학교,한국과학기술연구원; 한국화학연구원,53.03,62.4,47.24,100.0,0.0,25,2,1,,1
한국전자통신연구원; 경희대학교,한국표준과학연구원,45.67,31.2,47.24,100.0,13.33,25,1,1,,1
한국전자통신연구원; 경희대학교,한국과학기술연구원,44.74,31.2,47.24,100.0,7.14,25,1,1,,1
한국전자통신연구원; 고려대학교,한국전자통신연구원,73.63,100.0,47.24,100.0,12.12,100,14,4,,1
한국전자통신연구원; 고려대학교,재단법인대구경북과학기술원,71.81,100.0,47.24,100.0,33.33,50,5,2,,1
한국전자통신연구원; 고려대학교,한국과학기술원,68.24,100.0,47.24,100.0,9.52,50,4,2,,1
한국전자통신연구원; 고려대학교,엘엑스세미콘; 한국과학기술원,62.39,93.6,47.24,100.0,0.0,25,3,1,,1
한국전자통신연구원; 고려대학교,한국기계연구원,54.1,62.4,47.24,100.0,7.14,25,2,1,,1
한국전자통신연구원; 광운대학교,한국전자통신연구원,74.27,100.0,47.24,100.0,16.42,100,33,10,,1
한국전자통신연구원; 광운대학교,한국전자통신연구원; 한국전자기술연구원,66.81,100.0,47.24,100.0,16.67,25,5,1,,1
한국전자통신연구원; 광운대학교,한국전자통신연구원; 광주과학기술원,54.9,62.4,47.24,100.0,12.5,25,2,1,,1
한국전자통신연구원; 광운대학교,재단법인대구경북과학기술원,53.03,62.4,47.24,100.0,0.0,25,2,1,,1
한국전자통신연구원; 광주대학교,한국전자통신연구원,54.7,62.4,47.24,100.0,11.11,25,2,1,,1
한국전자통신연구원; 국립강릉원주대학교,울산과학기술원,66.81,100.0,47.24,100.0,16.67,25,5,1,,1
한국전자통신연구원; 국립경국대학교,한국항공우주산업; 한국과학기술원,64.06,93.6,47.24,100.0,11.11,25,3,1,,1
한국전자통신연구원; 국립경국대학교,한국기계연구원,53.03,62.4,47.24,100.0,0.0,25,2,1,,1
한국전자통신연구원; 국립목포대학교,한국과학기술원,45.54,31.2,47.24,100.0,12.5,25,1,1,,1
한국전자통신연구원; 국립목포대학교,재단법인대구경북과학기술원,44.74,31.2,47.24,100.0,7.14,25,1,1,,1
한국전자통신연구원; 국립목포해양대학교,울산과학기술원,44.92,31.2,47.24,100.0,8.33,25,1,1,,1
한국전자통신연구원; 국립부경대학교,한국과학기술원,65.39,93.6,47.24,100.0,20.0,25,3,1,,1
한국전자통신연구원; 국립부경대학교,국방과학연구소; 한국과학기술원,54.53,62.4,47.24,100.0,10.0,25,2,1,,1
한국전자통신연구원; 국립창원대학교,한국전자통신연구원,74.18,100.0,47.24,100.0,15.79,100,13,4,,1
한국전자통신연구원; 국립한국교통대학교,한국전자통신연구원,55.17,62.4,47.24,100.0,14.29,25,2,1,,1
한국전자통신연구원; 국립한국해양대학교,한국해양과학기술원,56.36,62.4,47.24,100.0,22.22,25,2,1,,1
한국전자통신연구원; 국립한국해양대학교,한국전자통신연구원,56.03,62.4,47.24,100.0,20.0,25,2,1,,1
한국전자통신연구원; 국민대학교,엘엑스세미콘; 한국과학기술원,62.39,93.6,47.24,100.0,0.0,25,3,1,,1
한국전자통신연구원; 동국대학교,한국전자통신연구원,73.17,100.0,47.24,100.0,9.09,100,9,7,,1
한국전자통신연구원; 동국대학교,한국표준과학연구원,63.89,93.6,47.24,100.0,10.0,25,3,1,,1
한국전자통신연구원; 동국대학교,한국기계연구원,56.78,62.4,47.24,100.0,25.0,25,2,1,,1
한국전자통신연구원; 동국대학교,한국과학기술원,45.54,31.2,47.24,100.0,12.5,25,1,1,,1
한국전자통신연구원; 명지대학교,한국전자통신연구원,57.84,62.4,47.24,100.0,15.38,50,2,2,,1
한국전자통신연구원; 배재대학교,한국전자통신연구원,58.03,62.4,47.24,100.0,33.33,25,2,1,,1
한국전자통신연구원; 배재대학교,한국과학기술원,53.03,62.4,47.24,100.0,0.0,25,2,1,,1
한국전자통신연구원; 배재대학교,한국과학기술원; 소니 인터랙티브 엔터테인먼트 아메리카 엘엘씨,53.03,62.4,47.24,100.0,0.0,25,2,1,,1
한국전자통신연구원; 부산대학교,한국전자통신연구원,72.12,100.0,47.24,100.0,18.75,75,6,3,,1
한국전자통신연구원; 부산대학교,재단법인대구경북과학기술원,46.17,31.2,47.24,100.0,16.67,25,1,1,,1
한국전자통신연구원; 부산대학교,한국과학기술원,46.17,31.2,47.24,100.0,16.67,25,1,1,,1
한국전자통신연구원; 부산대학교,한국전기연구원,43.67,31.2,47.24,100.0,0.0,25,1,1,,1
한국전자통신연구원; 서강대학교,한국전자통신연구원,46.67,31.2,47.24,100.0,20.0,25,1,1,,1
한국전자통신연구원; 서울과학기술대학교,한국전자통신연구원,67.52,100.0,47.24,100.0,4.76,50,5,2,,1
한국전자통신연구원; 서울대학교,광주과학기술원,66.67,93.6,47.24,100.0,28.57,25,3,1,,1
한국전자통신연구원; 서울대학교,한국전자통신연구원,43.67,31.2,47.24,100.0,0.0,25,1,1,,1
한국전자통신연구원; 서울시립대학교,한국전자통신연구원,66.68,100.0,47.24,100.0,15.79,25,12,1,,1
한국전자통신연구원; 서울시립대학교,한국건설기술연구원,64.89,93.6,47.24,100.0,16.67,25,3,1,,1
한국전자통신연구원; 서울여자대학교,한국전자통신연구원,64.7,93.6,47.24,100.0,15.38,25,3,1,,1
한국전자통신연구원; 성균관대학교,한국과학기술원,55.53,62.4,47.24,100.0,16.67,25,2,1,,1
한국전자통신연구원; 성균관대학교,한국전자통신연구원,45.98,31.2,47.24,100.0,15.38,25,1,1,,1
한국전자통신연구원; 성균관대학교,광주과학기술원,45.81,31.2,47.24,100.0,14.29,25,1,1,,1
한국전자통신연구원; 세종대학교,재단법인대구경북과학기술원,68.77,100.0,47.24,100.0,13.04,50,5,2,,1
한국전자통신연구원; 세종대학교,한국전자통신연구원,68.61,100.0,47.24,100.0,12.0,50,6,2,,1
한국전자통신연구원; 세종대학교,국방과학연구소; 광주과학기술원,48.67,31.2,47.24,100.0,33.33,25,1,1,,1
한국전자통신연구원; 세종대학교,광주과학기술원,43.67,31.2,47.24,100.0,0.0,25,1,1,,1
한국전자통신연구원; 숭실대학교,한국과학기술원,70.56,100.0,47.24,100.0,25.0,50,4,2,,1
한국전자통신연구원; 숭실대학교,한국전자통신연구원,69.6,100.0,47.24,100.0,35.29,25,4,1,,1
한국전자통신연구원; 아주대학교,한국전자통신연구원,47.0,31.2,47.24,100.0,22.22,25,1,1,,1
한국전자통신연구원; 연세대학교,한국전자통신연구원,73.59,100.0,47.24,100.0,11.9,100,8,4,,1
한국전자통신연구원; 연세대학교,한국과학기술원,64.53,93.6,47.24,100.0,14.29,25,3,1,,1
한국전자통신연구원; 연세대학교,한국전기연구원,55.17,62.4,47.24,100.0,14.29,25,2,1,,1
한국전자통신연구원; 연세대학교,재단법인대구경북과학기술원,53.03,62.4,47.24,100.0,0.0,25,2,1,,1
한국전자통신연구원; 연세대학교 미래,한국전자통신연구원,72.29,100.0,47.24,100.0,3.23,100,10,5,,1
한국전자통신연구원; 연세대학교 미래,한국전기연구원,43.67,31.2,47.24,100.0,0.0,25,1,1,,1
한국전자통신연구원; 울산과학기술원,한국화학연구원,43.67,31.2,47.24,100.0,0.0,25,1,1,,1
한국전자통신연구원; 울산대학교,한국과학기술원,66.96,100.0,47.24,100.0,17.65,25,5,1,,1
한국전자통신연구원; 울산대학교,한국과학기술연구원,66.45,100.0,47.24,100.0,14.29,25,4,1,,1
한국전자통신연구원; 울산대학교,한국화학연구원,54.7,62.4,47.24,100.0,11.11,25,2,1,,1
한국전자통신연구원; 울산대학교,한국전자통신연구원,46.67,31.2,47.24,100.0,20.0,25,1,1,,1
한국전자통신연구원; 이화여자대학교,한국전자통신연구원,71.28,100.0,47.24,100.0,13.16,75,17,3,,1
한국전자통신연구원; 이화여자대학교,한국과학기술원,62.39,93.6,47.24,100.0,0.0,25,3,1,,1
한국전자통신연구원; 이화여자대학교,울산과학기술원,46.17,31.2,47.24,100.0,16.67,25,1,1,,1
한국전자통신연구원; 인하대학교,한국전자통신연구원,66.81,100.0,47.24,100.0,0.0,50,4,2,,1
한국전자통신연구원; 인하대학교,재단법인대구경북과학기술원,64.53,93.6,47.24,100.0,14.29,25,3,1,,1
한국전자통신연구원; 인하대학교,한국과학기술원,62.39,93.6,47.24,100.0,0.0,25,3,1,,1
한국전자통신연구원; 인하대학교,광주과학기술원,55.17,62.4,47.24,100.0,14.29,25,2,1,,1
한국전자통신연구원; 재단법인대구경북과학기술원; 주식회사 엘지에너지솔루션; 한양대학교 에리카,한국전자통신연구원,47.95,31.2,47.24,100.0,28.57,25,1,1,,1
한국전자통신연구원; 전남대학교,한국과학기술연구원,49.29,31.2,47.24,100.0,37.5,25,1,1,,1
한국전자통신연구원; 전남대학교,한국전기연구원,48.67,31.2,47.24,100.0,33.33,25,1,1,,1
한국전자통신연구원; 전북대학교,한국전자통신연구원,58.26,62.4,47.24,100.0,18.18,50,2,2,,1
한국전자통신연구원; 전북대학교,한국과학기술원,55.53,62.4,47.24,100.0,16.67,25,2,1,,1
한국전자통신연구원; 전북대학교,아모센스; 한국과학기술원,46.17,31.2,47.24,100.0,16.67,25,1,1,,1
한국전자통신연구원; 제주대학교,한국전자통신연구원,66.56,93.6,47.24,100.0,11.11,50,3,2,,1
한국전자통신연구원; 제주대학교,한국해양과학기술원,44.82,31.2,47.24,100.0,7.69,25,1,1,,1
한국전자통신연구원; 중앙대학교,울산과학기술원,45.81,31.2,47.24,100.0,14.29,25,1,1,,1
한국전자통신연구원; 중앙대학교,재단법인대구경북과학기술원,44.74,31.2,47.24,100.0,7.14,25,1,1,,1
한국전자통신연구원; 충남대학교,한국전자통신연구원,68.01,100.0,47.24,100.0,8.0,50,4,2,,1
한국전자통신연구원; 충북대학교,재단법인대구경북과학기술원,43.67,31.2,47.24,100.0,0.0,25,1,1,,1
한국전자통신연구원; 포항공과대학교,광주과학기술원,69.62,100.0,47.24,100.0,18.75,50,5,2,,1
한국전자통신연구원; 포항공과대학교,한국과학기술원,60.53,62.4,47.24,100.0,33.33,50,2,2,,1
한국전자통신연구원; 포항공과대학교,돌봄드림; 한국과학기술원,47.42,31.2,47.24,100.0,25.0,25,1,1,,1
한국전자통신연구원; 포항공과대학교,한국전자통신연구원,46.17,31.2,47.24,100.0,16.67,25,1,1,,1
한국전자통신연구원; 포항공과대학교,삼성전자; 한국과학기술원,45.54,31.2,47.24,100.0,12.5,25,1,1,,1
한국전자통신연구원; 한국항공대학교,한국전자통신연구원,75.83,100.0,47.24,100.0,26.83,100,9,5,,1
한국전자통신연구원; 한동대학교,한국전자통신연구원,43.67,31.2,47.24,100.0,0.0,25,1,1,,1
한국전자통신연구원; 한양대학교,한국전기연구원,77.39,93.6,47.24,100.0,100.0,25,3,1,,1
한국전자통신연구원; 한양대학교,한국전자통신연구원,75.38,100.0,47.24,100.0,23.81,100,13,8,,1
한국전자통신연구원; 한양대학교,한국과학기술원,71.14,93.6,47.24,100.0,41.67,50,3,2,,1
한국전자통신연구원; 한양대학교,한국전자통신연구원;알티솔루션,56.78,62.4,47.24,100.0,25.0,25,2,1,,1
한국전자통신연구원; 한양대학교,한국과학기술연구원,54.9,62.4,47.24,100.0,12.5,25,2,1,,1
한국전자통신연구원; 홍익대학교,한국전자통신연구원,63.03,62.4,47.24,100.0,66.67,25,2,1,,1
한국조폐공사,울산과학기술원,64.31,100.0,47.24,100.0,0.0,25,7,1,,1
한국중부발전(주),한국에너지기술연구원,46.88,31.2,47.24,100.0,21.43,25,1,1,,1
한국지역난방공사; 국립공주대학교,한국에너지기술연구원,57.53,62.4,47.24,100.0,30.0,25,2,1,,1
한국지역난방공사; 수원대학교,한국건설기술연구원,46.67,31.2,47.24,100.0,20.0,25,1,1,,1
한국지역난방공사; 홍익대학교,한국전기연구원,56.78,62.4,47.24,100.0,25.0,25,2,1,,1
한국지역난방공사; 홍익대학교,한국에너지기술연구원,47.42,31.2,47.24,100.0,25.0,25,1,1,,1
한국지질자원연구원,한국지질자원연구원,79.8,100.0,47.24,100.0,53.29,100,2022,555,,1
한국지질자원연구원,한국전기연구원,76.52,100.0,47.24,100.0,31.37,100,30,6,,1
한국지질자원연구원,한국과학기술연구원,75.97,100.0,47.24,100.0,27.75,100,97,42,,1
한국지질자원연구원,한국화학연구원,75.93,100.0,47.24,100.0,27.5,100,8,5,,1
한국지질자원연구원,한국전자통신연구원,75.2,100.0,47.24,100.0,22.58,100,10,5,,1
한국지질자원연구원,한국에너지기술연구원,75.08,100.0,47.24,100.0,21.77,100,27,17,,1
한국지질자원연구원,한국해양과학기술원,75.07,100.0,47.24,100.0,21.76,100,88,42,,1
한국지질자원연구원,한국건설기술연구원,74.69,100.0,47.24,100.0,19.19,100,66,27,,1
한국지질자원연구원,세화이에스; 한국지질자원연구원,74.54,100.0,47.24,100.0,18.18,100,10,6,,1
한국지질자원연구원,한국원자력연구원,74.27,100.0,47.24,100.0,16.43,100,53,27,,1
한국지질자원연구원,한국과학기술원,74.17,100.0,47.24,100.0,15.71,100,35,18,,1
한국지질자원연구원,한국기계연구원,74.06,100.0,47.24,100.0,15.0,100,13,7,,1
한국지질자원연구원,한국표준과학연구원,73.52,100.0,47.24,100.0,11.43,100,10,5,,1
한국지질자원연구원,한국지질자원연구원;희송지오텍,73.4,100.0,47.24,100.0,27.27,75,7,3,,1
한국지질자원연구원,한국지질자원연구원; 한일시멘트,73.31,100.0,47.24,100.0,10.0,100,17,4,,1
한국지질자원연구원,울산과학기술원,72.77,100.0,47.24,100.0,23.08,75,4,3,,1
한국지질자원연구원,한국지질자원연구원;케이에이티,72.69,100.0,47.24,100.0,5.88,100,11,5,,1
한국지질자원연구원,한국지질자원연구원;지오뷰,71.81,100.0,47.24,100.0,33.33,50,5,2,,1
한국지질자원연구원,한국지질자원연구원; 한국재료연구원,71.39,93.6,47.24,100.0,60.0,25,3,1,,1
한국지질자원연구원,한국지질자원연구원;세화이에스,71.39,93.6,47.24,100.0,60.0,25,3,1,,1
한국지질자원연구원,한국과학기술원;싸이트로닉,71.31,100.0,47.24,100.0,30.0,50,4,2,,1
한국지질자원연구원,지오뷰; 한국지질자원연구원,70.56,100.0,47.24,100.0,25.0,50,6,2,,1
한국지질자원연구원,한국지질자원연구원;뉴그린,70.56,100.0,47.24,100.0,8.33,75,6,3,,1
한국지질자원연구원,한국기계연구원; 한국지질자원연구원,68.81,100.0,47.24,100.0,13.33,50,4,2,,1
한국지질자원연구원,이지마이닝; 울산과학기술원,68.17,100.0,47.24,100.0,9.09,50,4,2,,1
한국지질자원연구원,한국전력공사; 한국과학기술원,67.89,93.6,47.24,100.0,20.0,50,3,2,,1
한국지질자원연구원,재단법인대구경북과학기술원,66.81,100.0,47.24,100.0,0.0,50,4,2,,1
한국지질자원연구원,한국지질자원연구원;뉴그린;효정환경,66.45,100.0,47.24,100.0,14.29,25,5,1,,1
한국지질자원연구원,한국연안환경생태연구소; 한국해양과학기술원,66.14,93.6,47.24,100.0,25.0,25,3,1,,1
한국지질자원연구원,한국식품연구원,65.6,93.6,47.24,100.0,4.76,50,3,2,,1
한국지질자원연구원,한국지질자원연구원; 삼양에코너지; 삼양이엔피,65.39,93.6,47.24,100.0,20.0,25,3,1,,1
한국지질자원연구원,한국지질자원연구원;지앤지테크놀러지,64.89,93.6,47.24,100.0,0.0,50,3,2,,1
한국지질자원연구원,한국지질자원연구원;디엠씨엠,62.39,93.6,47.24,100.0,0.0,25,3,1,,1
한국지질자원연구원,"한국지질자원연구원; 네오 사이언스 코., 엘티디.",60.53,62.4,47.24,100.0,50.0,25,2,1,,1
한국지질자원연구원,한국지질자원연구원; 지얼라지컬 서베이 오브 오스트리아,59.46,62.4,47.24,100.0,42.86,25,2,1,,1
한국지질자원연구원,광주과학기술원,59.13,62.4,47.24,100.0,24.0,50,2,2,,1
한국지질자원연구원,코나솔; 한국과학기술원,55.53,62.4,47.24,100.0,0.0,50,2,2,,1
한국지질자원연구원,신한항업; 한국건설기술연구원,54.39,62.4,47.24,100.0,9.09,25,2,1,,1
한국지질자원연구원,한국건설기술연구원; 유니넷텍,54.28,62.4,47.24,100.0,8.33,25,2,1,,1
한국지질자원연구원,사단법인 한국건설사회환경학회; 한국과학기술원,53.03,62.4,47.24,100.0,0.0,25,2,1,,1
한국지질자원연구원,한국과학기술연구원; 재단법인대구경북과학기술원; 한국기계연구원,53.03,62.4,47.24,100.0,0.0,25,2,1,,1
한국지질자원연구원,한국원자력연구원; 한국수력원자력,53.03,62.4,47.24,100.0,0.0,25,2,1,,1
한국지질자원연구원,한국지질자원연구원; 산수그린텍,53.03,62.4,47.24,100.0,0.0,25,2,1,,1
한국지질자원연구원,한국지질자원연구원; 대전광역시,47.95,31.2,47.24,100.0,28.57,25,1,1,,1
한국지질자원연구원,한일시멘트; 한국지질자원연구원,44.82,31.2,47.24,100.0,7.69,25,1,1,,1
한국지질자원연구원,울산과학기술원;솔라라이트,44.46,31.2,47.24,100.0,5.26,25,1,1,,1
한국지질자원연구원,한국건설기술연구원;넥스지오,43.67,31.2,47.24,100.0,0.0,25,1,1,,1
한국지질자원연구원,한국생명공학연구원,43.67,31.2,47.24,100.0,0.0,25,1,1,,1
한국지질자원연구원; 강원대학교,한국건설기술연구원,44.74,31.2,47.24,100.0,7.14,25,1,1,,1
한국지질자원연구원; 고려대학교,한국지질자원연구원,63.03,62.4,47.24,100.0,66.67,25,2,1,,1
한국철강 주식회사,한국과학기술원,71.81,100.0,47.24,100.0,16.67,75,5,3,,1
한국철강 주식회사,삼원액트; 한국기계연구원,53.03,62.4,47.24,100.0,0.0,25,2,1,,1
한국철도기술연구원,한국표준과학연구원; 한화오션,69.54,100.0,47.24,100.0,18.18,50,4,2,,1
한국철도기술연구원,한국원자력연구원,43.67,31.2,47.24,100.0,0.0,25,1,1,,1
한국철도기술연구원; 경기대학교,한국기계연구원,45.54,31.2,47.24,100.0,12.5,25,1,1,,1
한국철도기술연구원; 배재대학교,한국건설기술연구원,45.17,31.2,47.24,100.0,10.0,25,1,1,,1
한국철도기술연구원; 배재대학교,한국과학기술원,43.67,31.2,47.24,100.0,0.0,25,1,1,,1
한국철도기술연구원; 조선대학교,한국건설기술연구원,46.67,31.2,47.24,100.0,20.0,25,1,1,,1
한국철도기술연구원; 중앙대학교,한국과학기술연구원,72.43,100.0,47.24,100.0,37.5,50,6,2,,1
한국토지주택공사; 국립공주대학교,한국건설기술연구원,66.14,93.6,47.24,100.0,25.0,25,3,1,,1
한국폴리텍7대학,재단법인대구경북과학기술원,48.67,31.2,47.24,100.0,33.33,25,1,1,,1
한국폴리텍7대학,한국기계연구원,48.67,31.2,47.24,100.0,33.33,25,1,1,,1
한국폴리텍IV대학,한국원자력연구원,45.34,31.2,47.24,100.0,11.11,25,1,1,,1
한국표준과학연구원,한국표준과학연구원,78.67,100.0,47.24,100.0,45.77,100,1356,417,,1
한국표준과학연구원,한국과학기술원,75.37,100.0,47.24,100.0,23.77,100,98,51,,1
한국표준과학연구원,한국기계연구원,75.25,100.0,47.24,100.0,22.96,100,112,42,,1
한국표준과학연구원,한국화학연구원,75.18,100.0,47.24,100.0,22.5,100,8,5,,1
한국표준과학연구원,한국표준과학연구원;노비텍,75.14,100.0,47.24,100.0,22.22,100,9,4,,1
한국표준과학연구원,한국표준과학연구원;바투잼,75.02,100.0,47.24,100.0,21.43,100,8,4,,1
한국표준과학연구원,한국전자통신연구원,74.64,100.0,47.24,100.0,18.85,100,36,21,,1
한국표준과학연구원,한국건설기술연구원,74.52,100.0,47.24,100.0,18.07,100,28,10,,1
한국표준과학연구원,한국원자력연구원,74.51,100.0,47.24,100.0,18.01,100,61,28,,1
한국표준과학연구원,한국해양과학기술원,74.41,100.0,47.24,100.0,17.31,100,13,7,,1
한국표준과학연구원,한국과학기술연구원,74.35,100.0,47.24,100.0,16.97,100,38,20,,1
한국표준과학연구원,한국전기연구원,74.23,100.0,47.24,100.0,16.13,100,15,10,,1
한국표준과학연구원,한국에너지기술연구원,74.11,100.0,47.24,100.0,15.31,100,23,11,,1
한국표준과학연구원,한국지질자원연구원,74.1,100.0,47.24,100.0,15.25,100,23,10,,1
한국표준과학연구원,울산과학기술원,73.81,100.0,47.24,100.0,13.33,100,30,14,,1
한국표준과학연구원,재단법인대구경북과학기술원,73.19,100.0,47.24,100.0,9.21,100,17,10,,1
한국표준과학연구원,광주과학기술원,72.84,100.0,47.24,100.0,6.85,100,18,9,,1
한국표준과학연구원,한국과학기술연구원; 재단법인 실감교류인체감응솔루션연구단,72.52,100.0,47.24,100.0,21.43,75,5,3,,1
한국표준과학연구원,한국표준과학연구원; 한국생산기술연구원; 한국화학연구원,71.96,100.0,47.24,100.0,17.65,75,7,3,,1
한국표준과학연구원,한국표준과학연구원; 한국 한의학 연구원,70.9,100.0,47.24,100.0,27.27,50,4,2,,1
한국표준과학연구원,한국표준과학연구원;싸이트로닉,70.14,100.0,47.24,100.0,22.22,50,4,2,,1
한국표준과학연구원,한국건설기술연구원;센서피아,69.31,100.0,47.24,100.0,33.33,25,4,1,,1
한국표준과학연구원,한국기계연구원; 한국과학기술원,69.06,100.0,47.24,100.0,15.0,50,4,2,,1
한국표준과학연구원,켄텍; 한국표준과학연구원,67.39,93.6,47.24,100.0,33.33,25,3,1,,1
한국표준과학연구원,한국건설기술연구원;신우엔지니어링;베이시스소프트,67.04,100.0,47.24,100.0,18.18,25,4,1,,1
한국표준과학연구원,한국표준과학연구원;에이치에스씨엠티,66.18,100.0,47.24,100.0,12.5,25,4,1,,1
한국표준과학연구원,한국표준과학연구원; 한국철도공사;엘라켐,65.46,100.0,47.24,100.0,7.69,25,4,1,,1
한국표준과학연구원,한국과학기술원; 코오롱인더스트리,65.39,93.6,47.24,100.0,20.0,25,3,1,,1
한국표준과학연구원,한국표준과학연구원; 한화오션,64.89,93.6,47.24,100.0,16.67,25,3,1,,1
한국표준과학연구원,파코코리아인더스; 한국과학기술원,64.39,93.6,47.24,100.0,13.33,25,3,1,,1
한국표준과학연구원,광주과학기술원;제토;엑사토,64.31,100.0,47.24,100.0,0.0,25,4,1,,1
한국표준과학연구원,지오룩스; 한국지질자원연구원,64.26,93.6,47.24,100.0,12.5,25,3,1,,1
한국표준과학연구원,한국표준과학연구원; 한빛이디에스,64.06,93.6,47.24,100.0,11.11,25,3,1,,1
한국표준과학연구원,한국과학기술연구원; 한국표준과학연구원,62.39,93.6,47.24,100.0,0.0,25,3,1,,1
한국표준과학연구원,한국생명공학연구원; 재단법인 바이오나노헬스가드연구단,58.86,62.4,47.24,100.0,22.22,50,2,2,,1
한국표준과학연구원,울산과학기술원; 한국과학기술연구원,58.53,62.4,47.24,100.0,20.0,50,2,2,,1
한국표준과학연구원,한국표준과학연구원; ㈜넥센서,57.4,62.4,47.24,100.0,12.5,50,2,2,,1
한국표준과학연구원,한국에너지기술연구원; 한국과학기술원,57.11,62.4,47.24,100.0,10.53,50,2,2,,1
한국표준과학연구원,한국표준과학연구원; 울산과학기술원,56.03,62.4,47.24,100.0,20.0,25,2,1,,1
한국표준과학연구원,엘지에너지솔루션; 한국과학기술원,55.53,62.4,47.24,100.0,16.67,25,2,1,,1
한국표준과학연구원,한국표준과학연구원; 한국과학기술연구원; 한국기초과학지원연구원,54.9,62.4,47.24,100.0,12.5,25,2,1,,1
한국표준과학연구원,울산과학기술원; 에스케이이노베이션,54.28,62.4,47.24,100.0,8.33,25,2,1,,1
한국표준과학연구원,한국표준과학연구원; 아이알스펙트라,54.18,62.4,47.24,100.0,7.69,25,2,1,,1
한국표준과학연구원,아모레퍼시픽; 재단법인대구경북과학기술원,53.97,62.4,47.24,100.0,6.25,25,2,1,,1
한국표준과학연구원,울산과학기술원; 한국전자통신연구원,53.03,62.4,47.24,100.0,0.0,25,2,1,,1
한국표준과학연구원,한국표준과학연구원; 한국에너지기술연구원,53.03,62.4,47.24,100.0,0.0,25,2,1,,1
한국표준과학연구원,한국과학기술원; 삼성중공업,51.17,31.2,47.24,100.0,50.0,25,1,1,,1
한국표준과학연구원,한국표준과학연구원; 광주과학기술원,51.17,31.2,47.24,100.0,50.0,25,1,1,,1
한국표준과학연구원,"한국표준과학연구원; 버지니아 테크 인터렉추얼 프라퍼티스, 인크.",47.76,31.2,47.24,100.0,27.27,25,1,1,,1
한국표준과학연구원,한국과학기술원; 윈텔코퍼레이션,47.42,31.2,47.24,100.0,25.0,25,1,1,,1
한국표준과학연구원,액트로,46.67,31.2,47.24,100.0,20.0,25,1,1,,1
한국표준과학연구원,한국과학기술원;아스토,46.67,31.2,47.24,100.0,20.0,25,1,1,,1
한국표준과학연구원,한국표준과학연구원; 한국철도공사,46.67,31.2,47.24,100.0,20.0,25,1,1,,1
한국표준과학연구원,울산과학기술원; 듀크 유니버시티,46.17,31.2,47.24,100.0,16.67,25,1,1,,1
한국표준과학연구원,한국해양과학기술원;답스,46.17,31.2,47.24,100.0,16.67,25,1,1,,1
한국표준과학연구원,학교법인 도시샤; 도와 홀딩스 가부시키가이샤,45.67,31.2,47.24,100.0,13.33,25,1,1,,1
한국표준과학연구원,한국표준과학연구원;켄텍,45.54,31.2,47.24,100.0,12.5,25,1,1,,1
한국표준과학연구원,한국화학연구원; 한국과학기술연구원,45.34,31.2,47.24,100.0,11.11,25,1,1,,1
한국표준과학연구원,토모큐브; 한국과학기술원,45.17,31.2,47.24,100.0,10.0,25,1,1,,1
한국표준과학연구원,한국생명공학연구원,45.17,31.2,47.24,100.0,10.0,25,1,1,,1
한국표준과학연구원,삼성디스플레이; 한국과학기술원,43.67,31.2,47.24,100.0,0.0,25,1,1,,1
한국표준과학연구원,재단법인대구경북과학기술원; 한국과학기술원,43.67,31.2,47.24,100.0,0.0,25,1,1,,1
한국표준과학연구원,테그웨이; 한국과학기술원,43.67,31.2,47.24,100.0,0.0,25,1,1,,1
한국표준과학연구원,한국전자통신연구원; 한국과학기술원,43.67,31.2,47.24,100.0,0.0,25,1,1,,1
한국표준과학연구원,한국표준과학연구원; 한국과학기술원,43.67,31.2,47.24,100.0,0.0,25,1,1,,1
한국표준과학연구원; 부산대학교,한국표준과학연구원,62.39,93.6,47.24,100.0,0.0,25,3,1,,1
한국표준과학연구원; 부산대학교,광주과학기술원; 국방과학연구소,46.67,31.2,47.24,100.0,20.0,25,1,1,,1
한국표준과학연구원; 서울대학교,한국표준과학연구원,66.45,100.0,47.24,100.0,14.29,25,4,1,,1
한국표준과학연구원; 연세대학교,한국과학기술원,47.0,31.2,47.24,100.0,22.22,25,1,1,,1
한국표준과학연구원; 연세대학교,한국표준과학연구원,43.67,31.2,47.24,100.0,0.0,25,1,1,,1
한국표준과학연구원; 재단법인 아산사회복지재단; 대구가톨릭대학교,한국표준과학연구원,62.39,93.6,47.24,100.0,0.0,25,3,1,,1
한국표준과학연구원; 중앙대학교,한국표준과학연구원,69.81,100.0,47.24,100.0,20.0,50,5,2,,1
한국표준과학연구원; 중앙대학교,현대자동차; 울산과학기술원,58.03,62.4,47.24,100.0,33.33,25,2,1,,1
한국표준과학연구원; 중앙대학교,한국건설기술연구원,45.03,31.2,47.24,100.0,9.09,25,1,1,,1
한국항공대학교,한국과학기술원,75.34,100.0,47.24,100.0,23.53,100,18,7,,1
한국항공대학교,한국전자통신연구원,74.59,100.0,47.24,100.0,18.54,100,66,28,,1
한국항공대학교,한국기계연구원,74.43,100.0,47.24,100.0,17.5,100,6,4,,1
한국항공대학교,울산과학기술원,73.95,100.0,47.24,100.0,14.29,100,24,11,,1
한국항공대학교,한국과학기술연구원,70.02,100.0,47.24,100.0,21.43,50,6,2,,1
한국항공대학교,한국원자력연구원,68.82,93.6,47.24,100.0,42.86,25,3,1,,1
한국항공대학교,아모센스; 한국과학기술원,63.89,93.6,47.24,100.0,10.0,25,3,1,,1
한국항공대학교,옴니벤트; 한국건설기술연구원,63.39,93.6,47.24,100.0,6.67,25,3,1,,1
한국항공대학교,재단법인대구경북과학기술원,63.07,93.6,47.24,100.0,4.55,25,3,1,,1
한국항공대학교,한국전기연구원,58.48,62.4,47.24,100.0,36.36,25,2,1,,1
한국항공대학교,현대자동차; 기아; 울산과학기술원,54.9,62.4,47.24,100.0,12.5,25,2,1,,1
한국항공대학교,한국해양과학기술원,54.7,62.4,47.24,100.0,11.11,25,2,1,,1
한국항공대학교,국방과학연구소; 광주과학기술원,54.39,62.4,47.24,100.0,9.09,25,2,1,,1
한국항공대학교,엘지에너지솔루션; 한국과학기술원,53.67,31.2,47.24,100.0,66.67,25,1,1,,1
한국항공대학교,삼성디스플레이; 울산과학기술원,49.67,31.2,47.24,100.0,40.0,25,1,1,,1
한국항공대학교,한국에너지기술연구원,47.76,31.2,47.24,100.0,27.27,25,1,1,,1
한국항공대학교,한국건설기술연구원,46.67,31.2,47.24,100.0,20.0,25,1,1,,1
한국항공대학교,한국원자력연구원; 한국수력원자력,46.17,31.2,47.24,100.0,16.67,25,1,1,,1
한국항공대학교,광주과학기술원,43.67,31.2,47.24,100.0,0.0,25,1,1,,1
한국항공대학교,한국과학기술원; 국방과학연구소,43.67,31.2,47.24,100.0,0.0,25,1,1,,1
한국항공우주연구원,한국과학기술원,45.81,31.2,47.24,100.0,14.29,25,1,1,,1
한국항공우주연구원,재단법인대구경북과학기술원,45.03,31.2,47.24,100.0,9.09,25,1,1,,1
한국항공우주연구원; 서울대학교,한국기계연구원,47.0,31.2,47.24,100.0,22.22,25,1,1,,1
한국해양과학기술원,한국해양과학기술원;코이도,81.45,100.0,47.24,100.0,64.29,100,35,7,,1
한국해양과학기술원,한국해양과학기술원,79.24,100.0,47.24,100.0,49.51,100,1877,606,,1
한국해양과학기술원,국방과학연구소; 한국해양과학기술원,76.09,100.0,47.24,100.0,28.57,100,7,5,,1
한국해양과학기술원,한국전자통신연구원,75.16,100.0,47.24,100.0,22.33,100,41,16,,1
한국해양과학기술원,한국건설기술연구원,75.09,100.0,47.24,100.0,21.85,100,32,14,,1
한국해양과학기술원,울산과학기술원,74.75,100.0,47.24,100.0,19.61,100,19,9,,1
한국해양과학기술원,한국지질자원연구원,74.33,100.0,47.24,100.0,16.81,100,40,17,,1
한국해양과학기술원,한국과학기술연구원,74.27,100.0,47.24,100.0,16.42,100,6,6,,1
한국해양과학기술원,한국과학기술원,74.24,100.0,47.24,100.0,16.18,100,45,21,,1
한국해양과학기술원,한국해양과학기술원; 한국서부발전,73.95,100.0,47.24,100.0,14.29,100,10,6,,1
한국해양과학기술원,한국에너지기술연구원,73.93,100.0,47.24,100.0,14.15,100,32,13,,1
한국해양과학기술원,한국기계연구원,73.84,100.0,47.24,100.0,13.51,100,7,6,,1
한국해양과학기술원,한국해양과학기술원;지엠티,70.89,100.0,47.24,100.0,10.53,75,5,3,,1
한국해양과학기술원,한국원자력연구원,70.78,100.0,47.24,100.0,9.8,75,5,3,,1
한국해양과학기술원,한국전력공사; 울산과학기술원,70.27,100.0,47.24,100.0,23.08,50,6,2,,1
한국해양과학기술원,한컴인스페이스; 한국해양과학기술원,70.04,93.6,47.24,100.0,34.38,50,3,2,,1
한국해양과학기술원,한국해양과학기술원;뉴워터텍,69.89,93.6,47.24,100.0,50.0,25,3,1,,1
한국해양과학기술원,한국지질자원연구원;지오뷰,69.81,100.0,47.24,100.0,20.0,50,4,2,,1
한국해양과학기술원,에드오션; 한국해양과학기술원,69.31,100.0,47.24,100.0,16.67,50,4,2,,1
한국해양과학기술원,한국해양과학기술원;코너스,69.31,100.0,47.24,100.0,16.67,50,4,2,,1
한국해양과학기술원,한국해양과학기술원;페트라텍,68.31,100.0,47.24,100.0,10.0,50,5,2,,1
한국해양과학기술원,한국식품연구원,67.92,100.0,47.24,100.0,7.41,50,5,2,,1
한국해양과학기술원,한국해양과학기술원; 에이치플러스에코,67.49,100.0,47.24,100.0,4.55,50,6,2,,1
한국해양과학기술원,한국표준과학연구원,67.41,100.0,47.24,100.0,4.0,50,4,2,,1
한국해양과학기술원,한국해양과학기술원;리영에스엔디;트랜스가스솔루션,67.03,93.6,47.24,100.0,14.29,50,3,2,,1
한국해양과학기술원,엔솔바이오사이언스; 한국해양과학기술원,66.89,93.6,47.24,100.0,30.0,25,3,1,,1
한국해양과학기술원,한국해양과학기술원;지아이,65.39,93.6,47.24,100.0,20.0,25,3,1,,1
한국해양과학기술원,광주과학기술원,64.31,100.0,47.24,100.0,0.0,25,5,1,,1
한국해양과학기술원,울산과학기술원;포투원,63.54,93.6,47.24,100.0,7.69,25,3,1,,1
한국해양과학기술원,재단법인대구경북과학기술원,63.27,93.6,47.24,100.0,5.88,25,3,1,,1
한국해양과학기술원,동명기술공단종합건축사사무소; 한국건설기술연구원,61.15,62.4,47.24,100.0,37.5,50,2,2,,1
한국해양과학기술원,지오뷰; 한국지질자원연구원,59.53,62.4,47.24,100.0,26.67,50,2,2,,1
한국해양과학기술원,한국해양과학기술원; 브이엘 오프쇼어 엘엘시,59.28,62.4,47.24,100.0,41.67,25,2,1,,1
한국해양과학기술원,한국해양과학기술원; 이오진,58.03,62.4,47.24,100.0,16.67,50,2,2,,1
한국해양과학기술원,한국해양과학기술원;써니웨이브텍,58.03,62.4,47.24,100.0,33.33,25,2,1,,1
한국해양과학기술원,한국건설기술연구원;젠텍엔지니어링,57.67,62.4,47.24,100.0,14.29,50,2,2,,1
한국해양과학기술원,한국해양과학기술원;오엠에스,57.31,62.4,47.24,100.0,28.57,25,2,1,,1
한국해양과학기술원,한국해양과학기술원;이커넥트,55.28,62.4,47.24,100.0,15.0,25,2,1,,1
한국해양과학기술원,한국건설기술연구원;뷰메진,54.9,62.4,47.24,100.0,12.5,25,2,1,,1
한국해양과학기술원,한국해양과학기술원;마린테크인,54.18,62.4,47.24,100.0,7.69,25,2,1,,1
한국해양과학기술원,지오오션; 한국건설기술연구원,48.17,31.2,47.24,100.0,30.0,25,1,1,,1
한국해양과학기술원,한국생명공학연구원,47.95,31.2,47.24,100.0,28.57,25,1,1,,1
한국해양과학기술원,재단법인 포항산업과학연구원; 한국해양과학기술원,47.76,31.2,47.24,100.0,27.27,25,1,1,,1
한국해양과학기술원,한국해양과학기술원; 프론트 에너지스 엘엘씨,47.13,31.2,47.24,100.0,23.08,25,1,1,,1
한국해양과학기술원,경동엔지니어링; 고등기술연구원연구조합; 한국해양과학기술원,47.0,31.2,47.24,100.0,22.22,25,1,1,,1
한국해양과학기술원,한국과학기술원; 국방과학연구소,46.17,31.2,47.24,100.0,16.67,25,1,1,,1
한국해양과학기술원,한국수산해양공학연구소; 광주과학기술원,46.17,31.2,47.24,100.0,16.67,25,1,1,,1
한국해양과학기술원,한국해양과학기술원; 광주과학기술원,46.17,31.2,47.24,100.0,16.67,25,1,1,,1
한국해양과학기술원,한국해양과학기술원;케이에스티,46.17,31.2,47.24,100.0,16.67,25,1,1,,1
한국해양과학기술원,한국전기연구원,44.82,31.2,47.24,100.0,7.69,25,1,1,,1
한국해양과학기술원,한국화학연구원,44.82,31.2,47.24,100.0,7.69,25,1,1,,1
한국해양과학기술원,한국해양과학기술원;유비테크,44.25,31.2,47.24,100.0,3.85,25,1,1,,1
한국해양과학기술원; 가천대학교,한국해양과학기술원,55.84,62.4,47.24,100.0,18.75,25,2,1,,1
한국해양과학기술원; 건국대학교,한국해양과학기술원,47.0,31.2,47.24,100.0,22.22,25,1,1,,1
한국해양과학기술원; 국립한국해양대학교,한국해양과학기술원,56.03,62.4,47.24,100.0,20.0,25,2,1,,1
한국해양과학기술원; 국립한국해양대학교,한국원자력연구원,45.81,31.2,47.24,100.0,14.29,25,1,1,,1
한국해양과학기술원; 충남대학교,한국과학기술원,52.67,31.2,47.24,100.0,60.0,25,1,1,,1
한국해양과학기술원; 호서대학교,한국해양과학기술원,70.74,100.0,47.24,100.0,9.52,75,4,3,,1
한국해양연구원; 충남대학교,한국해양과학기술원,43.67,31.2,47.24,100.0,0.0,25,1,1,,1
한국화학연구원,한국화학연구원,79.36,100.0,47.24,100.0,50.35,100,3051,924,,1
한국화학연구원,한국화학연구원;대승바이오팜,79.31,100.0,47.24,100.0,50.0,100,20,4,,1
한국화학연구원,한국화학연구원; 재단법인 한국파스퇴르연구소; 한국 한의학 연구원,77.81,100.0,47.24,100.0,40.0,100,9,4,,1
한국화학연구원,한국화학연구원; 한국 한의학 연구원; 재단법인 한국파스퇴르연구소,76.31,100.0,47.24,100.0,46.67,75,5,3,,1
한국화학연구원,한국에너지기술연구원,75.88,100.0,47.24,100.0,27.11,100,184,76,,1
한국화학연구원,한국화학연구원;신산,75.81,100.0,47.24,100.0,26.67,100,7,4,,1
한국화학연구원,한국화학연구원;인터로조,75.81,100.0,47.24,100.0,60.0,50,5,2,,1
한국화학연구원,에스케이가스; 한국화학연구원,75.72,100.0,47.24,100.0,26.09,100,18,5,,1
한국화학연구원,한국화학연구원;유니테스트,75.56,100.0,47.24,100.0,25.0,100,14,7,,1
한국화학연구원,한국건설기술연구원,75.51,100.0,47.24,100.0,24.69,100,13,8,,1
한국화학연구원,재단법인대구경북과학기술원,75.4,100.0,47.24,100.0,23.92,100,67,31,,1
한국화학연구원,광주과학기술원,75.34,100.0,47.24,100.0,23.53,100,34,16,,1
한국화학연구원,한국생명공학연구원,75.23,100.0,47.24,100.0,22.81,100,16,9,,1
한국화학연구원,한국화학연구원;동남합성,75.14,100.0,47.24,100.0,38.89,75,5,3,,1
한국화학연구원,울산과학기술원,75.11,100.0,47.24,100.0,22.02,100,62,28,,1
한국화학연구원,한국과학기술원,75.08,100.0,47.24,100.0,21.84,100,115,55,,1
한국화학연구원,한국과학기술연구원,75.03,100.0,47.24,100.0,21.44,100,131,72,,1
한국화학연구원,한국전자통신연구원,75.0,100.0,47.24,100.0,21.28,100,19,11,,1
한국화학연구원,한국전기연구원,74.55,100.0,47.24,100.0,18.28,100,19,10,,1
한국화학연구원,한국기계연구원,74.22,100.0,47.24,100.0,16.06,100,36,16,,1
한국화학연구원,한국화학연구원; 한국생명공학연구원,74.13,100.0,47.24,100.0,32.14,75,6,3,,1
한국화학연구원,한국원자력연구원,74.04,100.0,47.24,100.0,14.86,100,15,8,,1
한국화학연구원,울산과학기술원; 재단법인 멀티스케일 에너지시스템 연구단,73.95,100.0,47.24,100.0,14.29,100,27,5,,1
한국화학연구원,한국화학연구원; 울산과학기술원,73.78,100.0,47.24,100.0,13.11,100,11,6,,1
한국화학연구원,한국해양과학기술원,73.55,100.0,47.24,100.0,11.63,100,8,5,,1
한국화학연구원,한국화학연구원;이맥솔루션,73.44,100.0,47.24,100.0,10.87,100,9,4,,1
한국화학연구원,현대자동차; 기아; 한국화학연구원,73.4,100.0,47.24,100.0,27.27,75,7,3,,1
한국화학연구원,한국화학연구원; 한국과학기술연구원,73.22,100.0,47.24,100.0,26.09,75,6,3,,1
한국화학연구원,삼양사; 한국화학연구원,73.2,100.0,47.24,100.0,25.93,75,6,3,,1
한국화학연구원,한국화학연구원; 한국기계연구원,72.57,100.0,47.24,100.0,21.74,75,8,3,,1
한국화학연구원,한국생명공학연구원;제이에스바이오,71.81,100.0,47.24,100.0,33.33,50,4,2,,1
한국화학연구원,한화토탈에너지스; 한국화학연구원,71.81,100.0,47.24,100.0,16.67,75,5,3,,1
한국화학연구원,동양하이테크산업; 한국화학연구원,71.76,93.6,47.24,100.0,62.5,25,3,1,,1
한국화학연구원,한국화학연구원; 국방과학연구소,71.18,100.0,47.24,100.0,12.5,75,9,3,,1
한국화학연구원,광주과학기술원; 한국화학연구원,70.89,100.0,47.24,100.0,10.53,75,5,3,,1
한국화학연구원,코오롱인더스트리; 한국과학기술원,70.86,100.0,47.24,100.0,10.34,75,4,3,,1
한국화학연구원,미래나노텍; 한국화학연구원,70.56,100.0,47.24,100.0,25.0,50,5,2,,1
한국화학연구원,한국지질자원연구원,70.27,100.0,47.24,100.0,23.08,50,4,2,,1
한국화학연구원,에스케이스페셜티; 한국화학연구원,69.81,100.0,47.24,100.0,20.0,50,14,2,,1
한국화학연구원,한국화학연구원; 엠케미칼,69.39,93.6,47.24,100.0,30.0,50,3,2,,1
한국화학연구원,한국화학연구원; 금호석유화학,69.31,100.0,47.24,100.0,33.33,25,4,1,,1
한국화학연구원,한국화학연구원; 에너진,69.31,100.0,47.24,100.0,16.67,50,5,2,,1
한국화학연구원,한국화학연구원;일신웰스,69.12,100.0,47.24,100.0,15.38,50,4,2,,1
한국화학연구원,한국표준과학연구원,68.24,100.0,47.24,100.0,9.52,50,4,2,,1
한국화학연구원,한국생명공학연구원; 대한민국(산림청 국립산림과학원장),68.11,100.0,47.24,100.0,8.7,50,5,2,,1
한국화학연구원,한국화학연구원; 세중물산,67.84,93.6,47.24,100.0,36.36,25,3,1,,1
한국화학연구원,울산과학기술원; 한국화학연구원,67.69,100.0,47.24,100.0,5.88,50,6,2,,1
한국화학연구원,한국식품연구원,67.54,93.6,47.24,100.0,17.65,50,3,2,,1
한국화학연구원,울산과학기술원; 재단법인 한국탄소산업진흥원;케이지에프,67.46,100.0,47.24,100.0,4.35,50,4,2,,1
한국화학연구원,제이마이크로; 한국과학기술원,67.39,93.6,47.24,100.0,33.33,25,3,1,,1
한국화학연구원,경농; 한국화학연구원,67.23,93.6,47.24,100.0,15.62,50,3,2,,1
한국화학연구원,한국화학연구원;동진쎄미켐; 삼성디스플레이,67.2,93.6,47.24,100.0,15.38,50,3,2,,1
한국화학연구원,한국화학연구원; 국립암센터,66.89,93.6,47.24,100.0,13.33,50,3,2,,1
한국화학연구원,엘지화학; 재단법인대구경북과학기술원,66.81,100.0,47.24,100.0,16.67,25,4,1,,1
한국화학연구원,현대자동차; 기아; 한국과학기술원,66.56,93.6,47.24,100.0,11.11,50,3,2,,1
한국화학연구원,계룡과학; 한국화학연구원,66.45,100.0,47.24,100.0,14.29,25,5,1,,1
한국화학연구원,현대자동차; 한국화학연구원,66.34,93.6,47.24,100.0,26.32,25,3,1,,1
한국화학연구원,국방과학연구소; 한국과학기술원,66.25,93.6,47.24,100.0,9.09,50,3,2,,1
한국화학연구원,한국화학연구원; 에스케이가스,65.81,100.0,47.24,100.0,10.0,25,5,1,,1
한국화학연구원,부강테크; 한국화학연구원,65.39,93.6,47.24,100.0,20.0,25,3,1,,1
한국화학연구원,한국화학연구원; 전일목재산업,65.39,93.6,47.24,100.0,20.0,25,3,1,,1
한국화학연구원,한국화학연구원;이엔에프테크놀로지,65.06,100.0,47.24,100.0,5.0,25,5,1,,1
한국화학연구원,피아이첨단소재; 한국화학연구원,64.89,93.6,47.24,100.0,16.67,25,3,1,,1
한국화학연구원,한국화학연구원;동방아그로,64.53,93.6,47.24,100.0,14.29,25,3,1,,1
한국화학연구원,한진케미칼; 한국화학연구원,64.39,93.6,47.24,100.0,13.33,25,3,1,,1
한국화학연구원,기초과학연구원; 한국과학기술원,64.26,93.6,47.24,100.0,12.5,25,3,1,,1
한국화학연구원,한국과학기술원; 한국화학연구원,64.15,93.6,47.24,100.0,11.76,25,3,1,,1
한국화학연구원,한국화학연구원; 한국과학기술원,63.46,93.6,47.24,100.0,7.14,25,3,1,,1
한국화학연구원,한국화학연구원; 카톨리에케 유니버시테이트 루벤,62.4,62.4,47.24,100.0,62.5,25,2,1,,1
한국화학연구원,재단법인대구경북과학기술원; 재단법인 대구경북첨단의료산업진흥재단,62.39,93.6,47.24,100.0,0.0,25,3,1,,1
한국화학연구원,한국건설기술연구원;포스코이앤씨,62.39,93.6,47.24,100.0,0.0,25,3,1,,1
한국화학연구원,한국화학연구원; 에이치디현대오일뱅크; 오상자이엘,62.39,93.6,47.24,100.0,0.0,25,3,1,,1
한국화학연구원,한국화학연구원;마이크로필터,62.39,93.6,47.24,100.0,0.0,25,3,1,,1
한국화학연구원,한국화학연구원; 한국 한의학 연구원,61.3,62.4,47.24,100.0,38.46,50,2,2,,1
한국화학연구원,한국화학연구원; 에스티팜,59.7,62.4,47.24,100.0,44.44,25,2,1,,1
한국화학연구원,한국화학연구원;유빅스테라퓨틱스,59.03,62.4,47.24,100.0,40.0,25,2,1,,1
한국화학연구원,한국화학연구원; 에코바이오텍,58.79,62.4,47.24,100.0,21.74,50,2,2,,1
한국화학연구원,노파르티스 아게; 카톨리에케 유니버시테이트 루벤; 한국화학연구원,58.39,62.4,47.24,100.0,35.71,25,2,1,,1
한국화학연구원,한국화학연구원; 에이스앤이,58.03,62.4,47.24,100.0,33.33,25,2,1,,1
한국화학연구원,한국과학기술연구원; 한국화학연구원,57.67,62.4,47.24,100.0,14.29,50,2,2,,1
한국화학연구원,에이치케이이노엔; 한국화학연구원,57.53,62.4,47.24,100.0,30.0,25,2,1,,1
한국화학연구원,엘지이노텍; 한국과학기술원,57.31,62.4,47.24,100.0,28.57,25,2,1,,1
한국화학연구원,삼성디스플레이; 한국과학기술원,56.89,62.4,47.24,100.0,9.09,50,2,2,,1
한국화학연구원,한국화학연구원;엔에프,56.78,62.4,47.24,100.0,25.0,25,2,1,,1
한국화학연구원,한국표준과학연구원; 한국생산기술연구원; 한국화학연구원,56.49,62.4,47.24,100.0,23.08,25,2,1,,1
한국화학연구원,한국화학연구원;한국파마,56.36,62.4,47.24,100.0,22.22,25,2,1,,1
한국화학연구원,한국화학연구원;리뉴시스템,56.28,62.4,47.24,100.0,5.0,50,2,2,,1
한국화학연구원,비케이; 한국화학연구원,56.03,62.4,47.24,100.0,20.0,25,2,1,,1
한국화학연구원,카나프테라퓨틱스; 한국화학연구원,55.84,62.4,47.24,100.0,18.75,25,2,1,,1
한국화학연구원,한국화학연구원;종근당,55.53,62.4,47.24,100.0,16.67,25,2,1,,1
한국화학연구원,마라나노텍; 한국과학기술원,55.17,62.4,47.24,100.0,14.29,25,2,1,,1
한국화학연구원,삼성중공업; 한국과학기술원,55.17,62.4,47.24,100.0,14.29,25,2,1,,1
한국화학연구원,한국기계연구원; 한국화학연구원,53.71,62.4,47.24,100.0,4.55,25,2,1,,1
한국화학연구원,대상; 한국화학연구원,53.03,62.4,47.24,100.0,0.0,25,2,1,,1
한국화학연구원,박성걸; 한국화학연구원,53.03,62.4,47.24,100.0,0.0,25,2,1,,1
한국화학연구원,한국건설기술연구원;에이알티플러스,53.03,62.4,47.24,100.0,0.0,25,2,1,,1
한국화학연구원,한국화학연구원;메레데코리아,53.03,62.4,47.24,100.0,0.0,25,2,1,,1
한국화학연구원,한국화학연구원;한농화성,53.03,62.4,47.24,100.0,0.0,25,2,1,,1
한국화학연구원,한국과학기술원; 대상,50.1,31.2,47.24,100.0,42.86,25,1,1,,1
한국화학연구원,한국화학연구원; 한국표준과학연구원; 한국생산기술연구원,50.1,31.2,47.24,100.0,42.86,25,1,1,,1
한국화학연구원,에이치디한국조선해양; 에이치디현대중공업; 한국과학기술원,49.67,31.2,47.24,100.0,40.0,25,1,1,,1
한국화학연구원,젠센; 한국화학연구원,49.38,31.2,47.24,100.0,38.1,25,1,1,,1
한국화학연구원,한국화학연구원; 인바이오,49.29,31.2,47.24,100.0,37.5,25,1,1,,1
한국화학연구원,한국화학연구원; 한화솔루션,48.67,31.2,47.24,100.0,33.33,25,1,1,,1
한국화학연구원,한국화학연구원;동양환경,47.95,31.2,47.24,100.0,28.57,25,1,1,,1
한국화학연구원,온코드바이오; 한국화학연구원,47.42,31.2,47.24,100.0,25.0,25,1,1,,1
한국화학연구원,한국화학연구원;팜한농,47.42,31.2,47.24,100.0,25.0,25,1,1,,1
한국화학연구원,한국화학연구원;레몬,47.13,31.2,47.24,100.0,23.08,25,1,1,,1
한국화학연구원,한국과학기술연구원; 대한민국(농촌진흥청장),46.83,31.2,47.24,100.0,21.05,25,1,1,,1
한국화학연구원,한국건설기술연구원; 일진테크;빔텍,46.67,31.2,47.24,100.0,20.0,25,1,1,,1
한국화학연구원,한화솔루션; 한국과학기술원,46.67,31.2,47.24,100.0,20.0,25,1,1,,1
한국화학연구원,한국생명공학연구원; 한국원자력연구원,46.17,31.2,47.24,100.0,16.67,25,1,1,,1
한국화학연구원,포스코홀딩스; 울산과학기술원; 재단법인 포항산업과학연구원,45.98,31.2,47.24,100.0,15.38,25,1,1,,1
한국화학연구원,울산과학기술원; 국방과학연구소,45.81,31.2,47.24,100.0,14.29,25,1,1,,1
한국화학연구원,목우연구소; 한국화학연구원,45.54,31.2,47.24,100.0,12.5,25,1,1,,1
한국화학연구원,에스케이이노베이션; 한국에너지기술연구원; 한국화학연구원,45.54,31.2,47.24,100.0,12.5,25,1,1,,1
한국화학연구원,프런티어에너지솔루션; 울산과학기술원,45.34,31.2,47.24,100.0,11.11,25,1,1,,1
한국화학연구원,한국기계연구원; 재단법인 파동에너지 극한제어 연구단,45.34,31.2,47.24,100.0,11.11,25,1,1,,1
한국화학연구원,울산과학기술원;유니크닷,45.17,31.2,47.24,100.0,10.0,25,1,1,,1
한국화학연구원,한국화학연구원; 현대엔지니어링,45.17,31.2,47.24,100.0,10.0,25,1,1,,1
한국화학연구원,기초과학연구원; 광주과학기술원,45.03,31.2,47.24,100.0,9.09,25,1,1,,1
한국화학연구원,재단법인 대구경북첨단의료산업진흥재단; 한국화학연구원,45.03,31.2,47.24,100.0,9.09,25,1,1,,1
한국화학연구원,한국가스공사; 한국화학연구원,44.92,31.2,47.24,100.0,8.33,25,1,1,,1
한국화학연구원,한국기계연구원; 한국과학기술연구원,44.92,31.2,47.24,100.0,8.33,25,1,1,,1
한국화학연구원,한국과학기술원;아이작리서치,44.82,31.2,47.24,100.0,7.69,25,1,1,,1
한국화학연구원,한국 한의학 연구원; 한국식품연구원; 한국화학연구원,44.61,31.2,47.24,100.0,6.25,25,1,1,,1
한국화학연구원,국방과학연구소; 재단법인대구경북과학기술원,43.67,31.2,47.24,100.0,0.0,25,1,1,,1
한국화학연구원,드림텍; 한국화학연구원,43.67,31.2,47.24,100.0,0.0,25,1,1,,1
한국화학연구원,에스케이스페셜티; 한국과학기술원,43.67,31.2,47.24,100.0,0.0,25,1,1,,1
한국화학연구원,엘지화학; 한국과학기술원,43.67,31.2,47.24,100.0,0.0,25,1,1,,1
한국화학연구원,장암칼스; 한국화학연구원,43.67,31.2,47.24,100.0,0.0,25,1,1,,1
한국화학연구원,한국화학연구원; 엘티씨,43.67,31.2,47.24,100.0,0.0,25,1,1,,1
한국화학연구원,한국화학연구원; 한국식품연구원,43.67,31.2,47.24,100.0,0.0,25,1,1,,1
한국화학연구원,한국화학연구원;이맥솔루션;에코솔루션,43.67,31.2,47.24,100.0,0.0,25,1,1,,1
한국화학연구원,한소; 한국화학연구원,43.67,31.2,47.24,100.0,0.0,25,1,1,,1
한국화학연구원; 가톨릭대학교,한국화학연구원,47.42,31.2,47.24,100.0,25.0,25,1,1,,1
한국화학연구원; 강원대학교,한국화학연구원,68.4,100.0,47.24,100.0,27.27,25,4,1,,1
한국화학연구원; 강원대학교,울산과학기술원,63.75,93.6,47.24,100.0,9.09,25,3,1,,1
한국화학연구원; 강원대학교,한국에너지기술연구원,45.17,31.2,47.24,100.0,10.0,25,1,1,,1
한국화학연구원; 경상국립대학교,한국화학연구원; 대한민국(농촌진흥청장),56.03,62.4,47.24,100.0,20.0,25,2,1,,1
한국화학연구원; 국립부경대학교,한국화학연구원,71.76,93.6,47.24,100.0,62.5,25,3,1,,1
한국화학연구원; 국립부경대학교,울산과학기술원,49.29,31.2,47.24,100.0,37.5,25,1,1,,1
한국화학연구원; 국립창원대학교,한국에너지기술연구원,53.82,62.4,47.24,100.0,5.26,25,2,1,,1
한국화학연구원; 동아대학교,한국생명공학연구원,66.96,100.0,47.24,100.0,17.65,25,5,1,,1
한국화학연구원; 동아대학교,한국화학연구원,54.9,62.4,47.24,100.0,12.5,25,2,1,,1
한국화학연구원; 서울대학교,한국화학연구원,70.22,100.0,47.24,100.0,6.06,75,11,3,,1
한국화학연구원; 서울대학교,한국표준과학연구원,67.75,93.6,47.24,100.0,19.05,50,3,2,,1
한국화학연구원; 서울대학교,케이씨씨; 한국과학기술원,43.67,31.2,47.24,100.0,0.0,25,1,1,,1
한국화학연구원; 성균관대학교,한국화학연구원,68.39,100.0,47.24,100.0,10.53,50,4,2,,1
한국화학연구원; 아주대학교,한국화학연구원,70.56,100.0,47.24,100.0,25.0,50,4,2,,1
한국화학연구원; 전남대학교,한국원자력연구원,45.67,31.2,47.24,100.0,13.33,25,1,1,,1
한국화학연구원; 충남대학교,한국화학연구원,55.17,62.4,47.24,100.0,14.29,25,2,1,,1
한국화학연구원; 충북대학교,한국화학연구원,46.67,31.2,47.24,100.0,20.0,25,1,1,,1
한국화학연구원; 포항공과대학교,한국화학연구원,65.63,100.0,47.24,100.0,8.82,25,10,1,,1
한국화학연구원; 한양대학교,한국화학연구원,66.48,93.6,47.24,100.0,27.27,25,3,1,,1
한국환경연구원,한국과학기술연구원,74.93,100.0,47.24,100.0,37.5,75,14,3,,1
한국환경연구원,한국건설기술연구원,60.53,62.4,47.24,100.0,33.33,50,2,2,,1
한길토건(주),한국건설기술연구원; 한길토건,46.67,31.2,47.24,100.0,20.0,25,1,1,,1
한남대학교,한국과학기술원,74.69,100.0,47.24,100.0,19.23,100,12,8,,1
한남대학교,한국건설기술연구원,74.54,100.0,47.24,100.0,18.18,100,10,4,,1
한남대학교,한국화학연구원,74.5,100.0,47.24,100.0,17.91,100,14,7,,1
한남대학교,한국전자통신연구원,73.95,100.0,47.24,100.0,14.29,100,30,18,,1
한남대학교,한국과학기술연구원,73.86,100.0,47.24,100.0,13.68,100,14,9,,1
한남대학교,한국식품연구원,72.77,100.0,47.24,100.0,6.38,100,7,4,,1
한남대학교,재단법인대구경북과학기술원,72.6,100.0,47.24,100.0,5.26,100,6,4,,1
한남대학교,한국에너지기술연구원,71.81,100.0,47.24,100.0,16.67,75,6,3,,1
한남대학교,한국원자력연구원,70.6,100.0,47.24,100.0,8.62,75,13,3,,1
한남대학교,한국지질자원연구원,66.19,93.6,47.24,100.0,8.7,50,3,2,,1
한남대학교,울산과학기술원,58.53,62.4,47.24,100.0,20.0,50,2,2,,1
한남대학교,한국해양과학기술원,56.98,62.4,47.24,100.0,9.68,50,2,2,,1
한남대학교,한국해양과학기술원;코너스,56.03,62.4,47.24,100.0,20.0,25,2,1,,1
한남대학교,한국원자력연구원; 한국수력원자력,55.17,62.4,47.24,100.0,14.29,25,2,1,,1
한남대학교,한국전력공사; 한국과학기술원;삼환티에프,54.9,62.4,47.24,100.0,12.5,25,2,1,,1
한남대학교,한국기계연구원,54.7,62.4,47.24,100.0,11.11,25,2,1,,1
한남대학교,광주과학기술원,53.03,62.4,47.24,100.0,0.0,25,2,1,,1
한남대학교,한국과학기술연구원; 재단법인 멀티스케일 에너지시스템 연구단,47.13,31.2,47.24,100.0,23.08,25,1,1,,1
한남대학교,학교법인 신흥학원,45.81,31.2,47.24,100.0,14.29,25,1,1,,1
한남대학교,한국건설기술연구원;실크로드티앤디,43.67,31.2,47.24,100.0,0.0,25,1,1,,1
한남수,한국건설기술연구원; 한남수,50.34,31.2,47.24,100.0,44.44,25,1,1,,1
한동대학교,한국해양과학기술원,74.15,100.0,47.24,100.0,15.62,100,16,5,,1
한동대학교,한국원자력연구원,71.96,100.0,47.24,100.0,17.65,75,4,3,,1
한동대학교,한국전자통신연구원,68.33,93.6,47.24,100.0,6.25,75,3,3,,1
한동대학교,재단법인 다차원 스마트 아이티 융합시스템 연구단; 한국과학기술원,63.54,93.6,47.24,100.0,7.69,25,3,1,,1
한동대학교,울산과학기술원,63.33,93.6,47.24,100.0,6.25,25,3,1,,1
한동대학교,한국과학기술연구원,63.03,62.4,47.24,100.0,50.0,50,2,2,,1
한동대학교,광주과학기술원,44.55,31.2,47.24,100.0,5.88,25,1,1,,1
한라대학교,한국에너지기술연구원,53.03,62.4,47.24,100.0,0.0,25,2,1,,1
한라대학교,한국건설기술연구원,51.17,31.2,47.24,100.0,50.0,25,1,1,,1
한림대학교,한국생명공학연구원,75.27,100.0,47.24,100.0,23.08,100,6,4,,1
한림대학교,한국과학기술원,74.37,100.0,47.24,100.0,17.05,100,19,11,,1
한림대학교,한국과학기술연구원,74.07,100.0,47.24,100.0,15.05,100,20,10,,1
한림대학교,재단법인대구경북과학기술원,73.81,100.0,47.24,100.0,13.33,100,5,4,,1
한림대학교,한국전자통신연구원,73.77,100.0,47.24,100.0,13.04,100,8,6,,1
한림대학교,한국식품연구원,73.33,100.0,47.24,100.0,10.17,100,13,5,,1
한림대학교,한국기계연구원,72.04,100.0,47.24,100.0,18.18,75,4,3,,1
한림대학교,한국화학연구원,71.99,93.6,47.24,100.0,47.37,50,3,2,,1
한림대학교,한국원자력연구원,69.67,100.0,47.24,100.0,19.05,50,7,2,,1
한림대학교,한국식품연구원; 서천군,68.81,100.0,47.24,100.0,30.0,25,5,1,,1
한림대학교,울산과학기술원,66.0,93.6,47.24,100.0,7.41,50,3,2,,1
한림대학교,한국해양과학기술원,57.53,62.4,47.24,100.0,30.0,25,2,1,,1
한림대학교,한국건설기술연구원;빔텍,57.12,62.4,47.24,100.0,27.27,25,2,1,,1
한림대학교,학교법인 서남학원,56.36,62.4,47.24,100.0,22.22,25,2,1,,1
한림대학교,광주과학기술원,55.17,62.4,47.24,100.0,14.29,25,2,1,,1
한림대학교,한국에너지기술연구원,54.79,62.4,47.24,100.0,11.76,25,2,1,,1
한림대학교,재단법인대구경북과학기술원; 재단법인 대구경북첨단의료산업진흥재단,53.03,62.4,47.24,100.0,0.0,25,2,1,,1
한림대학교,한국표준과학연구원,53.03,62.4,47.24,100.0,0.0,25,2,1,,1
한림대학교,대한민국(농촌진흥청장); 한국과학기술연구원,51.17,31.2,47.24,100.0,50.0,25,1,1,,1
한림대학교,에틱스템,48.67,31.2,47.24,100.0,33.33,25,1,1,,1
한림대학교,한국건설기술연구원,44.67,31.2,47.24,100.0,6.67,25,1,1,,1
한림대학교,세준에프앤비,43.67,31.2,47.24,100.0,0.0,25,1,1,,1
한미사이언스 주식회사; 한국과학기술연구원; 가톨릭대학교,한국과학기술연구원,46.67,31.2,47.24,100.0,20.0,25,1,1,,1
한미약품 주식회사,한국화학연구원; 광주과학기술원,59.28,62.4,47.24,100.0,41.67,25,2,1,,1
한서대학교,한국과학기술원,72.57,100.0,47.24,100.0,21.74,75,5,3,,1
한서대학교,한국건설기술연구원,69.69,100.0,47.24,100.0,19.23,50,6,2,,1
한서대학교,한국에너지기술연구원,67.31,100.0,47.24,100.0,20.0,25,4,1,,1
한서대학교,한국지질자원연구원,55.53,62.4,47.24,100.0,16.67,25,2,1,,1
한서대학교,한국과학기술원; 한국과학기술연구원,53.03,62.4,47.24,100.0,0.0,25,2,1,,1
한서대학교,울산과학기술원,46.67,31.2,47.24,100.0,20.0,25,1,1,,1
한서대학교,엘지전자; 한국과학기술원,46.17,31.2,47.24,100.0,16.67,25,1,1,,1
한서대학교,한국과학기술원; 에이치디한국조선해양,44.82,31.2,47.24,100.0,7.69,25,1,1,,1
한서대학교,한국화학연구원,43.67,31.2,47.24,100.0,0.0,25,1,1,,1
한성대학교,재단법인대구경북과학기술원,71.42,100.0,47.24,100.0,30.77,50,7,2,,1
한성대학교,한국과학기술연구원,71.11,100.0,47.24,100.0,12.0,75,9,3,,1
한성대학교,한국과학기술원,69.31,100.0,47.24,100.0,16.67,50,6,2,,1
한성대학교,한국화학연구원,64.89,93.6,47.24,100.0,16.67,25,3,1,,1
한성대학교,한국원자력연구원,60.97,62.4,47.24,100.0,52.94,25,2,1,,1
한성대학교,한국기계연구원,58.03,62.4,47.24,100.0,16.67,50,2,2,,1
한성대학교,한국과학기술연구원; 재단법인 실감교류인체감응솔루션연구단,46.17,31.2,47.24,100.0,16.67,25,1,1,,1
한성대학교,한국과학기술원; 대한민국(국립재활원장),46.17,31.2,47.24,100.0,16.67,25,1,1,,1
한솔제지 주식회사,한국과학기술원,55.68,62.4,47.24,100.0,17.65,25,2,1,,1
한솔제지 주식회사,한솔제지; 한국과학기술원,54.39,62.4,47.24,100.0,9.09,25,2,1,,1
한솔제지 주식회사,한국화학연구원,43.67,31.2,47.24,100.0,0.0,25,1,1,,1
한신대학교,한국전자통신연구원,58.53,62.4,47.24,100.0,20.0,50,2,2,,1
한양건설(주),한국원자력연구원,67.12,100.0,47.24,100.0,18.75,25,6,1,,1
한양대학교,한국과학기술원,75.89,100.0,47.24,100.0,27.18,100,312,175,,1
한양대학교,광주과학기술원,75.56,100.0,47.24,100.0,25.0,100,51,28,,1
한양대학교,한국표준과학연구원,75.51,100.0,47.24,100.0,24.69,100,49,25,,1
한양대학교,한국과학기술연구원,75.5,100.0,47.24,100.0,24.62,100,232,104,,1
한양대학교,한국화학연구원,75.45,100.0,47.24,100.0,24.25,100,115,40,,1
한양대학교,울산과학기술원,75.25,100.0,47.24,100.0,22.95,100,116,65,,1
한양대학교,재단법인대구경북과학기술원,75.24,100.0,47.24,100.0,22.87,100,156,79,,1
한양대학교,한국건설기술연구원,74.96,100.0,47.24,100.0,20.98,100,44,24,,1
한양대학교,한국전자통신연구원,74.84,100.0,47.24,100.0,20.21,100,194,98,,1
한양대학교,국방과학연구소; 한국과학기술원,74.73,100.0,47.24,100.0,19.44,100,15,7,,1
한양대학교,한국기계연구원,74.69,100.0,47.24,100.0,19.23,100,62,32,,1
한양대학교,한국지질자원연구원,74.59,100.0,47.24,100.0,18.52,100,26,13,,1
한양대학교,한국원자력연구원,74.5,100.0,47.24,100.0,17.97,100,29,20,,1
한양대학교,한국에너지기술연구원,74.49,100.0,47.24,100.0,17.88,100,65,29,,1
한양대학교,한국전기연구원,74.48,100.0,47.24,100.0,17.78,100,62,29,,1
한양대학교,한국해양과학기술원,73.87,100.0,47.24,100.0,13.73,100,13,6,,1
한양대학교,현대자동차; 기아; 한국과학기술연구원,73.36,100.0,47.24,100.0,10.34,100,4,4,,1
한양대학교,한국전력공사; 한국과학기술원;삼환티에프,73.06,100.0,47.24,100.0,25.0,75,6,3,,1
한양대학교,한국식품연구원,70.56,100.0,47.24,100.0,25.0,50,4,2,,1
한양대학교,울산과학기술원; 한국과학기술원,70.38,100.0,47.24,100.0,23.81,50,5,2,,1
한양대학교,한국생명공학연구원,69.89,93.6,47.24,100.0,16.67,75,3,3,,1
한양대학교,기초과학연구원; 울산과학기술원,69.83,100.0,47.24,100.0,3.45,75,12,3,,1
한양대학교,광주과학기술원;제토;엑사토,69.81,100.0,47.24,100.0,20.0,50,7,2,,1
한양대학교,한국과학기술연구원; 울산과학기술원,67.88,100.0,47.24,100.0,7.14,50,5,2,,1
한양대학교,한국타이어앤테크놀로지; 한국과학기술원,67.72,100.0,47.24,100.0,6.06,50,4,2,,1
한양대학교,한국화학연구원; 재단법인 구미전자정보기술원,67.39,93.6,47.24,100.0,33.33,25,3,1,,1
한양대학교,삼성전자; 광주과학기술원,67.2,93.6,47.24,100.0,15.38,50,3,2,,1
한양대학교,울산과학기술원; 지에스에너지,66.67,93.6,47.24,100.0,28.57,25,3,1,,1
한양대학교,한국전자통신연구원; 재단법인대구경북과학기술원,66.67,93.6,47.24,100.0,28.57,25,3,1,,1
한양대학교,한국건설기술연구원;케이티앤씨,66.14,93.6,47.24,100.0,25.0,25,3,1,,1
한양대학교,한국건설기술연구원;하우빌드,65.6,93.6,47.24,100.0,21.43,25,3,1,,1
한양대학교,재단법인대구경북과학기술원; 재단법인 멀티스케일 에너지시스템 연구단,65.39,93.6,47.24,100.0,20.0,25,3,1,,1
한양대학교,한국과학기술원;풍산,64.53,93.6,47.24,100.0,14.29,25,3,1,,1
한양대학교,현대자동차; 기아; 한국과학기술원,64.06,93.6,47.24,100.0,11.11,25,3,1,,1
한양대학교,한국기계연구원; 한국과학기술원,63.89,93.6,47.24,100.0,10.0,25,3,1,,1
한양대학교,한국화학연구원; 에너진,63.89,93.6,47.24,100.0,10.0,25,3,1,,1
한양대학교,한국과학기술원; 재단법인 하이브리드 인터페이스기반 미래소재 연구단,62.39,93.6,47.24,100.0,0.0,25,3,1,,1
한양대학교,한국과학기술연구원; 재단법인 실감교류인체감응솔루션연구단,58.99,62.4,47.24,100.0,23.08,50,2,2,,1
한양대학교,한국표준과학연구원; 비즈웨이브,57.53,62.4,47.24,100.0,13.33,50,2,2,,1
한양대학교,한국과학기술원; 한국전자통신연구원,56.78,62.4,47.24,100.0,25.0,25,2,1,,1
한양대학교,한국기계연구원; 난양 테크놀러지컬 유니버시티,56.78,62.4,47.24,100.0,25.0,25,2,1,,1
한양대학교,한국생명공학연구원;아크에이르,56.78,62.4,47.24,100.0,25.0,25,2,1,,1
한양대학교,성림첨단산업; 한국기계연구원,56.03,62.4,47.24,100.0,20.0,25,2,1,,1
한양대학교,한국전력공사; 한국과학기술원,55.53,62.4,47.24,100.0,16.67,25,2,1,,1
한양대학교,엘지디스플레이; 한국과학기술원,55.34,62.4,47.24,100.0,15.38,25,2,1,,1
한양대학교,에이치아이엠; 한국기계연구원,54.79,62.4,47.24,100.0,11.76,25,2,1,,1
한양대학교,엘지전자; 한국과학기술원,54.53,62.4,47.24,100.0,10.0,25,2,1,,1
한양대학교,한국전자통신연구원;엠디에스테크,54.53,62.4,47.24,100.0,10.0,25,2,1,,1
한양대학교,한국화학연구원; 재단법인 한국파스퇴르연구소; 한국 한의학 연구원,54.53,62.4,47.24,100.0,10.0,25,2,1,,1
한양대학교,광주과학기술원; 대한민국(농촌진흥청장),54.39,62.4,47.24,100.0,9.09,25,2,1,,1
한양대학교,한국화학연구원; 한국표준과학연구원,54.39,62.4,47.24,100.0,9.09,25,2,1,,1
한양대학교,엘지이노텍; 한국과학기술원,53.03,62.4,47.24,100.0,0.0,25,2,1,,1
한양대학교,울산과학기술원; 재단법인 멀티스케일 에너지시스템 연구단,53.03,62.4,47.24,100.0,0.0,25,2,1,,1
한양대학교,한국과학기술원; 재단법인 파동에너지 극한제어 연구단,53.03,62.4,47.24,100.0,0.0,25,2,1,,1
한양대학교,에이코닉; 광주과학기술원,51.17,31.2,47.24,100.0,50.0,25,1,1,,1
한양대학교,한국전기연구원; 삼성에스디아이,51.17,31.2,47.24,100.0,50.0,25,1,1,,1
한양대학교,한국과학기술원;디엔에프,47.95,31.2,47.24,100.0,28.57,25,1,1,,1
한양대학교,한국과학기술원;에프에스티,47.95,31.2,47.24,100.0,28.57,25,1,1,,1
한양대학교,울산과학기술원;솔라라이트,47.62,31.2,47.24,100.0,26.32,25,1,1,,1
한양대학교,재단법인대구경북과학기술원; 한국과학기술원,47.42,31.2,47.24,100.0,25.0,25,1,1,,1
한양대학교,포스코홀딩스; 울산과학기술원; 재단법인 포항산업과학연구원,47.42,31.2,47.24,100.0,25.0,25,1,1,,1
한양대학교,와이파인텍; 한국화학연구원,47.13,31.2,47.24,100.0,23.08,25,1,1,,1
한양대학교,울산과학기술원; 국립생태원,47.0,31.2,47.24,100.0,22.22,25,1,1,,1
한양대학교,유뱃; 울산과학기술원,46.4,31.2,47.24,100.0,18.18,25,1,1,,1
한양대학교,한국화학연구원; 한국기계연구원,46.4,31.2,47.24,100.0,18.18,25,1,1,,1
한양대학교,한국과학기술연구원; 재단법인 멀티스케일 에너지시스템 연구단,46.17,31.2,47.24,100.0,16.67,25,1,1,,1
한양대학교,한국해양과학기술원;코너스,46.17,31.2,47.24,100.0,16.67,25,1,1,,1
한양대학교,에스케이텔레콤; 광주과학기술원,45.81,31.2,47.24,100.0,14.29,25,1,1,,1
한양대학교,한국과학기술연구원;새론테크놀로지,45.81,31.2,47.24,100.0,14.29,25,1,1,,1
한양대학교,한국화학연구원; 한국표준과학연구원; 한국생산기술연구원,45.81,31.2,47.24,100.0,14.29,25,1,1,,1
한양대학교,삼성전자; 한국에너지기술연구원,45.54,31.2,47.24,100.0,12.5,25,1,1,,1
한양대학교,피에스디엘; 재단법인대구경북과학기술원,45.54,31.2,47.24,100.0,12.5,25,1,1,,1
한양대학교,엘지에너지솔루션; 울산과학기술원,45.34,31.2,47.24,100.0,11.11,25,1,1,,1
한양대학교,티에이치엔; 한국과학기술원,45.34,31.2,47.24,100.0,11.11,25,1,1,,1
한양대학교,한국과학기술원;로엔서지컬,45.34,31.2,47.24,100.0,11.11,25,1,1,,1
한양대학교,멤레이; 한국과학기술원,45.17,31.2,47.24,100.0,10.0,25,1,1,,1
한양대학교,선도소프트; 한국건설기술연구원,45.03,31.2,47.24,100.0,9.09,25,1,1,,1
한양대학교,한국철도공사;엘라켐; 한국표준과학연구원,45.03,31.2,47.24,100.0,9.09,25,1,1,,1
한양대학교,한국기계연구원; 재단법인 아산사회복지재단,44.92,31.2,47.24,100.0,8.33,25,1,1,,1
한양대학교,도원엔지니어링건축사사무소; 한국과학기술원,44.82,31.2,47.24,100.0,7.69,25,1,1,,1
한양대학교,한국화학연구원;동진쎄미켐; 삼성디스플레이,44.74,31.2,47.24,100.0,7.14,25,1,1,,1
한양대학교,국방과학연구소; 한국생명공학연구원,44.5,31.2,47.24,100.0,5.56,25,1,1,,1
한양대학교,울산과학기술원; 이엠코어텍,43.67,31.2,47.24,100.0,0.0,25,1,1,,1
한양대학교,유한책임회사 엔에이치네트웍스; 광주과학기술원,43.67,31.2,47.24,100.0,0.0,25,1,1,,1
한양대학교,이엠텍; 울산과학기술원,43.67,31.2,47.24,100.0,0.0,25,1,1,,1
한양대학교,한국과학기술연구원; 율촌화학,43.67,31.2,47.24,100.0,0.0,25,1,1,,1
한양대학교,한국과학기술원; 한국기계연구원,43.67,31.2,47.24,100.0,0.0,25,1,1,,1
한양대학교,한국기계연구원; 재단법인 파동에너지 극한제어 연구단,43.67,31.2,47.24,100.0,0.0,25,1,1,,1
한양대학교,한국에너지기술연구원; 재단법인 파동에너지 극한제어 연구단,43.67,31.2,47.24,100.0,0.0,25,1,1,,1
한양대학교,한솔제지; 한국과학기술원,43.67,31.2,47.24,100.0,0.0,25,1,1,,1
한양대학교 에리카,한국과학기술연구원,76.35,100.0,47.24,100.0,30.25,100,46,22,,1
한양대학교 에리카,한국건설기술연구원,75.93,100.0,47.24,100.0,27.47,100,28,13,,1
한양대학교 에리카,한국과학기술원,75.57,100.0,47.24,100.0,25.1,100,65,30,,1
한양대학교 에리카,한국원자력연구원,75.11,100.0,47.24,100.0,22.0,100,7,5,,1
한양대학교 에리카,한국기계연구원,74.89,100.0,47.24,100.0,20.57,100,52,22,,1
한양대학교 에리카,한국에너지기술연구원,74.81,100.0,47.24,100.0,20.0,100,11,5,,1
한양대학교 에리카,재단법인대구경북과학기술원,74.57,100.0,47.24,100.0,18.39,100,20,11,,1
한양대학교 에리카,한국화학연구원,74.27,100.0,47.24,100.0,16.44,100,15,7,,1
한양대학교 에리카,한국전기연구원,73.99,100.0,47.24,100.0,14.52,100,15,6,,1
한양대학교 에리카,울산과학기술원,73.93,100.0,47.24,100.0,14.11,100,40,19,,1
한양대학교 에리카,광주과학기술원,73.85,100.0,47.24,100.0,13.64,100,15,6,,1
한양대학교 에리카,한국전자통신연구원,73.7,100.0,47.24,100.0,12.63,100,23,12,,1
한양대학교 에리카,울산과학기술원; 재단법인 실감교류인체감응솔루션연구단,72.39,93.6,47.24,100.0,66.67,25,3,1,,1
한양대학교 에리카,한국생명공학연구원,71.81,100.0,47.24,100.0,33.33,50,4,2,,1
한양대학교 에리카,한국건설기술연구원;하우빌드,70.56,100.0,47.24,100.0,25.0,50,5,2,,1
한양대학교 에리카,한국지질자원연구원,68.81,100.0,47.24,100.0,13.33,50,4,2,,1
한양대학교 에리카,한국과학기술원;에프에스티,68.39,93.6,47.24,100.0,40.0,25,3,1,,1
한양대학교 에리카,한국표준과학연구원,68.17,100.0,47.24,100.0,9.09,50,5,2,,1
한양대학교 에리카,한국과학기술원; 한국기계연구원,67.75,100.0,47.24,100.0,6.25,50,6,2,,1
한양대학교 에리카,이지팜; 한국전자통신연구원,67.04,100.0,47.24,100.0,18.18,25,4,1,,1
한양대학교 에리카,로엔서지컬; 한국과학기술원,66.14,93.6,47.24,100.0,8.33,50,3,2,,1
한양대학교 에리카,한국과학기술원; 한국재료연구원,65.72,93.6,47.24,100.0,22.22,25,3,1,,1
한양대학교 에리카,필더세임; 울산과학기술원,63.75,93.6,47.24,100.0,9.09,25,3,1,,1
한양대학교 에리카,한국과학기술원; 한국전자통신연구원,63.75,93.6,47.24,100.0,9.09,25,3,1,,1
한양대학교 에리카,국방과학연구소; 한국과학기술원,62.39,93.6,47.24,100.0,0.0,25,3,1,,1
한양대학교 에리카,한국과학기술원;로엔서지컬,62.39,93.6,47.24,100.0,0.0,25,3,1,,1
한양대학교 에리카,한국과학기술원;디엔에프,59.03,62.4,47.24,100.0,40.0,25,2,1,,1
한양대학교 에리카,엘아이지넥스원; 한국과학기술원,56.78,62.4,47.24,100.0,25.0,25,2,1,,1
한양대학교 에리카,티맥; 한국생명공학연구원,56.03,62.4,47.24,100.0,20.0,25,2,1,,1
한양대학교 에리카,한국화학연구원; 한국과학기술연구원,54.03,62.4,47.24,100.0,6.67,25,2,1,,1
한양대학교 에리카,울산과학기술원; 대한민국(국립재활원장),53.67,31.2,47.24,100.0,66.67,25,1,1,,1
한양대학교 에리카,국방과학연구소; 광주과학기술원,53.03,62.4,47.24,100.0,0.0,25,2,1,,1
한양대학교 에리카,아모레퍼시픽; 재단법인대구경북과학기술원,53.03,62.4,47.24,100.0,0.0,25,2,1,,1
한양대학교 에리카,기초과학연구원; 울산과학기술원,50.1,31.2,47.24,100.0,42.86,25,1,1,,1
한양대학교 에리카,한국생명공학연구원; 박성식,47.42,31.2,47.24,100.0,25.0,25,1,1,,1
한양대학교 에리카,엘지화학; 한국과학기술원,47.0,31.2,47.24,100.0,22.22,25,1,1,,1
한양대학교 에리카,한국과학기술원;에이투어스,47.0,31.2,47.24,100.0,22.22,25,1,1,,1
한양대학교 에리카,한국전력공사; 울산과학기술원,47.0,31.2,47.24,100.0,22.22,25,1,1,,1
한양대학교 에리카,한국해양과학기술원,47.0,31.2,47.24,100.0,22.22,25,1,1,,1
한양대학교 에리카,한국전력공사; 한국과학기술원,46.67,31.2,47.24,100.0,20.0,25,1,1,,1
한양대학교 에리카,한국건설기술연구원;카이센테크,46.17,31.2,47.24,100.0,16.67,25,1,1,,1
한양대학교 에리카,한국과학기술원;알앤에스랩; 재단법인 다차원 스마트 아이티 융합시스템 연구단,45.34,31.2,47.24,100.0,11.11,25,1,1,,1
한양대학교 에리카,한국과학기술원;엔젤로보틱스,45.34,31.2,47.24,100.0,11.11,25,1,1,,1
한양대학교 에리카,한국식품연구원,45.17,31.2,47.24,100.0,10.0,25,1,1,,1
한양대학교 에리카,한컴인스페이스; 한국전자통신연구원,43.67,31.2,47.24,100.0,0.0,25,1,1,,1
한올바이오파마주식회사,광주과학기술원,67.31,100.0,47.24,100.0,20.0,25,6,1,,1
한올바이오파마주식회사,한올바이오파마; 한국화학연구원,43.67,31.2,47.24,100.0,0.0,25,1,1,,1
한일홀딩스 주식회사,한일시멘트; 한국지질자원연구원,56.03,62.4,47.24,100.0,20.0,25,2,1,,1
한중대학교,한국원자력연구원; 한국수력원자력,65.31,100.0,47.24,100.0,6.67,25,6,1,,1
한중대학교,한국원자력연구원,54.9,62.4,47.24,100.0,12.5,25,2,1,,1
한진케미칼 주식회사,한진케미칼; 한국화학연구원,68.68,100.0,47.24,100.0,12.5,50,5,2,,1
한진케미칼 주식회사,한국화학연구원,54.28,62.4,47.24,100.0,8.33,25,2,1,,1
한화비전 주식회사,한국전자통신연구원,45.54,31.2,47.24,100.0,12.5,25,1,1,,1
한화비전 주식회사; 고려대학교,한국건설기술연구원,54.7,62.4,47.24,100.0,11.11,25,2,1,,1
한화비전 주식회사; 고려대학교,한국전기연구원,46.67,31.2,47.24,100.0,20.0,25,1,1,,1
한화비전 주식회사; 고려대학교,한국과학기술원,45.54,31.2,47.24,100.0,12.5,25,1,1,,1
한화비전 주식회사; 포항공과대학교,한국전자통신연구원,62.39,93.6,47.24,100.0,0.0,25,3,1,,1
한화비전 주식회사; 포항공과대학교,한국과학기술원,53.03,62.4,47.24,100.0,0.0,25,2,1,,1
한화솔루션 주식회사,한국과학기술원,48.28,31.2,47.24,100.0,30.77,25,1,1,,1
한화솔루션 주식회사,한국표준과학연구원,46.17,31.2,47.24,100.0,16.67,25,1,1,,1
한화솔루션 주식회사,한국과학기술연구원,44.92,31.2,47.24,100.0,8.33,25,1,1,,1
한화솔루션 주식회사; 서울대학교,한국과학기술원,65.25,100.0,47.24,100.0,6.25,25,7,1,,1
한화솔루션 주식회사; 서울대학교,재단법인대구경북과학기술원,54.9,62.4,47.24,100.0,12.5,25,2,1,,1
한화솔루션 주식회사; 성균관대학교,현대자동차; 기아; 한국과학기술원,54.9,62.4,47.24,100.0,12.5,25,2,1,,1
한화솔루션 주식회사; 연세대학교,한국화학연구원,64.31,100.0,47.24,100.0,0.0,25,6,1,,1
한화시스템 주식회사,한국표준과학연구원,43.67,31.2,47.24,100.0,0.0,25,1,1,,1
한화시스템 주식회사; 연세대학교,한국표준과학연구원,54.7,62.4,47.24,100.0,11.11,25,2,1,,1
한화에어로스페이스 주식회사,한국기계연구원,66.14,93.6,47.24,100.0,25.0,25,3,1,,1
한화에어로스페이스 주식회사; 고려대학교,한국건설기술연구원,54.1,62.4,47.24,100.0,7.14,25,2,1,,1
한화에어로스페이스 주식회사; 고려대학교,한국전자통신연구원,46.67,31.2,47.24,100.0,20.0,25,1,1,,1
한화에어로스페이스 주식회사; 국립금오공과대학교,한국원자력연구원,47.0,31.2,47.24,100.0,22.22,25,1,1,,1
한화에어로스페이스 주식회사; 서울대학교,한국전자통신연구원,72.84,100.0,47.24,100.0,23.53,75,6,3,,1
한화에어로스페이스 주식회사; 서울대학교,한국과학기술연구원,45.81,31.2,47.24,100.0,14.29,25,1,1,,1
한화에어로스페이스 주식회사; 성균관대학교,한국과학기술원,73.68,100.0,47.24,100.0,12.5,100,13,7,,1
한화에어로스페이스 주식회사; 성균관대학교,한국표준과학연구원,72.64,100.0,47.24,100.0,22.22,75,5,3,,1
한화에어로스페이스 주식회사; 성균관대학교,한국기계연구원,72.6,100.0,47.24,100.0,5.26,100,10,5,,1
한화에어로스페이스 주식회사; 성균관대학교,광주과학기술원,67.04,100.0,47.24,100.0,18.18,25,4,1,,1
한화에어로스페이스 주식회사; 성균관대학교,한국과학기술연구원,44.82,31.2,47.24,100.0,7.69,25,1,1,,1
한화에어로스페이스 주식회사; 성균관대학교,재단법인 파동에너지 극한제어 연구단; 한국기계연구원,43.67,31.2,47.24,100.0,0.0,25,1,1,,1
한화에어로스페이스 주식회사; 재단법인서울대학교,한국과학기술연구원,54.53,62.4,47.24,100.0,10.0,25,2,1,,1
한화에어로스페이스 주식회사; 포항공과대학교,한국전자통신연구원,45.54,31.2,47.24,100.0,12.5,25,1,1,,1
한화에어로스페이스 주식회사; 한양대학교,한국과학기술원; 액셀레란디움 에이비,53.03,62.4,47.24,100.0,0.0,25,2,1,,1
한화엔진 주식회사,한국과학기술연구원,44.74,31.2,47.24,100.0,7.14,25,1,1,,1
한화오션 주식회사,한국원자력연구원,68.31,100.0,47.24,100.0,26.67,25,13,1,,1
한화오션 주식회사,국방과학연구소; 한국과학기술원,67.39,93.6,47.24,100.0,33.33,25,3,1,,1
한화오션 주식회사,한화오션; 한국과학기술원,66.14,93.6,47.24,100.0,25.0,25,3,1,,1
한화오션 주식회사,킹 압둘라 시티 포 어토믹 앤드 리뉴어블 에너지; 한국원자력연구원,65.39,93.6,47.24,100.0,20.0,25,3,1,,1
한화오션 주식회사; 서울대학교,한국해양과학기술원,53.03,62.4,47.24,100.0,0.0,25,2,1,,1
한화토탈에너지스 주식회사,한국화학연구원,74.54,100.0,47.24,100.0,18.18,100,13,5,,1
한화토탈에너지스 주식회사,한국에너지기술연구원,67.84,100.0,47.24,100.0,23.53,25,7,1,,1
한화토탈에너지스 주식회사,한국가스공사; 한국화학연구원,53.78,62.4,47.24,100.0,5.0,25,2,1,,1
한화토탈에너지스 주식회사,한국화학연구원;엔바이온,47.0,31.2,47.24,100.0,22.22,25,1,1,,1
한화토탈에너지스 주식회사,한국과학기술연구원,43.67,31.2,47.24,100.0,0.0,25,1,1,,1
한화토탈에너지스 주식회사; 단국대학교,한화토탈에너지스; 한국화학연구원,53.03,62.4,47.24,100.0,0.0,25,2,1,,1
함승호; 국립강릉원주대학교,한국원자력연구원,45.34,31.2,47.24,100.0,11.11,25,1,1,,1
함양군; 경성대학교,한국과학기술연구원,54.18,62.4,47.24,100.0,7.69,25,2,1,,1
함양군; 인제대학교,쓰리에프씨; 재단법인 전주농생명소재연구원; 한국식품연구원,46.4,31.2,47.24,100.0,18.18,25,1,1,,1
현대건설(주); 단국대학교,한국에너지기술연구원,65.25,100.0,47.24,100.0,6.25,25,5,1,,1
현대건설(주); 단국대학교,한국건설기술연구원,62.39,93.6,47.24,100.0,0.0,25,3,1,,1
현대엔지니어링 주식회사; 전남대학교,울산과학기술원,45.17,31.2,47.24,100.0,10.0,25,1,1,,1
현대오토에버 주식회사,한국건설기술연구원;산군,45.17,31.2,47.24,100.0,10.0,25,1,1,,1
현대자동차주식회사,한국화학연구원,75.56,100.0,47.24,100.0,25.0,100,7,5,,1
현대자동차주식회사,한국과학기술원,75.3,100.0,47.24,100.0,23.26,100,38,14,,1
현대자동차주식회사,한국과학기술연구원,74.41,100.0,47.24,100.0,17.31,100,31,13,,1
현대자동차주식회사,재단법인대구경북과학기술원,74.12,100.0,47.24,100.0,15.38,100,7,4,,1
현대자동차주식회사,한국에너지기술연구원,73.4,100.0,47.24,100.0,10.64,100,15,4,,1
현대자동차주식회사,현대자동차; 한국과학기술연구원,73.24,100.0,47.24,100.0,42.86,50,5,2,,1
현대자동차주식회사,현대자동차; 기아; 한국과학기술원,73.06,100.0,47.24,100.0,25.0,75,4,3,,1
현대자동차주식회사,한국기계연구원,72.84,100.0,47.24,100.0,6.9,100,5,4,,1
현대자동차주식회사,한국과학기술연구원; 재단법인 멀티스케일 에너지시스템 연구단,72.43,100.0,47.24,100.0,37.5,50,4,2,,1
현대자동차주식회사,현대자동차; 한국과학기술원,71.5,100.0,47.24,100.0,31.25,50,5,2,,1
현대자동차주식회사,울산과학기술원,70.92,100.0,47.24,100.0,10.71,75,4,3,,1
현대자동차주식회사,한국전자통신연구원,67.67,93.6,47.24,100.0,18.52,50,3,2,,1
현대자동차주식회사,이엠코어텍; 울산과학기술원,66.31,100.0,47.24,100.0,13.33,25,4,1,,1
현대자동차주식회사,현대자동차; 기아; 울산과학기술원,66.03,62.4,47.24,100.0,70.0,50,2,2,,1
현대자동차주식회사,울산과학기술원; 이엠코어텍,64.31,100.0,47.24,100.0,0.0,25,5,1,,1
현대자동차주식회사,한국과학기술연구원; 울산과학기술원,59.7,62.4,47.24,100.0,44.44,25,2,1,,1
현대자동차주식회사,한국표준과학연구원;피디솔루션,59.62,62.4,47.24,100.0,27.27,50,2,2,,1
현대자동차주식회사,한국표준과학연구원,58.03,62.4,47.24,100.0,33.33,25,2,1,,1
현대자동차주식회사,울산과학기술원; 한국과학기술원,54.92,31.2,47.24,100.0,75.0,25,1,1,,1
현대자동차주식회사,현대자동차; 기아; 한국과학기술연구원,53.03,62.4,47.24,100.0,0.0,25,2,1,,1
현대자동차주식회사,현대자동차; 기아; 한국화학연구원,53.03,62.4,47.24,100.0,0.0,25,2,1,,1
현대자동차주식회사,한국기계연구원;넥스트론,49.67,31.2,47.24,100.0,40.0,25,1,1,,1
현대자동차주식회사,현대자동차; 한국에너지기술연구원,49.67,31.2,47.24,100.0,40.0,25,1,1,,1
현대자동차주식회사,한국원자력연구원,45.54,31.2,47.24,100.0,12.5,25,1,1,,1
현대자동차주식회사,한국해양과학기술원,44.74,31.2,47.24,100.0,7.14,25,1,1,,1
현대자동차주식회사; 강남대학교,한솔테크닉스; 한국과학기술원,54.53,62.4,47.24,100.0,10.0,25,2,1,,1
현대자동차주식회사; 강남대학교,재단법인대구경북과학기술원,44.67,31.2,47.24,100.0,6.67,25,1,1,,1
현대자동차주식회사; 건국대학교,한국과학기술원,71.38,100.0,47.24,100.0,13.79,75,5,3,,1
현대자동차주식회사; 건국대학교,광주과학기술원;그린파워,59.7,62.4,47.24,100.0,44.44,25,2,1,,1
현대자동차주식회사; 건국대학교,한국전자통신연구원,56.78,62.4,47.24,100.0,25.0,25,2,1,,1
현대자동차주식회사; 경북대학교,울산과학기술원,53.03,62.4,47.24,100.0,0.0,25,2,1,,1
현대자동차주식회사; 경북대학교,한국과학기술원,53.03,62.4,47.24,100.0,0.0,25,2,1,,1
현대자동차주식회사; 국립순천대학교,한국과학기술연구원,59.46,62.4,47.24,100.0,42.86,25,2,1,,1
현대자동차주식회사; 국립순천대학교,현대자동차; 기아; 한국과학기술연구원,58.34,62.4,47.24,100.0,18.75,50,2,2,,1
현대자동차주식회사; 국민대학교,한국과학기술연구원,58.67,31.2,47.24,100.0,100.0,25,1,1,,1
현대자동차주식회사; 기아 주식회사; 건국대학교,재단법인대구경북과학기술원,63.39,93.6,47.24,100.0,6.67,25,3,1,,1
현대자동차주식회사; 기아 주식회사; 건국대학교,한국과학기술연구원,53.03,62.4,47.24,100.0,0.0,25,2,1,,1
현대자동차주식회사; 기아 주식회사; 경희대학교,한국원자력연구원,46.67,31.2,47.24,100.0,20.0,25,1,1,,1
현대자동차주식회사; 기아 주식회사; 경희대학교,한국에너지기술연구원,44.67,31.2,47.24,100.0,6.67,25,1,1,,1
현대자동차주식회사; 기아 주식회사; 고려대학교,한국기계연구원,65.56,100.0,47.24,100.0,8.33,25,5,1,,1
현대자동차주식회사; 기아 주식회사; 고려대학교,한국과학기술연구원,53.03,62.4,47.24,100.0,0.0,25,2,1,,1
현대자동차주식회사; 기아 주식회사; 고려대학교,한국화학연구원,53.03,62.4,47.24,100.0,0.0,25,2,1,,1
현대자동차주식회사; 기아 주식회사; 고려대학교,광주과학기술원,45.34,31.2,47.24,100.0,11.11,25,1,1,,1
현대자동차주식회사; 기아 주식회사; 국립한국교통대학교,한국과학기술원,56.78,62.4,47.24,100.0,25.0,25,2,1,,1
현대자동차주식회사; 기아 주식회사; 국민대학교,에버코트; 한국화학연구원,44.5,31.2,47.24,100.0,5.56,25,1,1,,1
현대자동차주식회사; 기아 주식회사; 명지대학교,한국생명공학연구원,56.36,62.4,47.24,100.0,22.22,25,2,1,,1
현대자동차주식회사; 기아 주식회사; 부산대학교,한국과학기술연구원,63.89,93.6,47.24,100.0,10.0,25,3,1,,1
현대자동차주식회사; 기아 주식회사; 부산대학교,현대자동차; 기아; 한국과학기술원,47.95,31.2,47.24,100.0,28.57,25,1,1,,1
현대자동차주식회사; 기아 주식회사; 서울대학교,한국과학기술원,57.2,62.4,47.24,100.0,11.11,50,2,2,,1
현대자동차주식회사; 기아 주식회사; 서울대학교,코렌스이엠; 울산과학기술원,56.36,62.4,47.24,100.0,22.22,25,2,1,,1
현대자동차주식회사; 기아 주식회사; 서울대학교,안랩; 한국서부발전; 한국전자통신연구원,56.03,62.4,47.24,100.0,20.0,25,2,1,,1
현대자동차주식회사; 기아 주식회사; 서울시립대학교,한국과학기술연구원,44.67,31.2,47.24,100.0,6.67,25,1,1,,1
현대자동차주식회사; 기아 주식회사; 성균관대학교,한국전자통신연구원,66.45,100.0,47.24,100.0,14.29,25,4,1,,1
현대자동차주식회사; 기아 주식회사; 성균관대학교,울산과학기술원,56.03,62.4,47.24,100.0,20.0,25,2,1,,1
현대자동차주식회사; 기아 주식회사; 성균관대학교,엔비에스티; 한국화학연구원,48.67,31.2,47.24,100.0,33.33,25,1,1,,1
현대자동차주식회사; 기아 주식회사; 성균관대학교,한국에너지기술연구원,48.36,31.2,47.24,100.0,31.25,25,1,1,,1
현대자동차주식회사; 기아 주식회사; 성균관대학교,한국화학연구원,47.2,31.2,47.24,100.0,23.53,25,1,1,,1
현대자동차주식회사; 기아 주식회사; 숙명여자대학교,재단법인대구경북과학기술원,47.76,31.2,47.24,100.0,27.27,25,1,1,,1
현대자동차주식회사; 기아 주식회사; 아주대학교,재단법인대구경북과학기술원,70.41,100.0,47.24,100.0,24.0,50,6,2,,1
현대자동차주식회사; 기아 주식회사; 아주대학교,한국과학기술연구원,46.17,31.2,47.24,100.0,16.67,25,1,1,,1
현대자동차주식회사; 기아 주식회사; 아주대학교,한국전자통신연구원,45.67,31.2,47.24,100.0,13.33,25,1,1,,1
현대자동차주식회사; 기아 주식회사; 연세대학교,한국에너지기술연구원,70.09,100.0,47.24,100.0,21.88,50,9,2,,1
현대자동차주식회사; 기아 주식회사; 연세대학교,한국전자통신연구원,62.39,93.6,47.24,100.0,0.0,25,3,1,,1
현대자동차주식회사; 기아 주식회사; 연세대학교,한국과학기술원,46.67,31.2,47.24,100.0,20.0,25,1,1,,1
현대자동차주식회사; 기아 주식회사; 이화여자대학교,한국전자통신연구원,59.48,62.4,47.24,100.0,26.32,50,2,2,,1
현대자동차주식회사; 기아 주식회사; 인천대학교,한국과학기술연구원,53.03,62.4,47.24,100.0,0.0,25,2,1,,1
현대자동차주식회사; 기아 주식회사; 인천대학교,현대자동차; 기아; 한국과학기술원,44.82,31.2,47.24,100.0,7.69,25,1,1,,1
현대자동차주식회사; 기아 주식회사; 인하대학교,한국화학연구원,64.06,93.6,47.24,100.0,11.11,25,3,1,,1
현대자동차주식회사; 기아 주식회사; 인하대학교,한국과학기술원;성일에스아이엠,54.39,62.4,47.24,100.0,9.09,25,2,1,,1
현대자동차주식회사; 기아 주식회사; 인하대학교,한국과학기술연구원,46.17,31.2,47.24,100.0,16.67,25,1,1,,1
현대자동차주식회사; 기아 주식회사; 인하대학교,광주과학기술원,45.34,31.2,47.24,100.0,11.11,25,1,1,,1
현대자동차주식회사; 기아 주식회사; 조선대학교,한국전자통신연구원,69.17,93.6,47.24,100.0,28.57,50,3,2,,1
현대자동차주식회사; 기아 주식회사; 포항공과대학교,한국과학기술원,68.24,100.0,47.24,100.0,9.52,50,5,2,,1
현대자동차주식회사; 기아 주식회사; 포항공과대학교,한국전자통신연구원,64.06,93.6,47.24,100.0,11.11,25,3,1,,1
현대자동차주식회사; 기아 주식회사; 포항공과대학교,한국과학기술연구원,62.39,93.6,47.24,100.0,0.0,25,3,1,,1
현대자동차주식회사; 기아 주식회사; 포항공과대학교,울산과학기술원,45.54,31.2,47.24,100.0,12.5,25,1,1,,1
현대자동차주식회사; 기아 주식회사; 한양대학교,한국전기연구원,76.31,100.0,47.24,100.0,30.0,100,10,4,,1
현대자동차주식회사; 기아 주식회사; 한양대학교,한국과학기술연구원,73.06,100.0,47.24,100.0,25.0,75,5,3,,1
현대자동차주식회사; 기아 주식회사; 한양대학교,한국전자통신연구원,69.49,100.0,47.24,100.0,17.86,50,4,2,,1
현대자동차주식회사; 기아 주식회사; 한양대학교,재단법인대구경북과학기술원,67.26,93.6,47.24,100.0,15.79,50,3,2,,1
현대자동차주식회사; 기아 주식회사; 한양대학교,한국건설기술연구원,53.03,62.4,47.24,100.0,0.0,25,2,1,,1
현대자동차주식회사; 기아 주식회사; 한양대학교,한국해양과학기술원,53.03,62.4,47.24,100.0,0.0,25,2,1,,1
현대자동차주식회사; 기아 주식회사; 한양대학교,현대자동차; 기아; 울산과학기술원,51.17,31.2,47.24,100.0,50.0,25,1,1,,1
현대자동차주식회사; 기아 주식회사; 한양대학교,한국화학연구원,50.49,31.2,47.24,100.0,45.45,25,1,1,,1
현대자동차주식회사; 기아 주식회사; 현대트랜시스 주식회사; 서울대학교,한국표준과학연구원; 대원정밀공업,45.03,31.2,47.24,100.0,9.09,25,1,1,,1
현대자동차주식회사; 명지대학교,한국에너지기술연구원,60.53,62.4,47.24,100.0,50.0,25,2,1,,1
현대자동차주식회사; 서강대학교,한국전자통신연구원,54.03,62.4,47.24,100.0,6.67,25,2,1,,1
현대자동차주식회사; 서강대학교,한국건설기술연구원,46.67,31.2,47.24,100.0,20.0,25,1,1,,1
현대자동차주식회사; 서울대학교,한국과학기술연구원,71.71,100.0,47.24,100.0,16.0,75,11,3,,1
현대자동차주식회사; 서울대학교,한국과학기술연구원; 재단법인 멀티스케일 에너지시스템 연구단,66.18,100.0,47.24,100.0,12.5,25,5,1,,1
현대자동차주식회사; 서울대학교,재단법인대구경북과학기술원,64.06,93.6,47.24,100.0,11.11,25,3,1,,1
현대자동차주식회사; 서울대학교,한국전자통신연구원,59.03,62.4,47.24,100.0,40.0,25,2,1,,1
현대자동차주식회사; 서울대학교,한국과학기술원,57.57,62.4,47.24,100.0,13.64,50,2,2,,1
현대자동차주식회사; 서울대학교,광주과학기술원,48.17,31.2,47.24,100.0,30.0,25,1,1,,1
현대자동차주식회사; 서울대학교,한국에너지기술연구원,45.03,31.2,47.24,100.0,9.09,25,1,1,,1
현대자동차주식회사; 서울대학교,한국과학기술연구원; 한국과학기술원,43.67,31.2,47.24,100.0,0.0,25,1,1,,1
현대자동차주식회사; 성균관대학교,한국기계연구원,57.53,62.4,47.24,100.0,30.0,25,2,1,,1
현대자동차주식회사; 세종대학교,현대자동차; 기아; 광주과학기술원,53.03,62.4,47.24,100.0,0.0,25,2,1,,1
현대자동차주식회사; 숭실대학교,현대자동차; 기아; 한국과학기술원,51.17,31.2,47.24,100.0,50.0,25,1,1,,1
현대자동차주식회사; 숭실대학교,한국과학기술연구원,48.67,31.2,47.24,100.0,33.33,25,1,1,,1
현대자동차주식회사; 숭실대학교,한국과학기술원,47.95,31.2,47.24,100.0,28.57,25,1,1,,1
현대자동차주식회사; 아주대학교,한국과학기술원,66.81,100.0,47.24,100.0,16.67,25,4,1,,1
현대자동차주식회사; 연세대학교,한국과학기술연구원,68.06,100.0,47.24,100.0,25.0,25,4,1,,1
현대자동차주식회사; 연세대학교,재단법인대구경북과학기술원,47.42,31.2,47.24,100.0,25.0,25,1,1,,1
현대자동차주식회사; 울산과학기술원,한국과학기술원,45.54,31.2,47.24,100.0,12.5,25,1,1,,1
현대자동차주식회사; 인하대학교,한국에너지기술연구원,54.53,62.4,47.24,100.0,10.0,25,2,1,,1
현대자동차주식회사; 인하대학교,한국화학연구원,53.03,62.4,47.24,100.0,0.0,25,2,1,,1
현대자동차주식회사; 전남대학교,한국원자력연구원,47.0,31.2,47.24,100.0,22.22,25,1,1,,1
현대자동차주식회사; 포항공과대학교,울산과학기술원,47.42,31.2,47.24,100.0,25.0,25,1,1,,1
현대자동차주식회사; 포항공과대학교,한국과학기술연구원,47.42,31.2,47.24,100.0,25.0,25,1,1,,1
현대자동차주식회사; 포항공과대학교,한국화학연구원,45.03,31.2,47.24,100.0,9.09,25,1,1,,1
현대자동차주식회사; 한양대학교,한국과학기술연구원,67.81,100.0,47.24,100.0,6.67,50,5,2,,1
현대자동차주식회사; 한양대학교,한국해양과학기술원,67.26,93.6,47.24,100.0,15.79,50,3,2,,1
현대자동차주식회사; 한양대학교,한국에너지기술연구원,65.96,93.6,47.24,100.0,7.14,50,3,2,,1
현대자동차주식회사; 한양대학교,한국전자통신연구원,53.03,62.4,47.24,100.0,0.0,25,2,1,,1
현대자동차주식회사; 한양대학교,현대자동차; 기아; 울산과학기술원,51.17,31.2,47.24,100.0,50.0,25,1,1,,1
현대자동차주식회사; 한양대학교,현대자동차; 기아; 한국과학기술원,46.67,31.2,47.24,100.0,20.0,25,1,1,,1
현대자동차주식회사; 한양대학교,한국과학기술연구원; 한국과학기술원,45.03,31.2,47.24,100.0,9.09,25,1,1,,1
현대자동차주식회사; 한양대학교 에리카,한국기계연구원,56.03,62.4,47.24,100.0,20.0,25,2,1,,1
현대자동차주식회사; 한양대학교 에리카,에버코트; 한국화학연구원,55.68,62.4,47.24,100.0,17.65,25,2,1,,1
현대제철 주식회사,한국기계연구원,67.39,93.6,47.24,100.0,33.33,25,3,1,,1
현대제철 주식회사; 현대건설(주); 울산과학기술원,울산과학기술원,46.17,31.2,47.24,100.0,16.67,25,1,1,,1
현대하이스코 주식회사; 부산대학교,한국기계연구원,47.76,31.2,47.24,100.0,27.27,25,1,1,,1
호남대학교,재단법인대구경북과학기술원,72.04,100.0,47.24,100.0,18.18,75,4,3,,1
호남대학교,한국과학기술연구원,71.74,100.0,47.24,100.0,16.22,75,4,3,,1
호남대학교,한국전자통신연구원,70.12,100.0,47.24,100.0,5.41,75,7,3,,1
호남대학교,한국건설기술연구원,66.14,93.6,47.24,100.0,25.0,25,3,1,,1
호서대학교,한국건설기술연구원,75.23,100.0,47.24,100.0,22.81,100,5,4,,1
호서대학교,한국식품연구원,75.02,100.0,47.24,100.0,21.43,100,11,5,,1
호서대학교,한국과학기술연구원,74.1,100.0,47.24,100.0,15.29,100,18,9,,1
호서대학교,한국해양과학기술원,73.98,100.0,47.24,100.0,14.46,100,22,7,,1
호서대학교,한국전자통신연구원,73.31,100.0,47.24,100.0,10.0,100,15,8,,1
호서대학교,한국화학연구원,72.38,100.0,47.24,100.0,20.45,75,4,3,,1
호서대학교,한국과학기술원,71.98,100.0,47.24,100.0,17.78,75,6,3,,1
호서대학교,울산과학기술원,71.73,100.0,47.24,100.0,16.13,75,6,3,,1
호서대학교,광주과학기술원,71.56,100.0,47.24,100.0,15.0,75,9,3,,1
호서대학교,재단법인대구경북과학기술원,71.07,100.0,47.24,100.0,11.76,75,5,3,,1
호서대학교,한국에너지기술연구원,68.81,100.0,47.24,100.0,13.33,50,8,2,,1
호서대학교,맥테크놀로지; 한국건설기술연구원,68.03,62.4,47.24,100.0,100.0,25,2,1,,1
호서대학교,한국기계연구원,67.64,100.0,47.24,100.0,5.56,50,4,2,,1
호서대학교,한국생명공학연구원,67.46,100.0,47.24,100.0,4.35,50,4,2,,1
호서대학교,한국과학기술연구원; 사회복지법인 삼성생명공익재단,65.12,93.6,47.24,100.0,18.18,25,3,1,,1
호서대학교,한국원자력연구원; 한국전자통신연구원,62.39,93.6,47.24,100.0,0.0,25,3,1,,1
호서대학교,에스투더블유; 한국과학기술원,56.78,62.4,47.24,100.0,25.0,25,2,1,,1
호서대학교,한국건설기술연구원; 영인산업;에이치에스산업,53.67,31.2,47.24,100.0,66.67,25,1,1,,1
호서대학교,울산과학기술원; 수퍼빈,46.67,31.2,47.24,100.0,20.0,25,1,1,,1
호원대학교,한국건설기술연구원,68.82,93.6,47.24,100.0,42.86,25,3,1,,1
호전실업 주식회사; 서울대학교,한국전자통신연구원,54.7,62.4,47.24,100.0,11.11,25,2,1,,1
홍영근; 정한균; 수원대학교,한국화학연구원,43.67,31.2,47.24,100.0,0.0,25,1,1,,1
홍익대학교,재단법인대구경북과학기술원,75.56,100.0,47.24,100.0,25.0,100,11,6,,1
홍익대학교,광주과학기술원,74.71,100.0,47.24,100.0,19.35,100,4,4,,1
홍익대학교,한국과학기술원,74.56,100.0,47.24,100.0,18.31,100,34,18,,1
홍익대학교,한국표준과학연구원,74.31,100.0,47.24,100.0,50.0,50,5,2,,1
홍익대학교,울산과학기술원,74.02,100.0,47.24,100.0,14.71,100,15,6,,1
홍익대학교,한국에너지기술연구원,73.92,100.0,47.24,100.0,14.06,100,50,7,,1
홍익대학교,한국과학기술연구원,73.83,100.0,47.24,100.0,13.45,100,22,13,,1
홍익대학교,한국기계연구원,73.77,100.0,47.24,100.0,13.04,100,11,7,,1
홍익대학교,한국전자통신연구원,73.63,100.0,47.24,100.0,12.14,100,40,20,,1
홍익대학교,한국화학연구원,71.68,100.0,47.24,100.0,15.79,75,9,3,,1
홍익대학교,한국전자통신연구원; 한국과학기술원,67.2,93.6,47.24,100.0,15.38,50,3,2,,1
홍익대학교,한국전자통신연구원;시스기어,66.14,93.6,47.24,100.0,25.0,25,3,1,,1
홍익대학교,한국건설기술연구원,64.53,93.6,47.24,100.0,14.29,25,3,1,,1
홍익대학교,아모센스; 한국과학기술원,58.53,62.4,47.24,100.0,20.0,50,2,2,,1
홍익대학교,삼성전자; 한국과학기술원,56.89,62.4,47.24,100.0,9.09,50,2,2,,1
홍익대학교,엘지전자; 한국과학기술원,54.7,62.4,47.24,100.0,11.11,25,2,1,,1
홍익대학교,셀레스트라; 울산과학기술원,53.03,62.4,47.24,100.0,0.0,25,2,1,,1
홍익대학교,알앤에스랩; 울산과학기술원,49.67,31.2,47.24,100.0,40.0,25,1,1,,1
홍익대학교,울산과학기술원;지엔오션;지엔테크놀로지스,49.67,31.2,47.24,100.0,40.0,25,1,1,,1
홍익대학교,한국전기연구원,46.67,31.2,47.24,100.0,20.0,25,1,1,,1
홍익대학교,한국해양과학기술원,46.67,31.2,47.24,100.0,20.0,25,1,1,,1
홍익대학교,국방과학연구소; 광주과학기술원,46.17,31.2,47.24,100.0,16.67,25,1,1,,1
홍익대학교,한국지질자원연구원,44.38,31.2,47.24,100.0,4.76,25,1,1,,1
홍익대학교,재단법인 파동에너지 극한제어 연구단; 한국기계연구원,43.67,31.2,47.24,100.0,0.0,25,1,1,,1
홍익대학교,한국건설기술연구원;신우엔지니어링;베이시스소프트,43.67,31.2,47.24,100.0,0.0,25,1,1,,1
홍익대학교세종캠퍼스,울산과학기술원,67.13,93.6,47.24,100.0,31.58,25,3,1,,1
홍익대학교세종캠퍼스,한국건설기술연구원,63.89,93.6,47.24,100.0,10.0,25,3,1,,1
홍익대학교세종캠퍼스,한국전자통신연구원,54.9,62.4,47.24,100.0,12.5,25,2,1,,1
홍익대학교세종캠퍼스,한국과학기술원,53.03,62.4,47.24,100.0,0.0,25,2,1,,1
홍익대학교세종캠퍼스,한국과학기술연구원,44.67,31.2,47.24,100.0,6.67,25,1,1,,1
화인인스트루먼트 (주),한국기계연구원,47.95,31.2,47.24,100.0,28.57,25,1,1,,1
황 지 환; 연세대학교,한국식품연구원,45.34,31.2,47.24,100.0,11.11,25,1,1,,1
효림이엔아이 주식회사; 광운대학교,한국건설기술연구원,63.22,93.6,47.24,100.0,5.56,25,3,1,,1
효림이엔아이 주식회사; 포항공과대학교,한국전자통신연구원,62.39,93.6,47.24,100.0,0.0,25,3,1,,1
효림이엔아이 주식회사; 포항공과대학교,한국에너지기술연구원,55.53,62.4,47.24,100.0,16.67,25,2,1,,1
효림이엔아이 주식회사; 포항공과대학교,한국과학기술연구원,54.7,62.4,47.24,100.0,11.11,25,2,1,,1
효성중공업 주식회사; 한양대학교,한국전기연구원,47.42,31.2,47.24,100.0,25.0,25,1,1,,1
효성티앤에스 주식회사; 연세대학교,한국건설기술연구원,54.1,62.4,47.24,100.0,7.14,25,2,1,,1
훌루테크 주식회사,훌루테크; 한국기계연구원,69.06,93.6,47.24,100.0,44.44,25,3,1,,1
